Project_ID,Infrastructure_Sector,State,Land_Area_Hectares,Affected_Families_Count,Sec4_to_Sec19_Days,Pending_InterDept_NOCs,Compensation_Disbursed_Pct,Pending_Court_Cases,Rehabilitation_Progress_Pct,Stakeholder_Responsiveness_Score,RealWorld_Months_Delayed,Project_Risk_Classification,Acquisition_Complexity_Score,Legal_Risk_Score,Compensation_Risk_Score,Social_Resistance_Score,Administrative_Delay_Score,Overall_Project_Risk_Score
LA-INFR-00000,Dedicated Freight Corridor,Gujarat,768.52,135,247,4,44.82,2,43.14,3.1,70.6,Critical Risk,79.58162660462541,20.590661338190372,42.77222081983853,59.31264098507539,52.854335273483464,48.0607705745835
LA-INFR-00001,Urban Metro Rail,Gujarat,98.29,165,260,2,35.13,4,40.59,8.6,56.7,High Risk,62.44842359492253,30.80951180695996,49.377435878209965,17.138853913114264,40.38354630041735,40.434423562788055
LA-INFR-00002,National Highway,Maharashtra,242.43,136,234,2,28.11,8,84.36,4.5,66.7,Critical Risk,67.45725036986425,54.89841407388909,54.6240827630885,44.67014644465292,38.53161304899036,49.21898907037987
LA-INFR-00003,Irrigation Dam & Reservoir,Bihar,286.92,128,264,0,95.24,4,35.43,4.3,48.3,High Risk,75.06996135131762,31.20198213163755,7.049103864604118,52.58366444413332,31.975558113932518,38.1291782870786
LA-INFR-00004,Irrigation Dam & Reservoir,Maharashtra,558.79,165,60,0,45.48,2,17.01,8.0,5.1,Low Risk,79.67279799022619,19.712039635196824,43.01058795409616,22.88106059121526,0.9972384890116617,32.8542200276597
LA-INFR-00005,Industrial Corridor,Gujarat,272.27,148,227,3,87.86,3,81.51,3.8,48.3,High Risk,80.66433900033692,24.072912107152053,9.383903768764938,55.49727161556061,46.41886138521714,42.51257027614814
LA-INFR-00006,Irrigation Dam & Reservoir,Bihar,90.27,150,259,3,78.76,2,70.7,7.1,23.4,Medium Risk,64.097745000518,18.265554332934958,20.326988025506708,22.991703842695017,49.38805270791005,34.93236071193467
LA-INFR-00007,Irrigation Dam & Reservoir,Odisha,25.0,128,211,4,21.99,1,47.26,8.8,18.0,Medium Risk,57.19058586069122,9.214132513618118,60.119510806276374,11.945832716261707,49.54958036840276,39.47505069727532
LA-INFR-00008,Urban Metro Rail,Tamil Nadu,280.87,133,208,1,30.37,4,44.26,6.3,43.9,High Risk,74.95953500451071,32.04440667458576,52.74952746076386,35.630921845983124,32.204982368868954,47.21554950775822
LA-INFR-00009,Industrial Corridor,Bihar,109.72,165,309,3,42.71,1,45.98,8.4,45.6,High Risk,69.96796725391158,8.313606216974152,46.71903289708891,11.650652979240675,59.64418176117718,40.33292368010631
LA-INFR-00010,National Highway,Bihar,216.53,176,279,0,28.18,1,12.86,9.3,25.6,Medium Risk,66.33426874577931,10.986911073408308,55.81617288446009,10.676470631194357,36.279181668124785,35.41709203988348
LA-INFR-00011,Dedicated Freight Corridor,Uttar Pradesh,86.4,137,191,3,23.23,2,17.26,8.9,39.2,High Risk,67.34643525367674,16.791022367524704,57.12789485808779,16.794593719998453,38.22553114920296,38.84818787122471
LA-INFR-00012,National Highway,Uttar Pradesh,283.13,139,300,0,38.95,5,86.27,9.2,40.4,High Risk,68.67382572386126,32.24717484869887,46.99284154346423,9.953713583614235,38.41590515529683,37.935321808056194
LA-INFR-00013,Irrigation Dam & Reservoir,Tamil Nadu,32.85,170,176,1,87.75,2,96.54,3.0,27.6,Medium Risk,62.811689018693514,11.600564051631288,11.612814301064402,61.169035859091565,24.586926999804316,30.87658564315626
LA-INFR-00014,Dedicated Freight Corridor,Odisha,50.0,143,312,2,36.39,1,79.89,8.0,21.1,Medium Risk,63.93622859764432,9.290969175439454,53.33480307583201,19.153055075447078,53.67522013104445,38.17396944194303
LA-INFR-00015,National Highway,Maharashtra,309.61,146,233,1,22.39,0,12.48,6.1,21.3,Medium Risk,70.80193733035073,7.847284263823549,56.13495770548196,33.903245110897224,32.393351636253726,39.062494334347676
LA-INFR-00016,Dedicated Freight Corridor,Tamil Nadu,118.42,123,184,3,71.61,6,51.16,4.3,64.2,Critical Risk,64.08698106866251,42.40552839907126,22.572923979118244,49.83808948513,37.90724705935574,40.66372879142872
LA-INFR-00017,Irrigation Dam & Reservoir,Odisha,96.15,157,286,4,61.55,1,97.65,8.3,42.0,High Risk,64.53645732942192,5.983954224596135,31.228274400144535,19.07742063303032,58.17386139652522,37.13612373916736
LA-INFR-00018,Industrial Corridor,Gujarat,88.67,163,233,4,87.18,2,74.02,4.5,48.5,High Risk,66.06919573919723,16.805709868251373,14.814495091267291,48.00126071707196,52.82932707063709,39.305913987646775
LA-INFR-00019,National Highway,West Bengal,160.04,145,227,2,46.37,0,16.88,7.3,26.5,Medium Risk,67.45505346451696,4.269646927134252,41.37553476602553,24.711046188473574,39.3801477001387,36.4259037931232
LA-INFR-00020,Irrigation Dam & Reservoir,Tamil Nadu,180.76,160,274,0,91.34,1,90.59,8.2,1.0,Low Risk,67.93278813026004,8.122053449576912,8.972861621559737,18.665534633013998,33.285234489707264,25.13000262183577
LA-INFR-00021,Dedicated Freight Corridor,Maharashtra,212.01,139,243,2,68.18,1,74.25,5.0,23.0,Medium Risk,73.9354907984544,5.784970972041837,26.20393834644617,45.67167921966552,42.43070799290894,34.60474722861125
LA-INFR-00022,Urban Metro Rail,Gujarat,278.84,129,228,2,30.54,3,50.55,9.6,24.8,Medium Risk,79.0195429280505,24.04691560430652,52.422093810233534,5.79522690184152,41.026201382007606,40.39116303662306
LA-INFR-00023,Dedicated Freight Corridor,Maharashtra,88.65,165,215,2,23.79,0,56.2,6.7,29.0,Medium Risk,65.70392372929763,4.354222691077273,58.64599973408265,33.23506603966726,37.46503318730329,37.79025680359052
LA-INFR-00024,Irrigation Dam & Reservoir,West Bengal,25.0,154,240,4,86.86,2,57.5,4.0,58.4,High Risk,59.63796883867776,14.80077867966233,10.263999170576938,53.21870214504792,52.9345432090275,39.598001762816374
LA-INFR-00025,Irrigation Dam & Reservoir,Gujarat,84.56,129,280,1,79.92,6,13.14,7.2,64.0,Critical Risk,64.49225771168668,45.65938114872999,17.362736709228482,26.761484256700477,41.84164240498908,41.30959149934932
LA-INFR-00026,Dedicated Freight Corridor,Bihar,174.06,131,166,3,66.64,2,29.49,7.8,10.9,Low Risk,68.83428492130446,19.995938162657296,25.97184289835061,20.397837929192796,32.86224122440831,29.824677070201844
LA-INFR-00027,Dedicated Freight Corridor,West Bengal,191.63,150,259,1,98.51,3,24.04,6.0,31.0,High Risk,71.31221242219722,27.46244662108164,7.818615097872955,36.36940556403282,37.306764866812266,30.527603111337328
LA-INFR-00028,National Highway,Gujarat,415.46,150,272,0,21.54,1,35.73,7.4,22.4,Medium Risk,73.82837662057777,12.865673559955802,59.43030444894216,25.236944396995156,33.33701609492818,42.17711973881006
LA-INFR-00029,National Highway,Odisha,376.48,133,116,1,84.1,4,54.63,8.9,7.3,Low Risk,64.70412925525014,31.80745100614812,13.849719810240394,11.39999111213114,17.518241939269316,29.109625977988348
LA-INFR-00030,Industrial Corridor,Bihar,137.81,128,247,4,46.52,3,45.42,8.2,48.2,High Risk,68.90722232147755,24.838282510327602,40.667949240550215,21.143228516354668,52.92640337067838,35.50034244750241
LA-INFR-00031,Irrigation Dam & Reservoir,Odisha,25.0,166,337,0,71.93,4,58.26,7.5,51.6,High Risk,58.58024203546464,33.139561803030574,24.115057688345395,22.508044654643765,40.91559247570832,34.79011529455181
LA-INFR-00032,Dedicated Freight Corridor,West Bengal,150.69,161,200,2,57.75,4,83.28,5.2,44.8,High Risk,71.64006781750417,27.37996483466142,34.047135347846464,42.43216173482062,32.814360655631376,40.29618402192587
LA-INFR-00033,Dedicated Freight Corridor,Maharashtra,416.81,145,221,2,27.3,2,67.46,10.0,30.8,High Risk,76.29308128824786,13.008766159745157,53.553777506127815,3.9878432272028865,38.8615975211912,34.91302464549899
LA-INFR-00034,National Highway,Maharashtra,24.08,139,298,3,35.91,4,44.44,9.5,57.5,High Risk,54.722013614030445,31.535782947297783,50.3746989788175,9.970823305678207,52.92884946840323,40.442501270390494
LA-INFR-00035,Dedicated Freight Corridor,West Bengal,129.85,172,267,3,28.07,4,19.84,6.7,69.3,Critical Risk,69.15938523997214,31.994192146611798,55.87429717118861,31.614039141069263,51.694387336708736,46.85156372570444
LA-INFR-00036,Industrial Corridor,Odisha,311.53,154,249,3,77.8,1,84.21,7.3,9.8,Low Risk,75.52864283231696,9.513338407282543,20.04775303800862,24.283422452155776,46.950128617220884,35.05472457838632
LA-INFR-00037,Urban Metro Rail,Maharashtra,142.09,141,226,0,40.03,2,98.92,6.4,8.7,Low Risk,70.72381815944975,12.783572987263973,45.49687012673286,34.39141310474187,22.894249723140167,36.68627142144855
LA-INFR-00038,Industrial Corridor,Uttar Pradesh,564.39,138,266,1,92.89,2,27.33,6.2,24.6,Medium Risk,77.54947433926084,23.615684387142956,4.192152274216467,33.947508516577464,37.55298063824614,38.575385850889056
LA-INFR-00039,National Highway,Tamil Nadu,474.36,147,143,1,88.08,7,88.49,3.0,62.6,Critical Risk,68.90191805274497,44.87137686931292,11.588970265318718,61.58349922170785,20.646660919549987,39.27583692065493
LA-INFR-00040,Industrial Corridor,Uttar Pradesh,684.92,140,318,3,78.36,1,73.12,8.4,19.1,Medium Risk,81.12435474837888,10.472847180325248,18.56040619487857,18.747155716067184,58.04770059724855,36.31075720079954
LA-INFR-00041,Dedicated Freight Corridor,Gujarat,225.85,145,175,0,32.48,2,90.71,6.4,3.9,Low Risk,71.19245527826968,10.03257884750941,53.92276889810377,32.94058415021866,19.137776278241212,37.08040498904689
LA-INFR-00042,National Highway,Bihar,37.44,150,149,3,69.47,4,26.69,9.5,31.6,High Risk,54.30454561292478,32.95154448858982,24.064064375791617,5.687036038608598,36.31132437430356,29.870570550689607
LA-INFR-00043,Urban Metro Rail,Maharashtra,12.73,147,154,0,90.79,4,14.23,9.7,11.0,Low Risk,55.925117140334706,33.1179223501265,8.740079106724975,6.237117326272623,13.995379588636546,26.297987785011955
LA-INFR-00044,National Highway,Odisha,20.0,147,178,1,32.49,0,71.44,7.1,2.3,Low Risk,53.306507940883904,3.7947370591208234,52.01465031030671,28.64861440127903,24.590860743538276,30.96850742635995
LA-INFR-00045,Industrial Corridor,Odisha,162.17,147,234,2,87.7,3,49.09,6.3,24.7,Medium Risk,71.79494629364866,26.545362915789635,13.2188120543031,34.47139168242215,42.55957306325435,37.028994100791884
LA-INFR-00046,Industrial Corridor,Gujarat,421.26,141,272,2,57.4,0,51.02,9.3,28.8,Medium Risk,78.14248794829187,4.788318964289294,34.23296064120941,9.8434257744598,49.13295874382629,34.8875650832359
LA-INFR-00047,Irrigation Dam & Reservoir,Bihar,450.23,170,215,2,60.8,5,33.48,8.7,58.2,High Risk,80.10297820603336,37.14143714631179,33.21865251581014,16.39787508482589,36.391497404175624,43.46228986809138
LA-INFR-00048,Industrial Corridor,Bihar,130.26,151,164,4,25.42,2,29.06,6.5,50.9,High Risk,73.40086238987907,17.740885286594988,58.332858728405625,31.558076766746634,40.83841576299918,43.38234471255344
LA-INFR-00049,National Highway,Odisha,960.61,139,262,2,41.41,2,93.61,7.9,18.1,Medium Risk,78.68497354505935,12.89841452018882,43.88869838404492,23.608722724165442,46.66368600046776,40.29385370811674
LA-INFR-00050,Urban Metro Rail,West Bengal,216.86,154,163,0,57.09,1,38.17,5.0,18.9,Medium Risk,74.97431709631694,9.388320437586888,37.39172345894478,41.42849808246173,14.084835279203219,35.066136641590084
LA-INFR-00051,Irrigation Dam & Reservoir,Tamil Nadu,418.88,155,256,0,57.36,2,63.83,7.4,25.2,Medium Risk,79.90973669877744,19.501209591837075,33.024877869435734,22.853429501898948,28.574310597468607,34.96005689781982
LA-INFR-00052,Irrigation Dam & Reservoir,Odisha,59.16,141,203,4,41.13,1,38.86,8.5,31.8,High Risk,63.630826220811166,13.388053649746851,46.33558632973046,17.818897519520654,45.23571810109613,34.88027168200901
LA-INFR-00053,National Highway,Uttar Pradesh,125.8,150,241,0,46.87,6,16.11,8.4,56.8,High Risk,62.145512267611785,44.97344663759344,42.0017251293788,17.075816130906166,33.94546028300653,42.28416561677867
LA-INFR-00054,Irrigation Dam & Reservoir,Tamil Nadu,122.45,145,225,1,57.48,3,98.3,4.9,31.8,High Risk,70.75952114954815,21.888435943995766,37.06551933643671,43.624433090368534,29.61318514609492,40.033968717896535
LA-INFR-00055,Dedicated Freight Corridor,Bihar,234.07,144,207,3,58.14,5,58.85,8.5,41.6,High Risk,72.07752723103334,35.381752108289774,38.819906514046416,15.938764699782725,45.04564389255439,40.89858529376119
LA-INFR-00056,Urban Metro Rail,Gujarat,221.77,136,326,1,78.29,3,21.53,9.8,27.2,Medium Risk,71.0276622299,26.979743466762173,20.489437621089515,8.978905239774086,50.5957578914544,35.061138272671485
LA-INFR-00057,National Highway,Tamil Nadu,628.23,140,266,3,24.43,2,29.28,3.8,63.5,Critical Risk,74.22124944557918,14.509581755759186,57.885667302791866,51.97038989971212,49.89381398975813,49.192486821404025
LA-INFR-00058,Industrial Corridor,Odisha,20.0,144,274,1,52.7,4,29.44,6.0,59.6,High Risk,55.82991997887839,31.704794744463854,37.91703356633785,36.12340894363958,39.319197489065246,40.5728569258419
LA-INFR-00059,Dedicated Freight Corridor,Maharashtra,50.0,162,228,3,66.63,3,33.96,5.2,68.6,Critical Risk,63.29811422350975,25.959798642662403,27.823293014495373,38.829065303264706,43.588775831787345,41.142388188374255
LA-INFR-00060,Irrigation Dam & Reservoir,West Bengal,303.02,166,280,0,24.95,2,25.92,4.7,62.3,Critical Risk,76.673740502742,22.65921875688343,57.63736114725536,45.56493290774285,34.56781939727579,48.714717280312385
LA-INFR-00061,National Highway,Tamil Nadu,137.63,142,256,4,65.72,4,69.24,9.6,35.0,High Risk,63.69013233050138,28.697854544857336,27.07929923856628,6.286852441344033,54.16936724348648,34.69262196168587
LA-INFR-00062,Industrial Corridor,Maharashtra,156.05,144,177,1,74.09,3,78.46,3.4,33.4,High Risk,73.25535462602627,23.82503676589289,23.56740193143051,58.83352555188565,24.026305439448727,41.090773888538735
LA-INFR-00063,Industrial Corridor,Tamil Nadu,66.78,162,251,2,79.67,0,63.93,8.5,8.4,Low Risk,66.56909205644325,2.35909896888927,21.38194213022707,16.44119901576405,38.99061951319033,26.581480621604214
LA-INFR-00064,National Highway,Bihar,25.68,144,283,0,39.45,4,92.44,6.9,34.3,High Risk,53.861278270913864,25.24304677424092,48.34574013482521,27.754527281092248,34.63620712243593,33.29339694470416
LA-INFR-00065,Irrigation Dam & Reservoir,West Bengal,25.0,165,200,2,92.74,2,84.08,3.2,27.2,Medium Risk,57.40182530654952,13.886250671715436,8.110704841254972,63.1068177137296,30.9085710002898,34.12049570496276
LA-INFR-00066,Irrigation Dam & Reservoir,Gujarat,56.47,142,239,3,92.08,4,85.2,7.8,20.4,Medium Risk,61.03692839969377,26.59010697471635,10.046187504463552,22.021920378221292,47.692894800383236,31.68697509674201
LA-INFR-00067,Industrial Corridor,Tamil Nadu,21.98,155,291,2,51.73,2,78.13,3.7,55.1,High Risk,60.27358619591969,11.43933207450062,38.83367208188152,54.40444995174534,46.1205994759215,44.62130278656569
LA-INFR-00068,Industrial Corridor,Uttar Pradesh,172.55,157,215,2,49.68,2,45.57,6.2,44.3,High Risk,73.32925810010451,15.505061885656886,41.626924770783646,34.19878642659596,38.30370379766221,40.227822131715165
LA-INFR-00069,Urban Metro Rail,Uttar Pradesh,34.97,166,318,2,23.64,3,71.5,9.9,44.1,High Risk,62.00912689094361,22.034799339527684,62.278803581824114,5.075273691161939,49.75193915999897,41.56310936643493
LA-INFR-00070,Dedicated Freight Corridor,Gujarat,50.0,143,211,0,80.99,0,90.73,6.8,5.0,Low Risk,61.75500724728303,0.0,17.815894365097513,30.622183128268116,24.57612061307711,25.49222886770563
LA-INFR-00071,Irrigation Dam & Reservoir,Maharashtra,226.1,179,231,2,31.06,3,24.73,5.8,62.9,Critical Risk,75.23879531476979,26.53965564440734,54.83839979986964,36.281792605353566,43.02317131064245,43.61856559826746
LA-INFR-00072,Dedicated Freight Corridor,Maharashtra,474.13,176,206,4,77.28,0,23.19,5.2,38.8,High Risk,80.20252006017188,7.119150529770363,20.848365233513046,41.704262003813845,45.61932924603212,37.92092351837398
LA-INFR-00073,National Highway,West Bengal,20.0,151,386,1,61.09,3,87.43,5.8,61.8,Critical Risk,51.975624481395755,24.924702114517576,33.26802699611072,37.090539389039996,54.378578781342576,37.868552470266465
LA-INFR-00074,Industrial Corridor,Maharashtra,20.0,146,185,1,86.78,5,99.58,4.3,35.9,High Risk,55.17499994712644,32.126726969674614,10.681416454659907,51.13407266108623,26.139072297445537,33.185810012274494
LA-INFR-00075,Dedicated Freight Corridor,Maharashtra,50.0,159,246,3,65.63,1,81.86,6.7,37.6,High Risk,63.773345620124616,4.347526012607789,25.74150080658778,30.118493326475605,49.5391665348419,31.69106591772274
LA-INFR-00076,Industrial Corridor,Bihar,145.86,149,258,0,25.0,2,34.98,7.3,27.8,Medium Risk,72.42736477092734,16.10470699284199,59.66116431144587,27.159927639609325,30.00160487109247,39.09253393385479
LA-INFR-00077,Dedicated Freight Corridor,Gujarat,518.2,124,264,3,67.37,2,70.15,9.9,19.8,Medium Risk,79.41487890417558,13.825539196473487,28.20813651823399,2.2638212145475345,49.33351425732564,30.680276852144065
LA-INFR-00078,Urban Metro Rail,Uttar Pradesh,10.0,145,204,2,23.05,3,48.22,3.3,57.7,High Risk,49.67539572051443,22.56095081040059,62.5323314654185,58.16328123993951,34.104961229527625,42.388546752173504
LA-INFR-00079,Dedicated Freight Corridor,Tamil Nadu,156.43,129,297,0,60.13,1,11.73,9.7,15.1,Medium Risk,71.66987609987319,15.04124752165044,32.973128663128165,6.737814344039519,37.60072734503063,35.528082790850455
LA-INFR-00080,Industrial Corridor,Odisha,151.69,140,295,1,38.12,2,46.34,5.8,36.8,High Risk,71.25227009805246,16.433649003065977,50.01576139187268,36.58919292713119,43.81359164888902,44.18356600436555
LA-INFR-00081,Industrial Corridor,Tamil Nadu,133.87,142,202,1,65.25,4,63.26,5.2,34.6,High Risk,69.54568273863718,25.9805223561865,27.361969215858878,42.532725167202884,28.520876323946734,37.064050260702565
LA-INFR-00082,National Highway,Gujarat,116.31,139,252,2,59.68,5,16.24,6.7,58.2,High Risk,64.59704442279515,39.68590890666825,34.03830472919569,31.15943525134775,43.61420866349952,45.410444014345664
LA-INFR-00083,Industrial Corridor,Uttar Pradesh,216.12,157,266,0,49.95,6,57.42,5.7,69.3,Critical Risk,72.06472453024432,45.05614238528853,38.77664085815554,38.306525870224796,36.03438315037004,46.10111265324583
LA-INFR-00084,Dedicated Freight Corridor,Odisha,541.39,136,196,1,83.98,1,17.82,4.0,21.1,Medium Risk,79.83097473067848,13.002955615386451,15.571504928764082,50.532143227376274,28.78205377573642,35.10668617468527
LA-INFR-00085,Irrigation Dam & Reservoir,Tamil Nadu,25.0,163,250,0,25.3,2,56.52,7.2,29.5,Medium Risk,60.96174352733217,17.211888084767114,55.84009560313196,26.108968815243927,27.401765657109824,36.302570069314015
LA-INFR-00086,Irrigation Dam & Reservoir,West Bengal,157.94,183,204,4,62.0,5,86.5,9.1,49.2,High Risk,69.18623430104732,35.02868481768201,29.83006170612231,10.138015867324329,47.48865041556005,39.2170054729679
LA-INFR-00087,Irrigation Dam & Reservoir,Odisha,113.54,160,199,3,55.67,3,50.64,5.4,60.2,Critical Risk,70.91469872947374,21.221909384596103,34.58496713209786,39.28633584427869,35.82710953082787,39.19957791941751
LA-INFR-00088,Urban Metro Rail,Tamil Nadu,40.58,169,202,0,93.62,5,22.1,5.4,46.8,High Risk,58.19791749201501,38.57004895507937,8.212241735747993,40.129594660125534,19.854764360779487,31.82579817909822
LA-INFR-00089,National Highway,Maharashtra,212.25,143,278,4,67.87,4,50.09,5.8,58.3,High Risk,68.41884736515709,27.680765251954597,29.65091582462602,37.83968466656639,58.13698661283586,43.39805324716338
LA-INFR-00090,Irrigation Dam & Reservoir,West Bengal,25.0,179,278,4,78.18,3,22.93,4.4,72.9,Critical Risk,60.897368143268736,22.46552003414965,20.73377550979357,52.89599007515616,60.08056634311946,41.210377728041074
LA-INFR-00091,National Highway,West Bengal,58.78,161,314,1,95.8,5,65.96,10.0,43.1,High Risk,58.74092966548547,33.70991494783498,5.172847321692589,2.3724539631041246,45.114508653712235,30.94018959970345
LA-INFR-00092,Irrigation Dam & Reservoir,Odisha,103.4,152,253,1,56.86,1,79.64,5.2,16.3,Medium Risk,67.6441923734713,7.182292329942242,32.701854450286866,41.53270084822313,37.312168557651646,33.545349219118556
LA-INFR-00093,National Highway,Odisha,1641.4,165,243,0,52.74,4,86.99,7.5,32.6,High Risk,80.87429836254027,27.609978736318716,38.1189663726008,25.43120419256844,28.528407807935913,38.9033929480596
LA-INFR-00094,National Highway,Bihar,659.36,143,221,2,69.62,4,33.94,4.7,51.1,High Risk,74.70778187265805,30.788916109406415,29.95370278052034,45.12664003950858,38.6168431630657,44.01462184281237
LA-INFR-00095,Dedicated Freight Corridor,West Bengal,57.31,151,283,0,43.24,4,51.48,6.7,47.8,High Risk,66.94684841057146,29.04009700150198,45.433447051839615,28.47891681127644,34.790442705093646,38.918968865315485
LA-INFR-00096,Industrial Corridor,Maharashtra,365.62,167,194,4,28.4,4,85.4,6.3,64.6,Critical Risk,78.18179719075198,26.246644659486055,54.998340494197116,30.876101059495646,43.20810556428065,43.54765662499979
LA-INFR-00097,Dedicated Freight Corridor,Tamil Nadu,484.1,123,265,4,99.36,1,68.98,9.4,2.7,Low Risk,76.93100411842624,9.941605958468946,5.726956153423376,6.504761615851379,59.01876075658434,31.346261440443488
LA-INFR-00098,Dedicated Freight Corridor,Gujarat,241.77,152,219,2,63.69,2,93.23,7.2,8.5,Low Risk,76.52516152477273,10.621882484599332,32.8486918340375,25.543211086420538,37.67476487565742,33.358339470873034
LA-INFR-00099,Irrigation Dam & Reservoir,West Bengal,505.94,130,134,2,71.19,6,28.54,4.2,58.8,High Risk,76.13586448317298,41.648604992475825,24.225338025810085,51.984181154227976,19.46934744326701,37.7295432108776
LA-INFR-00100,Urban Metro Rail,Uttar Pradesh,139.56,169,299,0,24.96,1,59.19,3.7,47.8,High Risk,67.73373008964171,8.637502800749735,60.198035831401306,52.97987045591107,39.26653010679691,42.92794395353986
LA-INFR-00101,Dedicated Freight Corridor,Uttar Pradesh,50.0,145,306,2,38.2,3,59.78,6.5,49.0,High Risk,62.209720372443996,21.089959477872625,44.86469941060596,33.76954951835741,48.78863500702136,39.49742738840305
LA-INFR-00102,Irrigation Dam & Reservoir,Uttar Pradesh,177.41,132,315,4,66.91,1,83.12,3.6,35.3,High Risk,70.4092622603189,8.436735161202048,25.155006304627417,55.37588869199238,62.87674604003058,41.018733811417185
LA-INFR-00103,Urban Metro Rail,Maharashtra,42.9,114,237,3,55.85,3,13.27,4.6,52.9,High Risk,60.56093877599907,26.59455339737067,33.18404167808472,47.76243100222387,49.041873332742206,41.16241772839844
LA-INFR-00104,Irrigation Dam & Reservoir,West Bengal,25.0,149,233,1,32.99,4,88.19,6.3,45.4,High Risk,60.92199271669206,27.213777026635515,51.41865606832069,32.906546724942054,38.20562911547614,40.107956852874956
LA-INFR-00105,Industrial Corridor,Odisha,113.22,141,333,0,86.61,3,35.24,8.3,20.1,Medium Risk,70.318358979288,26.213849335871206,10.838651541311627,18.469930787255155,43.055716025363246,30.735862369016566
LA-INFR-00106,Industrial Corridor,Gujarat,20.0,157,217,3,32.42,2,49.62,9.6,27.4,Medium Risk,53.481641403004716,18.320728684656434,50.165774634961586,7.02029151168147,42.24819289879659,33.463330718296355
LA-INFR-00107,Urban Metro Rail,Bihar,138.92,144,202,0,66.2,1,74.34,5.5,13.6,Medium Risk,71.53827865433873,9.973273017532552,28.502644487141453,38.54321385581072,22.785715899630045,31.66210680838471
LA-INFR-00108,Dedicated Freight Corridor,West Bengal,394.85,163,242,2,46.0,1,34.83,5.8,31.2,High Risk,78.27760609680382,12.7364336568538,41.19486636527128,42.42552856919291,41.14060072268501,38.277248862329785
LA-INFR-00109,National Highway,Maharashtra,51.19,144,208,4,34.44,5,11.77,4.3,65.9,Critical Risk,61.10567293764861,38.68754396699491,50.43962123557496,51.1261243552654,45.199142577221956,45.54661860497286
LA-INFR-00110,National Highway,Gujarat,63.56,152,247,4,39.42,4,46.84,6.5,65.3,Critical Risk,61.520255013303036,29.50047918158009,45.52431549009784,30.444396182126596,52.8077772490634,46.01291089693179
LA-INFR-00111,National Highway,Gujarat,1202.88,173,170,0,51.36,0,66.96,6.4,7.2,Low Risk,78.4565465168567,1.791551166630647,41.8776211397091,31.63332086263265,18.917853951512413,31.145102184919484
LA-INFR-00112,National Highway,Odisha,482.87,146,207,2,54.24,1,93.6,6.8,13.7,Medium Risk,71.58274554934752,9.435642532681475,38.63473887756252,30.846618682592784,34.286391173638826,38.04528568352253
LA-INFR-00113,Urban Metro Rail,Odisha,206.6,145,273,0,22.68,3,32.82,9.6,25.9,Medium Risk,73.1203864470563,24.423612951601,57.65868410713562,9.462280351285923,34.85875703747355,39.37607585003008
LA-INFR-00114,Industrial Corridor,West Bengal,152.57,136,254,1,45.08,3,20.35,6.2,41.2,High Risk,68.64726554405297,25.789066153251216,46.38243259385628,35.16865328301968,37.16555736385448,40.10394022146479
LA-INFR-00115,Industrial Corridor,Odisha,300.85,155,201,3,21.74,2,96.13,9.3,16.5,Medium Risk,73.95053832320295,11.793541630297764,57.72954992395661,6.822907344052682,41.60519747898967,35.9206784052295
LA-INFR-00116,National Highway,Tamil Nadu,216.83,147,239,2,84.01,4,82.48,5.5,36.9,High Risk,67.51363837106875,25.482246752651204,14.5742363788623,37.814063158697145,41.81706506977322,35.641672260981075
LA-INFR-00117,Urban Metro Rail,Gujarat,48.29,135,236,4,23.57,0,95.21,9.0,9.2,Low Risk,64.62107860356366,1.686399590768369,55.15564241256436,12.923753567879526,50.57009181883016,34.50712300656664
LA-INFR-00118,Industrial Corridor,Maharashtra,171.4,158,238,4,54.9,3,72.17,4.4,61.7,Critical Risk,68.77776710727582,24.855060019624187,35.784756700489375,49.52623034936608,51.775270912469765,40.97495337418411
LA-INFR-00119,Urban Metro Rail,Bihar,275.79,151,208,3,66.47,4,62.09,8.7,32.6,High Risk,74.59203270784622,29.038964531297193,31.55735814309649,11.656600121998277,39.51761515995204,37.56975371814193
LA-INFR-00120,National Highway,West Bengal,154.01,159,275,3,46.77,1,90.59,8.3,16.5,Medium Risk,68.19592729308962,5.732176806421935,43.98453961593985,15.64361008133808,52.22297223683646,36.279744080072405
LA-INFR-00121,Dedicated Freight Corridor,Tamil Nadu,50.0,166,245,0,67.53,2,38.57,9.8,4.5,Low Risk,62.894214957108574,18.037185819129817,23.866744563629688,4.448861585222629,26.92176085036784,27.77324568717905
LA-INFR-00122,Irrigation Dam & Reservoir,Tamil Nadu,49.28,145,286,0,28.34,3,31.52,8.9,30.9,High Risk,65.17119992400131,24.830073185822375,53.855418872374834,15.200727410696336,35.89500655700586,38.73317094911635
LA-INFR-00123,National Highway,Gujarat,25.01,149,258,1,97.88,1,16.46,9.6,4.6,Low Risk,50.31383701733388,13.950889267041722,8.982391375165552,4.26690005347411,36.056285568190034,23.604498946197502
LA-INFR-00124,National Highway,Odisha,34.3,154,274,0,94.02,0,21.49,9.7,14.1,Medium Risk,57.29191197356946,6.491826699874189,12.647619501136774,5.474352825747155,33.44115518797148,20.910999754658608
LA-INFR-00125,Dedicated Freight Corridor,Maharashtra,388.89,145,282,1,92.28,4,83.66,3.3,42.3,High Risk,76.15902949012845,25.535080172998786,9.435430858524489,56.65602148777455,40.40628509628511,40.02819334587703
LA-INFR-00126,Dedicated Freight Corridor,Maharashtra,50.0,145,266,2,48.29,5,58.9,7.7,63.8,Critical Risk,57.00168893169241,34.6341733302059,39.76639168978409,22.896208991279572,46.94173578211224,38.49171723146204
LA-INFR-00127,Dedicated Freight Corridor,Odisha,126.18,113,307,0,33.92,3,36.62,3.2,47.3,High Risk,70.37273777069137,24.98841006242041,51.12145471163167,57.46371341687812,37.91271934677992,44.94327864784005
LA-INFR-00128,Irrigation Dam & Reservoir,Gujarat,81.1,151,293,0,59.09,4,84.21,6.6,44.8,High Risk,61.52495716231032,24.80644035002657,34.64264061260579,27.463799406980495,38.12231528738882,34.39406729722405
LA-INFR-00129,Irrigation Dam & Reservoir,West Bengal,281.29,153,256,4,20.84,5,27.39,8.5,68.7,Critical Risk,74.10699340810032,39.54872779057246,57.03618753642796,18.487873168807806,58.00000165250185,50.98697165382819
LA-INFR-00130,Industrial Corridor,Tamil Nadu,20.0,158,226,3,82.25,1,77.25,8.5,3.4,Low Risk,55.9553740142835,8.295230795071017,14.056216101867854,17.650561580209082,41.9831817445798,22.187152341761628
LA-INFR-00131,Irrigation Dam & Reservoir,Tamil Nadu,70.95,143,170,4,30.9,4,20.1,7.4,54.8,High Risk,64.4598892833423,36.34564774798981,54.95605809012567,23.322418399489944,44.19516739304196,46.00200080816596
LA-INFR-00132,Industrial Corridor,Maharashtra,42.57,149,273,3,87.57,4,67.68,8.8,30.2,High Risk,60.2567636914216,28.091427138287347,13.027517563468678,13.056760235565665,54.00008053810334,33.65326170933846
LA-INFR-00133,Irrigation Dam & Reservoir,Tamil Nadu,25.0,151,256,4,91.4,3,40.89,6.8,51.9,High Risk,57.74476462431412,23.368986423548243,6.764041943615728,24.687625303262536,56.36958894647679,35.74654320421428
LA-INFR-00134,Urban Metro Rail,Gujarat,163.1,140,387,3,60.52,2,98.8,3.0,61.8,Critical Risk,73.40915070220147,11.59896928814624,32.12696885025992,59.23200467931947,71.3383540738173,47.2711732520821
LA-INFR-00135,Dedicated Freight Corridor,Tamil Nadu,436.12,148,241,2,35.58,5,34.67,3.5,79.0,Critical Risk,77.79542616659234,38.12423377550045,47.085954829650376,55.45280764039239,44.362650716177704,48.65352027442268
LA-INFR-00136,Dedicated Freight Corridor,Tamil Nadu,516.67,151,209,2,99.66,3,23.52,7.2,31.9,High Risk,77.23788420823774,23.77468351201047,4.544177069387637,25.276552824806366,32.58776900714368,30.254433489681595
LA-INFR-00137,Dedicated Freight Corridor,West Bengal,50.0,143,188,0,41.67,5,66.01,8.5,32.1,High Risk,63.71289172482995,34.986148877787976,49.60078563658627,18.13696722214204,24.8725310490437,39.80076467226347
LA-INFR-00138,Irrigation Dam & Reservoir,Bihar,58.26,146,176,4,49.5,4,65.01,8.1,53.0,High Risk,62.03193264001011,29.795662924730724,40.679226249459234,21.030575794493316,40.4343502351219,41.276089802373285
LA-INFR-00139,National Highway,Uttar Pradesh,225.78,150,160,4,58.15,3,51.36,3.9,68.4,Critical Risk,69.2245739517115,20.86389311609518,31.910209280758362,49.76457122659912,44.13643922451524,39.21850102620852
LA-INFR-00140,Industrial Corridor,West Bengal,108.85,144,273,2,79.45,2,15.33,9.6,30.0,High Risk,69.38606177405853,22.506011461223892,22.40186806360368,9.192119253066265,44.57218339726798,32.44764829541843
LA-INFR-00141,National Highway,Maharashtra,20.0,143,200,2,88.16,4,86.93,8.7,12.5,Medium Risk,49.59062547889657,28.144825193854388,11.21405273130814,13.524651322565024,34.96760486275086,27.689252643755836
LA-INFR-00142,Irrigation Dam & Reservoir,Tamil Nadu,80.28,175,289,2,37.18,6,93.22,4.9,67.9,Critical Risk,64.9815099543886,43.153775221688164,49.60281557308175,43.461919102827395,47.44741694412701,51.182797706805985
LA-INFR-00143,Irrigation Dam & Reservoir,Gujarat,25.0,145,266,2,82.9,3,88.47,4.2,33.8,High Risk,59.15180661909926,19.315440758383666,13.272233999192993,52.45261852364288,40.410805462652206,33.624682670244106
LA-INFR-00144,Irrigation Dam & Reservoir,Gujarat,477.45,130,239,3,76.73,2,23.75,7.4,33.2,High Risk,77.4767761532654,18.615400000099434,22.654338885107503,22.003244829451646,46.483823970563144,34.04441109444083
LA-INFR-00145,Industrial Corridor,Gujarat,352.88,140,185,0,75.61,4,98.55,3.0,28.0,Medium Risk,78.23775334884881,27.359474247957458,19.473257526455278,61.51542237253631,19.298127734008567,35.408737879703956
LA-INFR-00146,Dedicated Freight Corridor,Odisha,132.74,156,254,1,61.39,3,53.44,7.4,30.4,High Risk,70.42043691587342,20.31279293863789,30.716569816919787,26.238507738660008,38.42318759391496,35.48717221853206
LA-INFR-00147,Dedicated Freight Corridor,Tamil Nadu,50.0,115,236,4,52.75,4,60.76,3.6,69.7,Critical Risk,60.543422973826445,26.33565745150178,39.35679294211004,55.85020948591656,52.892301338721495,45.866801883212965
LA-INFR-00148,National Highway,Tamil Nadu,28.08,168,204,4,82.5,4,88.03,7.2,32.6,High Risk,54.38717912362347,29.694800327374836,15.207603253445164,30.19831414080954,45.372460970981564,36.097242160543495
LA-INFR-00149,Industrial Corridor,Maharashtra,38.71,153,137,4,57.75,2,12.42,7.5,43.5,High Risk,62.69390639542882,21.665307365503516,28.901761851806715,27.62252315821183,34.98899258197565,31.35023577145922
LA-INFR-00150,Industrial Corridor,Gujarat,267.67,135,288,4,92.45,3,77.47,6.5,41.2,High Risk,73.73376134629746,20.132850300779364,10.803856295061513,34.01344582434599,57.15759559012693,37.05032676906419
LA-INFR-00151,Irrigation Dam & Reservoir,Maharashtra,26.41,141,190,0,34.47,6,56.16,9.1,38.2,High Risk,60.44017000028309,43.21559326904234,48.27405211064175,12.985950557316308,20.073122162152856,44.45322225282655
LA-INFR-00152,Dedicated Freight Corridor,West Bengal,50.0,149,235,0,65.53,4,17.03,4.4,47.6,High Risk,61.90594154528509,30.71298115616735,28.914820708481404,48.120810315054875,29.083028925093952,40.12327504640906
LA-INFR-00153,Urban Metro Rail,West Bengal,230.26,145,212,4,58.66,4,33.24,10.0,51.1,High Risk,75.01282151948062,30.329513118364627,34.21931459167446,4.4267524786277,44.61233938369436,39.98224461293532
LA-INFR-00154,National Highway,Odisha,67.73,152,207,0,55.8,5,64.19,9.7,23.9,Medium Risk,57.20903876385142,35.687007088902206,35.643017001804324,7.8488343594220265,24.656212839577208,33.40060288884405
LA-INFR-00155,Irrigation Dam & Reservoir,West Bengal,310.06,168,275,1,40.42,1,65.82,8.8,15.4,Medium Risk,76.77780298866472,10.376662820096751,47.7578470150777,15.45266267848793,40.365947347689065,37.165950933740866
LA-INFR-00156,Irrigation Dam & Reservoir,Maharashtra,134.73,141,287,4,21.51,3,37.6,8.2,62.1,Critical Risk,72.31489350796254,26.6132573336033,59.92112200788285,18.655074106578496,56.8495220274083,48.64532504325467
LA-INFR-00157,Industrial Corridor,Uttar Pradesh,22.24,148,181,0,54.43,4,49.47,8.1,21.8,Medium Risk,55.62668933175346,32.82424351267173,36.48731865896075,20.540216058663205,19.13942836068241,31.970986352495398
LA-INFR-00158,Industrial Corridor,Gujarat,315.55,161,175,4,43.32,2,34.49,4.8,48.9,High Risk,75.36104678243393,18.044372530013657,46.20754763289281,42.77306017754278,44.78846114695999,45.19568165564976
LA-INFR-00159,Urban Metro Rail,Bihar,117.64,153,363,0,96.04,7,76.21,7.7,59.3,High Risk,70.00988204899615,46.88608832509807,1.8404175045783377,20.186405759340943,46.52486934618312,40.466261756968244
LA-INFR-00160,Dedicated Freight Corridor,Bihar,84.78,163,237,3,68.07,2,11.56,6.2,54.2,High Risk,70.31196322854058,20.404399986483707,26.977740374199453,33.52993650109388,48.71520859496494,38.641902978877184
LA-INFR-00161,Dedicated Freight Corridor,Tamil Nadu,72.56,157,167,1,22.6,5,88.47,9.4,25.4,Medium Risk,63.807937092429555,37.55596182869813,56.232218697513,9.757946016230612,21.24704041504802,40.35518421614571
LA-INFR-00162,Urban Metro Rail,Bihar,51.59,157,301,3,83.86,5,76.53,9.5,46.4,High Risk,65.8310115248437,33.00351275205724,17.684742001000274,9.076592422227673,58.056248360808326,37.74685747130675
LA-INFR-00163,Irrigation Dam & Reservoir,Odisha,25.0,166,135,1,77.99,1,88.56,4.9,1.0,Low Risk,58.07277234844472,8.849947763575722,21.78032249874881,42.045746639809316,17.74571551256804,26.945742967656894
LA-INFR-00164,Dedicated Freight Corridor,Uttar Pradesh,341.5,148,260,4,44.04,4,40.0,4.1,74.3,Critical Risk,78.4331976263006,30.222829982981814,41.333520317175555,50.600790474174694,56.034934681292675,50.29207293168768
LA-INFR-00165,Industrial Corridor,Tamil Nadu,82.28,137,172,0,77.74,4,34.96,3.9,38.6,High Risk,66.03771034152716,31.43034122641136,19.57295937200958,52.63753301231829,14.627583851613627,33.629791400174796
LA-INFR-00166,National Highway,Maharashtra,56.24,160,302,0,35.47,2,97.21,5.1,38.6,High Risk,58.98082635306093,9.944302185863936,49.248211111761954,45.16158243675534,38.94211205026416,40.959971725714944
LA-INFR-00167,Dedicated Freight Corridor,West Bengal,50.0,154,232,1,85.5,4,42.12,6.6,32.9,High Risk,65.89495958897035,29.52736764150974,13.821817252451476,32.14306786253366,33.446717136378375,29.866695059240726
LA-INFR-00168,National Highway,Uttar Pradesh,20.0,162,155,1,26.11,1,97.32,5.5,24.7,Medium Risk,54.78881880560266,3.205153634741957,56.621917587799494,40.96568132404896,24.22068519658985,35.42969880047317
LA-INFR-00169,Industrial Corridor,Odisha,65.8,160,222,0,80.36,3,65.89,9.6,8.1,Low Risk,65.8498171271388,24.19848763442395,17.868183083787347,4.736913038262205,22.663924158704507,29.52655589567393
LA-INFR-00170,National Highway,Bihar,245.06,166,199,1,20.89,1,38.75,3.9,41.9,High Risk,70.52851208532262,9.875741133378387,61.25915383753632,51.66082250560305,25.305717711682753,41.24393753557466
LA-INFR-00171,Irrigation Dam & Reservoir,Tamil Nadu,25.0,146,244,3,52.38,0,72.75,7.3,14.8,Medium Risk,59.94010542280878,1.231683178175118,34.6113866690662,22.004345820009572,50.029022943813814,34.16263166687497
LA-INFR-00172,National Highway,Gujarat,210.22,163,201,4,64.86,3,56.8,7.6,48.0,High Risk,72.04971362194743,19.461787715687805,30.647193389575175,19.623543404604078,47.40266344190474,37.48931170822758
LA-INFR-00173,Irrigation Dam & Reservoir,Gujarat,93.99,154,243,0,99.29,2,97.51,3.5,14.2,Medium Risk,67.19112815006616,13.952462040015881,1.454666986974329,56.37580445233546,30.80619106334316,31.89693922355579
LA-INFR-00174,National Highway,Tamil Nadu,31.56,162,325,0,97.57,5,96.31,7.2,38.4,High Risk,54.43193054544011,34.178773645635935,3.7167609889400133,24.712628417067858,40.64236629668603,33.91666924848505
LA-INFR-00175,Industrial Corridor,Odisha,26.28,154,154,3,94.06,1,71.66,5.1,12.4,Medium Risk,58.65985413304256,9.816441895283248,7.723255720237452,42.802174000726644,31.74655618453087,26.786603041157576
LA-INFR-00176,National Highway,Odisha,31.91,139,229,1,50.52,2,72.85,6.2,21.2,Medium Risk,54.42900652709247,12.861289212825783,38.11018269218504,38.81601551294922,33.40107718075062,32.23729612394394
LA-INFR-00177,Dedicated Freight Corridor,Gujarat,166.13,150,171,4,64.96,5,12.71,5.0,74.9,Critical Risk,71.51632207711636,40.7703044939271,30.25739403297449,42.874333248084575,39.26519897318159,44.56412179438531
LA-INFR-00178,Industrial Corridor,Bihar,231.22,155,216,2,97.63,5,75.44,9.3,31.5,High Risk,74.89664943381182,31.957129725915518,6.497616089394301,10.40438758531391,34.00159513250526,30.57988695292513
LA-INFR-00179,Industrial Corridor,Uttar Pradesh,219.55,139,281,4,40.61,3,93.96,5.7,65.7,Critical Risk,73.47176314876974,21.42446989432772,47.74716492363838,36.5654677853789,61.08203960484772,49.31149547467576
LA-INFR-00180,National Highway,Tamil Nadu,849.77,162,218,0,37.56,3,74.26,4.0,45.3,High Risk,76.74903626652441,21.84968399000832,51.012032460726864,50.443025958744215,23.156266529218797,44.06556273532645
LA-INFR-00181,Urban Metro Rail,Gujarat,27.8,152,263,1,86.82,6,12.12,9.2,45.7,High Risk,61.20131403976741,45.146899576704726,13.422265609470553,6.953045554697107,37.07807212782311,34.38580964127894
LA-INFR-00182,Dedicated Freight Corridor,Gujarat,50.0,143,253,4,90.67,3,54.77,9.0,34.8,High Risk,64.53668963804434,25.208544801148353,8.887555299151337,11.313682615503337,53.11012908095119,33.96701032497337
LA-INFR-00183,Irrigation Dam & Reservoir,Bihar,214.96,160,236,2,24.98,2,81.33,9.2,32.5,High Risk,70.49070017885394,17.17032897169566,58.75632941887086,10.55764464194874,42.28244850843706,37.27092417960383
LA-INFR-00184,Irrigation Dam & Reservoir,Bihar,79.01,160,262,1,71.98,2,12.22,6.5,19.5,Medium Risk,66.7522508396101,16.735521792177654,23.841868317673832,29.265435965991514,38.219134542496285,34.87154008721238
LA-INFR-00185,Dedicated Freight Corridor,Tamil Nadu,65.06,149,253,1,81.17,6,34.57,5.3,57.7,High Risk,65.06487450981774,46.69848431919275,20.50712690918289,39.31788799129278,39.009718449779136,40.651454407708805
LA-INFR-00186,National Highway,Odisha,312.56,154,300,1,81.39,3,85.13,5.5,26.3,Medium Risk,72.2209122538446,21.15307716453688,15.656007162993951,39.276386254739535,44.78880051426049,38.07905293328895
LA-INFR-00187,National Highway,Tamil Nadu,20.0,144,258,4,65.9,4,65.84,6.6,54.0,High Risk,51.55950366161045,29.230777834625872,24.709916464980545,31.78220828417436,58.56132023563072,39.457336529066886
LA-INFR-00188,Dedicated Freight Corridor,Bihar,50.0,146,198,0,58.13,2,19.84,6.9,12.3,Medium Risk,63.03322494213271,20.092324512550043,32.462881636271774,29.338053338186576,18.87221722359634,32.94107658322846
LA-INFR-00189,Industrial Corridor,West Bengal,505.8,151,262,1,96.28,2,64.6,6.4,9.9,Low Risk,78.78701932271969,16.35163693014172,8.928498809823749,30.869744365211485,39.260934536986575,33.598326790357966
LA-INFR-00190,Irrigation Dam & Reservoir,Odisha,46.51,154,214,0,81.24,1,51.98,8.7,5.8,Low Risk,63.00494091883815,11.58455327925405,17.021187659082056,12.906798131650504,20.05430717702045,20.585092833521024
LA-INFR-00191,Industrial Corridor,Maharashtra,789.32,150,263,3,97.78,3,93.76,7.7,29.7,Medium Risk,84.4663918461456,21.722346003793625,6.381147882472357,21.641808379028557,53.331019660521825,36.38552289100856
LA-INFR-00192,Industrial Corridor,Uttar Pradesh,111.15,151,369,4,47.29,7,78.5,7.6,71.0,Critical Risk,68.99094736924653,49.00146947402751,40.158085502629,21.790982988807748,75.41399069940044,50.42483644070088
LA-INFR-00193,Urban Metro Rail,Uttar Pradesh,29.53,151,272,0,26.09,2,52.03,7.1,26.5,Medium Risk,58.12400454648213,11.436529666171499,54.509654111147114,25.31656596709062,35.34790181348527,39.04575425869268
LA-INFR-00194,Urban Metro Rail,Bihar,10.0,140,214,3,63.23,9,40.1,9.6,76.3,Critical Risk,54.995762141766306,66.41823832292566,30.579818848176842,6.957340878187012,42.9397235933959,42.273395864088826
LA-INFR-00195,Industrial Corridor,Maharashtra,84.81,164,196,0,81.69,4,93.08,5.7,27.3,Medium Risk,62.88886685436682,27.204325077485127,18.261159954584176,36.258474949895906,20.614779386152744,29.767482094151088
LA-INFR-00196,Dedicated Freight Corridor,Tamil Nadu,372.63,120,217,4,88.61,6,26.91,3.4,67.7,Critical Risk,71.78417335884043,46.81170773029758,12.023329817409303,54.369981783534605,51.527190470624,48.39742481798934
LA-INFR-00197,Urban Metro Rail,Maharashtra,144.39,147,220,2,45.22,4,56.76,3.7,51.9,High Risk,71.74641208616598,28.800853570081863,42.988939369696595,54.123451967095285,36.14706438905742,48.590871749967185
LA-INFR-00198,Industrial Corridor,Maharashtra,107.32,131,260,3,33.05,1,43.2,5.4,44.6,High Risk,68.4470400142844,11.376981482917005,53.846247508485376,40.45743437402734,50.26751963958096,41.45088769567034
LA-INFR-00199,Dedicated Freight Corridor,Tamil Nadu,144.84,148,167,1,88.5,3,47.91,3.4,24.9,Medium Risk,69.71706904577589,25.177670203187326,14.50102217418452,60.01702530242329,25.875538129105415,38.54778458423739
LA-INFR-00200,Dedicated Freight Corridor,West Bengal,283.04,141,234,2,61.66,1,41.99,8.0,24.3,Medium Risk,72.40117725719628,11.745428442166201,33.60736038749349,19.053237241427524,39.95012937042277,33.01261858121801
LA-INFR-00201,Dedicated Freight Corridor,Bihar,50.0,170,111,3,91.36,3,59.59,5.9,27.8,Medium Risk,62.309293557852286,23.631423117884093,10.723003610126623,37.330988002739495,24.92029616784666,31.207976591134585
LA-INFR-00202,Dedicated Freight Corridor,West Bengal,280.21,170,321,1,31.52,0,24.26,9.9,23.5,Medium Risk,75.35887701352283,6.3033049559602805,51.00827077982468,2.0724193484435185,48.15069400692125,34.09150594905205
LA-INFR-00203,Dedicated Freight Corridor,Odisha,89.07,168,260,0,57.33,3,31.73,6.2,44.5,High Risk,68.31862572053471,22.10266822576513,34.864758366528804,35.152311343717365,31.686087720423323,36.26238013193551
LA-INFR-00204,Irrigation Dam & Reservoir,Maharashtra,285.46,162,181,1,69.5,2,83.94,7.1,13.1,Medium Risk,74.9059972162193,16.258716332253318,26.504307332882036,27.060062033012994,23.391398428427852,30.90296993234381
LA-INFR-00205,Urban Metro Rail,Uttar Pradesh,73.25,170,206,1,77.46,2,14.27,3.3,43.9,High Risk,65.19514448542827,20.245637729924702,21.86108817863402,58.30054538630879,25.735039570697037,36.450871469441225
LA-INFR-00206,Irrigation Dam & Reservoir,Gujarat,459.14,137,305,4,46.63,2,61.73,7.6,46.8,High Risk,76.16073346633307,16.404352745671297,44.430492837039274,20.553170784129634,65.60065952349272,47.2104692528824
LA-INFR-00207,Irrigation Dam & Reservoir,Gujarat,222.19,167,256,0,36.11,4,97.09,9.2,23.4,Medium Risk,71.74936999621912,28.037158005540206,47.96499516387155,11.62312097261151,31.20116176640104,38.31691936912386
LA-INFR-00208,Dedicated Freight Corridor,Bihar,50.24,148,187,2,41.9,3,87.37,7.9,15.7,Medium Risk,62.768129110479784,20.441723150952868,44.01516641104497,19.886464939370676,29.7856173763249,34.39802855407765
LA-INFR-00209,National Highway,West Bengal,42.56,154,288,1,25.1,3,63.87,3.9,60.4,Critical Risk,56.737666975099515,26.854127211163966,59.17369413171482,52.545842135597155,44.437197399603114,47.42156759223092
LA-INFR-00210,Irrigation Dam & Reservoir,Bihar,438.82,141,323,0,23.45,3,88.64,3.8,60.1,Critical Risk,76.80580833931177,17.939251011308713,59.57404693697361,52.54705798440514,36.62827212072033,47.18853592723375
LA-INFR-00211,Urban Metro Rail,Gujarat,19.1,154,305,3,20.38,8,15.92,5.9,75.6,Critical Risk,57.473999474683374,58.35001316604149,58.79038553204945,37.73989734409293,61.373321267450685,59.3231118764228
LA-INFR-00212,Industrial Corridor,Bihar,148.87,138,207,3,23.92,3,53.12,7.4,46.6,High Risk,73.18436354074959,24.749208577743314,57.16844128611396,27.13778658230016,42.155209545455286,43.4499576143579
LA-INFR-00213,Dedicated Freight Corridor,West Bengal,115.51,146,174,3,29.75,1,56.85,5.3,33.6,High Risk,63.96177787927423,7.301452181267221,55.13722072607992,41.87658961574306,36.27815408743111,39.72379959163191
LA-INFR-00214,Urban Metro Rail,Tamil Nadu,77.08,135,171,3,40.27,4,42.01,7.9,40.1,High Risk,64.35509761230368,31.616678227885764,47.22622069602113,19.008964497375533,33.24246136347345,42.00303633968456
LA-INFR-00215,Dedicated Freight Corridor,Gujarat,240.12,149,281,1,70.66,3,26.5,4.6,56.1,High Risk,73.81869215942727,23.629197954822462,23.568073728649743,47.80480283000331,39.713090348443444,41.78070125046179
LA-INFR-00216,National Highway,Tamil Nadu,253.34,160,219,0,73.65,2,22.95,8.3,10.4,Low Risk,68.60860502769046,21.659337441844084,21.05496629438098,16.78789373290263,24.778053356719408,33.275645607893324
LA-INFR-00217,Dedicated Freight Corridor,Tamil Nadu,50.69,164,251,1,45.23,1,28.39,6.4,28.8,Medium Risk,61.65070861234939,10.843036753645912,44.87846244932043,35.05681492578982,34.72465500140506,36.05175353612582
LA-INFR-00218,Irrigation Dam & Reservoir,Gujarat,148.21,144,220,2,95.0,6,26.21,8.2,51.9,High Risk,74.91725306303579,45.67842779316329,10.849173316522133,15.61430049318689,34.12199758041014,35.19878571024482
LA-INFR-00219,Industrial Corridor,Maharashtra,146.63,147,283,1,83.78,3,56.87,3.1,44.9,High Risk,70.9191211918103,22.81383623264271,19.412969381652584,56.98492960488648,40.513855076123576,41.236849582924016
LA-INFR-00220,Urban Metro Rail,Gujarat,16.58,159,167,3,64.37,3,45.71,7.2,34.8,High Risk,53.380838804173216,23.08808145106166,32.31805379433142,26.08298835480921,35.21869678505639,31.68049989868179
LA-INFR-00221,Industrial Corridor,Gujarat,813.12,135,233,3,46.45,2,44.35,4.4,55.7,High Risk,85.53685531235179,13.51087140710261,41.773813333091304,47.74550197289937,44.191169557334405,44.13083655091064
LA-INFR-00222,National Highway,Gujarat,186.31,138,259,1,88.63,3,49.64,3.6,40.5,High Risk,66.33059935068978,27.600758094083172,11.562601322848947,55.92837108946836,38.754802602109066,38.63907493656145
LA-INFR-00223,National Highway,Tamil Nadu,104.9,152,205,0,44.88,4,10.86,5.0,57.0,High Risk,60.547007069014604,35.25864886595133,39.47975385467269,41.614653931074955,22.898094085538595,40.94031233863736
LA-INFR-00224,National Highway,Tamil Nadu,367.92,161,167,1,89.37,1,86.23,6.4,1.0,Low Risk,74.13694355479961,9.704250984643428,9.741753210723642,32.78194968756384,24.056495420048723,28.9492197096306
LA-INFR-00225,Industrial Corridor,Uttar Pradesh,45.81,177,204,4,71.62,9,64.37,9.2,74.8,Critical Risk,63.503339803580424,62.8643249776697,23.938116247451788,11.305561012213962,46.78210892168062,42.31945247787581
LA-INFR-00226,National Highway,Tamil Nadu,20.0,166,180,1,94.23,3,68.75,5.9,9.5,Low Risk,51.41313124686104,24.033584211354032,5.040485654490299,38.37026612350905,26.32697079184144,25.289376497238703
LA-INFR-00227,Irrigation Dam & Reservoir,Odisha,25.0,164,202,2,62.34,3,68.75,9.0,21.1,Medium Risk,57.94995346786204,21.88680929655252,31.3226758809952,12.05333473205661,36.524288512271454,31.050879870288412
LA-INFR-00228,National Highway,West Bengal,45.85,137,139,3,69.56,0,91.35,6.6,10.1,Low Risk,57.531905339522915,2.891877346610571,24.23699073834207,31.023137781428407,31.689778650168854,26.141461852828414
LA-INFR-00229,Urban Metro Rail,Odisha,120.72,148,265,3,56.62,1,13.47,3.7,48.5,High Risk,67.53977383489472,13.859043448670533,35.3403556568594,56.76988942774875,50.04319989625042,40.25345026057149
LA-INFR-00230,Urban Metro Rail,West Bengal,226.63,145,232,2,81.73,6,24.35,9.1,60.2,Critical Risk,69.42520807260668,43.16090773033851,15.816468143597524,10.499678423572997,37.42592395533118,29.94141712001564
LA-INFR-00231,Urban Metro Rail,Uttar Pradesh,102.67,160,193,4,57.07,2,13.0,7.4,42.5,High Risk,69.30070830420858,22.58728521351094,33.500003743384994,25.590673522658133,46.124786027273416,38.49491063892301
LA-INFR-00232,Irrigation Dam & Reservoir,West Bengal,72.73,127,254,4,39.02,1,20.09,3.1,56.4,High Risk,63.602132117577,9.594701769568873,45.176908815311,60.15223961188677,51.99774682706539,43.54969649808708
LA-INFR-00233,Industrial Corridor,Uttar Pradesh,157.63,149,273,0,45.5,2,97.56,5.1,16.4,Medium Risk,71.8397967784108,14.29697339833363,40.65761797580816,42.14522309191136,33.152006197549575,37.60941350587862
LA-INFR-00234,National Highway,Gujarat,20.0,147,201,2,29.58,3,77.15,5.6,39.7,High Risk,53.21990784345297,22.77380578259006,56.517520306175875,43.81281133115443,33.86354128812415,39.958788153190696
LA-INFR-00235,Industrial Corridor,West Bengal,20.0,156,232,4,98.14,3,20.45,9.1,34.9,High Risk,58.59257132893149,25.10555275872875,5.232278861638136,10.325305953226696,48.97725085770419,29.72896717956652
LA-INFR-00236,National Highway,Gujarat,275.72,151,243,4,30.81,7,70.42,6.0,79.0,Critical Risk,63.86094104070338,49.18150321050351,52.643048805813315,34.652306539121234,53.697861848606614,51.561389027873524
LA-INFR-00237,Dedicated Freight Corridor,Tamil Nadu,179.16,147,321,1,85.23,3,96.87,4.3,41.3,High Risk,73.91681858613609,18.09357299849041,14.21892740722667,48.40577580157374,49.48098713551477,40.21483479760209
LA-INFR-00238,Industrial Corridor,West Bengal,272.2,160,220,2,81.88,4,76.16,6.0,45.0,High Risk,72.61791507816757,30.78479732185992,15.776329324954933,37.45646518269158,34.03725039084769,35.21268546135431
LA-INFR-00239,Urban Metro Rail,Maharashtra,128.4,151,189,1,25.32,5,46.9,9.2,36.7,High Risk,70.5143312765185,36.98161893239233,60.671135833457996,10.467726164731905,26.50030880663293,39.01573313430599
LA-INFR-00240,National Highway,Uttar Pradesh,20.0,149,250,0,93.15,5,31.62,6.6,40.1,High Risk,52.69010496000482,38.87212420904281,8.489643637288424,30.683011726095096,30.689922652497827,35.409997807715186
LA-INFR-00241,Urban Metro Rail,Odisha,179.83,143,167,4,66.03,1,14.25,8.9,12.1,Medium Risk,72.03673978742539,13.421461558972613,26.668715819722326,11.563289021579454,40.555413114979935,31.560897497700147
LA-INFR-00242,Urban Metro Rail,Bihar,66.35,123,293,1,52.94,2,65.97,6.9,25.4,Medium Risk,62.69430278828304,19.870434038583674,40.9914039373233,30.626704070550822,40.962252905260435,38.70602900159294
LA-INFR-00243,Dedicated Freight Corridor,Odisha,490.26,157,171,3,36.1,4,53.65,3.1,81.4,Critical Risk,78.99194314137071,30.066207429579276,50.103401642478254,58.107733208234954,38.347597330031356,49.654507067940514
LA-INFR-00244,Urban Metro Rail,Gujarat,184.74,164,181,0,50.7,2,63.67,5.7,29.4,Medium Risk,72.83430645442475,13.381901921639834,35.70044151858122,37.34274632717157,17.86267183038329,37.64765268766444
LA-INFR-00245,Irrigation Dam & Reservoir,Maharashtra,25.0,159,210,4,52.2,5,44.03,10.0,63.6,Critical Risk,56.00172236222582,39.333022314448094,39.599368320354564,1.2105404473524821,44.42412945791235,40.82874435088738
LA-INFR-00246,National Highway,Odisha,353.54,150,321,2,74.97,6,43.81,4.9,63.6,Critical Risk,67.06409335480546,43.736361899957785,20.644732113238838,46.39215814017894,52.83048898826939,46.04805590488341
LA-INFR-00247,Industrial Corridor,West Bengal,137.79,133,298,4,88.55,1,69.18,5.5,30.4,High Risk,73.49866066744958,9.101918859928725,14.464232994508095,36.74305240586665,60.98388710216371,33.29476448489204
LA-INFR-00248,Urban Metro Rail,Bihar,94.23,146,270,1,95.31,4,51.94,8.5,26.1,Medium Risk,66.41575885501095,30.92664301727292,6.898226189145428,11.276888397087795,40.36823515783047,32.03774083157052
LA-INFR-00249,Dedicated Freight Corridor,Tamil Nadu,99.26,129,299,2,21.28,3,36.78,9.0,49.1,High Risk,67.22207841616707,21.462246039521304,57.935359212249914,12.94364073855919,50.43610153882969,46.92096098098777
LA-INFR-00250,Irrigation Dam & Reservoir,Maharashtra,36.52,147,191,4,91.91,4,12.3,6.4,58.4,High Risk,64.17001337755771,36.78898719057796,8.927521826180753,35.877912369392625,45.936965806863086,36.17327403034672
LA-INFR-00251,Urban Metro Rail,West Bengal,48.31,163,186,0,20.27,7,65.57,7.0,60.3,Critical Risk,57.0439079440639,48.401759065232156,63.32363926745704,26.213399078102334,23.03342579715722,45.99403562252389
LA-INFR-00252,Dedicated Freight Corridor,Gujarat,50.0,143,272,1,59.69,7,79.04,9.1,46.7,High Risk,58.271780807996535,49.895316717875275,33.989066713082195,10.337148936051783,36.77376430103603,37.43078588361972
LA-INFR-00253,Industrial Corridor,Maharashtra,349.02,176,171,0,92.12,6,70.67,7.8,22.0,Medium Risk,76.42938936190362,42.66900344899368,10.60494252990655,21.363707786022072,20.39441524623848,34.27641882230961
LA-INFR-00254,Urban Metro Rail,Bihar,10.0,132,249,0,90.0,1,98.94,4.9,1.0,Low Risk,52.13326832448848,3.1070589336464898,13.841913270254379,39.47039137100875,30.188461429242327,26.13120202103903
LA-INFR-00255,Industrial Corridor,Maharashtra,55.18,176,148,4,80.34,1,60.74,8.1,13.4,Medium Risk,64.12670562744707,12.701000041318268,18.809173653840315,16.970633291142203,40.092027449171525,31.300540523330003
LA-INFR-00256,National Highway,Bihar,38.54,165,311,4,99.82,3,54.48,6.2,44.1,High Risk,50.45108633333861,23.551480079138802,2.2133906401406374,37.68515881846544,62.32617188580649,34.52903532079001
LA-INFR-00257,Urban Metro Rail,Gujarat,96.35,160,171,1,68.38,1,86.5,6.6,9.5,Low Risk,70.2234429910919,6.272517141709582,26.056538375126085,28.59997006279852,24.68442656737794,27.598309550042607
LA-INFR-00258,Urban Metro Rail,Maharashtra,10.0,150,183,4,55.93,2,85.42,8.1,18.6,Medium Risk,54.34963370568837,16.18601407319664,34.66172034165599,18.06321770178125,41.653020644875106,34.373290321955444
LA-INFR-00259,Dedicated Freight Corridor,Gujarat,336.49,156,211,2,36.04,2,12.36,7.7,36.8,High Risk,75.1134818511161,23.428362581854785,50.13469336002455,20.359076027551698,38.09519067464348,40.13364646158539
LA-INFR-00260,Urban Metro Rail,Maharashtra,138.94,142,346,1,33.8,3,70.8,4.9,61.8,Critical Risk,67.65840444176168,21.350839935654726,53.865717149460046,45.14232596465974,51.76469379941089,44.68995978509477
LA-INFR-00261,Dedicated Freight Corridor,Bihar,487.71,150,220,4,74.86,0,39.93,8.2,20.4,Medium Risk,77.38683049962403,7.112017476446063,21.14123963889535,16.63052779191547,48.38113908915618,36.76754105324508
LA-INFR-00262,National Highway,Uttar Pradesh,179.19,152,203,3,30.11,3,68.25,3.8,59.6,High Risk,66.27248847439054,21.911874319652625,53.55236939171846,54.626431112445076,42.33116929786053,44.22507114485626
LA-INFR-00263,Industrial Corridor,Odisha,65.88,144,309,3,56.53,2,87.95,6.6,40.3,High Risk,66.91308729952847,11.949012141060969,36.24246032478539,26.022433649057675,59.96416267385693,43.72033185300527
LA-INFR-00264,Dedicated Freight Corridor,Tamil Nadu,50.0,136,252,1,70.52,2,25.0,5.7,35.4,High Risk,64.66234414436988,20.637621864147714,22.140766495632384,37.018457797997385,39.63350310028716,34.11201809124172
LA-INFR-00265,National Highway,Uttar Pradesh,265.72,154,273,0,36.84,1,72.75,9.3,6.7,Low Risk,70.1880483959856,6.557964650290053,48.08659959391867,9.429754009174918,30.63421209501446,31.14328846751063
LA-INFR-00266,Irrigation Dam & Reservoir,West Bengal,314.1,138,218,4,95.03,4,18.99,6.2,64.8,Critical Risk,74.62154955092413,33.48384782423161,10.8281285232632,37.16548381274916,48.04353652845076,40.79451953274505
LA-INFR-00267,Industrial Corridor,Bihar,20.0,137,263,3,72.62,6,22.24,6.7,80.7,Critical Risk,53.46495105356711,44.17376832169043,22.22896982248327,32.162224977091554,47.75064169311068,39.526885476726676
LA-INFR-00268,Industrial Corridor,Gujarat,126.47,129,130,0,34.07,1,73.47,7.2,15.0,Medium Risk,73.06274356762297,7.023575901861745,50.781356701512266,28.55715885891454,10.84392710090831,30.6339269088986
LA-INFR-00269,National Highway,Odisha,1503.03,148,323,1,77.62,3,56.57,6.6,44.9,High Risk,83.39520343614525,27.105661357237576,22.084814776827116,30.584059881034182,48.606244420562454,40.58788901208797
LA-INFR-00270,Irrigation Dam & Reservoir,Uttar Pradesh,147.5,131,243,4,47.47,1,33.56,3.2,48.3,High Risk,70.36161350502503,12.415877687316627,43.27532598204532,58.73103675558108,55.6361171966453,46.882730267372686
LA-INFR-00271,Urban Metro Rail,Bihar,502.88,168,218,1,56.58,2,71.93,3.4,42.6,High Risk,77.21543903802937,12.80553327460936,37.62405046398246,62.8520821217118,30.962324400617355,41.23551312714931
LA-INFR-00272,Dedicated Freight Corridor,Odisha,397.63,145,221,1,33.87,2,82.59,6.7,23.4,Medium Risk,74.74521929968581,14.577364284881227,52.254731793655786,30.8185051641728,30.221985237650333,40.0842110486458
LA-INFR-00273,National Highway,Gujarat,250.29,156,159,2,70.81,4,24.22,3.3,71.6,Critical Risk,71.85430661493443,32.947481393593264,28.547761330741892,58.0301829087651,29.793067650050485,42.64075975750417
LA-INFR-00274,Urban Metro Rail,Uttar Pradesh,85.34,149,180,1,54.58,4,70.19,9.3,26.1,Medium Risk,65.36550319059954,29.352286997496055,33.316917217439574,5.926264462026439,25.482866787615635,28.251983998976893
LA-INFR-00275,Dedicated Freight Corridor,Tamil Nadu,50.0,147,262,4,31.53,0,90.33,7.4,23.1,Medium Risk,59.36996145300951,2.168937791099474,52.98517509046897,22.968442382553093,58.822144798176126,37.15837097021806
LA-INFR-00276,Urban Metro Rail,Bihar,115.22,150,235,1,34.14,2,19.59,9.0,26.9,Medium Risk,68.69523958230845,18.915911642701104,51.52527921069587,13.512473293698472,31.273622780852136,33.578295492562916
LA-INFR-00277,Industrial Corridor,Maharashtra,181.23,155,269,3,76.38,5,22.04,8.1,62.2,Critical Risk,67.32952514996462,37.90970287881104,20.86820850631214,20.23913609854434,54.728787928524454,41.665052849884766
LA-INFR-00278,National Highway,Gujarat,50.58,151,233,1,54.54,1,81.9,4.7,17.6,Medium Risk,58.03092005842522,8.782827641624369,33.22869984798714,43.90260793748163,34.5272133585542,35.73922912108198
LA-INFR-00279,National Highway,Gujarat,157.53,158,237,1,26.16,6,79.8,9.2,44.7,High Risk,65.22433103386547,40.98774554299746,54.69681579718174,14.779427991937194,33.2407954030229,44.1565104011096
LA-INFR-00280,Industrial Corridor,West Bengal,20.0,155,228,4,42.87,1,77.01,8.5,36.0,High Risk,58.35457623211932,8.44274373304601,41.6506331283665,14.315069980737992,49.788661896827236,34.27370482540442
LA-INFR-00281,Industrial Corridor,Odisha,83.32,148,146,4,65.9,3,85.45,8.2,23.5,Medium Risk,64.95144283258378,16.57573289433443,29.220639730223468,19.79553075630933,37.860056944197545,32.5890778620282
LA-INFR-00282,National Highway,West Bengal,281.82,154,193,2,51.72,2,49.15,7.1,15.3,Medium Risk,67.19532197929206,19.15138124987638,37.96285313778612,26.585888432243518,33.7681397003817,38.30633245824503
LA-INFR-00283,Irrigation Dam & Reservoir,Maharashtra,234.42,131,188,1,88.51,2,76.89,5.6,4.6,Low Risk,71.06190734938913,16.0567024922226,9.406441415618488,39.29150865328237,25.702140873020145,26.911650190531294
LA-INFR-00284,Urban Metro Rail,Tamil Nadu,136.22,145,278,0,57.46,2,98.56,7.9,16.9,Medium Risk,69.25658764800632,13.040521359098946,36.42417664155056,20.675123094002977,35.51304243355148,33.81568293836545
LA-INFR-00285,Industrial Corridor,Odisha,372.86,129,310,3,84.01,2,91.56,3.5,52.3,High Risk,73.63107163705106,12.852385394781008,13.555909294221978,55.44791193290269,59.39288920601712,43.44346562859885
LA-INFR-00286,Irrigation Dam & Reservoir,Uttar Pradesh,25.0,152,258,4,70.12,5,32.61,4.1,72.5,Critical Risk,56.508367705026146,38.19819879826722,22.7985284523416,49.6680845565737,55.73540184629512,42.247596235907665
LA-INFR-00287,Dedicated Freight Corridor,West Bengal,192.21,148,238,1,28.22,2,26.53,3.6,53.3,High Risk,70.65635146820445,17.532165003016573,55.56756909181204,55.7921304982555,33.19189821921766,47.315265746058905
LA-INFR-00288,Urban Metro Rail,Tamil Nadu,455.39,145,282,1,33.57,4,44.43,5.5,52.9,High Risk,80.87973054942837,27.47222141976685,53.51722193301075,40.73422661257371,41.507257795356864,47.78605423705451
LA-INFR-00289,National Highway,Tamil Nadu,182.25,140,95,0,39.22,4,48.95,7.2,15.7,Medium Risk,62.41178541205484,29.4588679802507,48.27640741419149,26.941600306141044,7.743693354133928,37.594990083112016
LA-INFR-00290,National Highway,Gujarat,957.22,131,200,0,72.75,9,63.53,8.0,64.1,Critical Risk,81.70740409210872,63.909129916250855,23.328229510762586,18.92764033234346,20.54866460285055,42.825326799618736
LA-INFR-00291,National Highway,West Bengal,444.28,146,273,3,85.3,1,11.93,6.0,38.3,High Risk,75.18960361351354,10.101259073595754,16.48393842210605,34.978279940800874,54.77828269648129,38.96608883033757
LA-INFR-00292,Urban Metro Rail,West Bengal,191.39,148,194,2,46.64,2,46.97,3.9,48.3,High Risk,72.2448439386961,18.426050532602204,41.50291384758186,53.41082124113465,35.17698843468975,36.885170250873436
LA-INFR-00293,Industrial Corridor,West Bengal,87.29,133,262,4,42.79,2,82.02,7.4,38.6,High Risk,63.62766005902701,13.177630510141976,42.059893000671835,20.84774321330014,55.91085817319235,39.14607105343649
LA-INFR-00294,Irrigation Dam & Reservoir,Tamil Nadu,25.0,138,202,2,90.89,2,12.53,8.9,22.9,Medium Risk,61.79510561556184,21.568567082528602,11.330853702699937,14.46159809707431,34.6627680198852,28.194564202350776
LA-INFR-00295,National Highway,Tamil Nadu,103.57,162,219,3,92.24,3,27.09,8.5,16.0,Medium Risk,61.34501928700175,22.64767938068839,9.10876456436608,14.789836170374471,44.343391083867104,30.379456661559555
LA-INFR-00296,National Highway,West Bengal,20.0,154,228,3,36.1,2,91.05,5.9,42.1,High Risk,51.08503733336431,11.984882112781289,47.289226710906085,32.50310062798938,44.884957055218784,37.9095381226487
LA-INFR-00297,Irrigation Dam & Reservoir,Maharashtra,55.82,154,244,4,63.15,3,25.95,5.4,50.3,High Risk,63.55196946384618,26.38786365713887,33.302788764322294,42.94023228332047,52.42735425958372,45.88530270592747
LA-INFR-00298,Industrial Corridor,Uttar Pradesh,20.0,160,187,3,80.07,2,81.44,6.9,25.5,Medium Risk,56.561769768764755,13.635035378391699,18.47328208898244,30.657711520744957,40.26433570268519,31.67758221484845
LA-INFR-00299,Irrigation Dam & Reservoir,Maharashtra,357.09,144,331,2,65.34,4,96.34,7.8,44.5,High Risk,78.31890909239799,28.08190706948943,30.903377083568056,23.384078616559723,55.63172422709163,42.96270375179114
LA-INFR-00300,Irrigation Dam & Reservoir,West Bengal,25.0,165,237,4,27.67,2,90.26,6.1,46.3,High Risk,65.23532033908684,11.114753215406921,57.13071889897275,35.045184998764256,49.72806220312859,44.547938869716724
LA-INFR-00301,Irrigation Dam & Reservoir,Maharashtra,25.0,155,314,2,23.24,4,38.03,6.6,66.7,Critical Risk,60.21937615714756,33.83980274943862,60.183487048876955,31.229021842435554,50.697364793024704,48.24527424093468
LA-INFR-00302,National Highway,Bihar,162.95,149,252,1,82.61,4,25.63,6.0,43.3,High Risk,68.98834648182022,30.941502343414857,15.067467373473557,35.08511563213489,35.67412275741617,36.1704527665069
LA-INFR-00303,National Highway,Gujarat,509.83,143,263,3,64.0,2,21.27,5.1,55.6,High Risk,69.7483915095273,18.410027042888863,30.44881512061132,44.336626157555415,48.61618574349982,39.51256673442275
LA-INFR-00304,Industrial Corridor,Bihar,337.24,153,285,2,47.51,5,62.8,8.8,49.2,High Risk,79.10521439250336,36.472222670137384,42.91118073131726,13.061034847110516,47.93261473042277,44.629596269611774
LA-INFR-00305,Dedicated Freight Corridor,Maharashtra,172.33,138,259,3,81.5,3,15.33,4.2,68.3,Critical Risk,68.74692917437245,26.097534164727392,14.003992003286507,51.599707623439855,49.92534485895113,42.24094753088909
LA-INFR-00306,National Highway,Gujarat,557.7,133,246,0,55.78,3,97.3,9.7,8.0,Low Risk,69.65213463158679,14.660771108541212,36.98964922125562,5.024284305789604,28.868625347625606,31.611760709679817
LA-INFR-00307,Industrial Corridor,Uttar Pradesh,632.77,134,186,4,32.29,4,99.01,6.5,51.0,High Risk,83.23322854190008,25.125199242616375,51.89982006734755,28.970067982753935,48.896700742952376,49.86214793845324
LA-INFR-00308,Industrial Corridor,Maharashtra,98.26,151,172,3,29.86,1,69.06,6.3,25.3,Medium Risk,68.17801794128772,8.140071675526857,57.62476947494723,32.76641624362664,38.590034783717506,40.248019588314776
LA-INFR-00309,Dedicated Freight Corridor,West Bengal,85.19,163,236,2,80.59,3,72.0,8.2,14.6,Medium Risk,67.19300592349846,21.912370079330813,17.481354095779935,21.124766381329874,39.51881184714973,33.17439524584038
LA-INFR-00310,Urban Metro Rail,Odisha,205.78,150,249,1,89.26,2,27.79,5.1,22.7,Medium Risk,72.60584343002715,16.751744324596057,9.467971663269742,42.49125001556969,37.9392579169722,30.41334038134756
LA-INFR-00311,Dedicated Freight Corridor,Tamil Nadu,57.99,135,216,1,23.23,5,12.36,6.1,72.0,Critical Risk,63.10025463978836,37.90278062308937,61.98383273477943,37.04400318431546,29.579991140494936,42.02030317538673
LA-INFR-00312,Dedicated Freight Corridor,Bihar,483.01,143,148,4,50.95,1,18.9,9.6,8.4,Low Risk,77.58196241376295,12.35059702994093,41.46796839950545,11.89512859390985,38.25257625886535,38.67184363785012
LA-INFR-00313,Irrigation Dam & Reservoir,Gujarat,46.95,149,222,4,84.3,2,93.29,4.6,44.5,High Risk,61.697562319537184,14.807690081097665,16.18720832712517,46.80150257879124,49.89314652147809,34.82896893857648
LA-INFR-00314,Urban Metro Rail,Tamil Nadu,554.87,150,331,1,81.76,8,52.75,6.8,75.4,Critical Risk,80.53906965176955,53.995614006426884,17.757049508023456,29.708204136462875,54.169273024020804,46.38719142037594
LA-INFR-00315,Urban Metro Rail,Tamil Nadu,83.74,132,295,1,69.57,1,84.07,7.2,4.8,Low Risk,66.58698940112996,9.484724734223482,21.540385398987727,25.831262446400952,44.45918403984288,30.143444964977803
LA-INFR-00316,Irrigation Dam & Reservoir,Uttar Pradesh,27.41,161,242,1,45.91,2,10.47,8.0,35.8,High Risk,58.26633399838555,19.124844897591586,42.59664894708939,19.650687616632794,35.45021525851817,34.49253936336527
LA-INFR-00317,National Highway,West Bengal,25.62,165,267,0,91.61,5,79.12,5.8,39.0,High Risk,52.04848978753086,33.64535134979531,8.05427606850858,36.929353753216986,33.17662556290931,33.25099680638964
LA-INFR-00318,National Highway,Bihar,411.4,124,391,1,70.05,1,84.75,6.6,40.3,High Risk,72.88774342789586,9.444744905173373,22.57248369943056,31.26526616371265,58.62971605228357,38.28359498960302
LA-INFR-00319,Irrigation Dam & Reservoir,Tamil Nadu,140.6,176,222,3,93.02,5,78.29,4.1,62.8,Critical Risk,70.75866352869983,36.27629199435953,5.863912977837959,49.27548872486761,45.00310725635023,40.16227690911948
LA-INFR-00320,Irrigation Dam & Reservoir,Gujarat,40.57,159,320,2,98.26,2,69.93,6.3,36.8,High Risk,64.20049828847432,14.198979168295363,2.960078292316668,33.792057750013434,56.136999511042234,32.6833370787049
LA-INFR-00321,National Highway,West Bengal,183.79,164,287,3,29.46,4,87.05,9.9,48.0,High Risk,68.72656474353803,26.555023668009596,57.160390781597826,7.320672665621973,52.50199922815562,47.285543265493274
LA-INFR-00322,Urban Metro Rail,Uttar Pradesh,209.67,132,265,4,97.36,2,45.79,3.5,59.4,High Risk,69.49270915631247,19.86530896164318,4.934180808602507,54.91614757226583,58.231601847736655,45.95820949111234
LA-INFR-00323,Urban Metro Rail,West Bengal,74.82,151,251,2,87.99,3,69.48,9.9,12.3,Medium Risk,66.45858062120698,23.915647526647465,13.394647784316282,4.552170114606318,44.414134695595585,28.721889140164514
LA-INFR-00324,National Highway,Tamil Nadu,20.0,155,157,4,48.33,1,75.35,7.5,7.3,Low Risk,47.52056972028294,6.189640179367905,43.6115704445158,18.021415984518534,38.98285184315296,26.702648496752346
LA-INFR-00325,Irrigation Dam & Reservoir,Tamil Nadu,25.0,133,217,3,81.6,5,64.26,3.1,64.8,Critical Risk,57.346256283925996,36.76523459550114,16.912353684516727,60.73296701260644,43.035309853678655,41.85594196613195
LA-INFR-00326,Urban Metro Rail,Gujarat,307.18,150,129,1,86.05,2,71.49,7.0,3.1,Low Risk,74.17168599399795,16.704973533617807,15.019346969636818,29.922663249254743,13.852762748650111,24.210865591588018
LA-INFR-00327,Industrial Corridor,Tamil Nadu,48.89,153,216,2,78.25,3,20.34,9.3,20.7,Medium Risk,64.38012378522996,25.680027254175343,18.8691383245576,12.14533130754309,36.69988445922431,30.73066650462117
LA-INFR-00328,Industrial Corridor,West Bengal,31.11,148,343,0,85.14,3,46.14,7.5,30.2,High Risk,56.85739647419667,26.827764544945403,15.855511809444533,23.412361474649778,45.605351311437715,35.97815468771243
LA-INFR-00329,National Highway,Maharashtra,68.41,143,289,1,49.65,3,78.16,7.3,26.4,Medium Risk,60.815739325687495,21.58070384355659,37.448072648928495,26.683190517068656,41.5099808942554,34.51647962532404
LA-INFR-00330,Industrial Corridor,Maharashtra,439.54,134,260,2,72.92,4,78.38,7.2,36.9,High Risk,81.35594964890447,24.808254093942395,18.821173506949652,25.540292212413924,42.44606247802493,35.47708192180556
LA-INFR-00331,Irrigation Dam & Reservoir,West Bengal,225.37,172,301,3,97.76,3,52.74,4.8,67.4,Critical Risk,74.59532500002229,24.41897263518629,8.793865265526877,46.45916321853626,58.83379290520563,42.1737339731034
LA-INFR-00332,Industrial Corridor,Uttar Pradesh,208.04,155,263,2,48.55,5,40.78,9.0,52.8,High Risk,73.2084061003454,35.73336363831364,39.79808215886619,11.005789131080258,43.107356962619924,44.14541811302102
LA-INFR-00333,Dedicated Freight Corridor,Maharashtra,558.12,146,226,1,75.85,3,32.73,4.0,46.2,High Risk,81.21981916571137,23.949073854619357,18.763611358067983,50.4571234247978,28.744374888949885,38.99440145104686
LA-INFR-00334,Urban Metro Rail,Tamil Nadu,476.28,123,189,0,71.79,2,17.07,6.0,19.5,Medium Risk,78.95467133646602,18.13762808302864,22.417858513445474,37.518557149718745,19.87002675052651,34.94622195445027
LA-INFR-00335,National Highway,Uttar Pradesh,329.35,143,207,4,31.77,3,86.68,4.6,56.4,High Risk,68.74220186631901,22.79045563049798,49.783544361899686,47.797529281208305,44.247216741378985,46.28226975886985
LA-INFR-00336,Dedicated Freight Corridor,Uttar Pradesh,160.04,147,167,0,92.13,5,64.53,3.5,34.7,High Risk,73.06255985454955,35.65061494009973,10.100980589507316,53.2906235731657,19.045400604726378,34.97276688898383
LA-INFR-00337,Dedicated Freight Corridor,Maharashtra,517.88,146,178,1,22.78,1,24.48,5.2,35.2,High Risk,80.4584865720248,12.053765868557827,58.9531017271381,40.179712605850966,28.873672083820864,41.93585268371634
LA-INFR-00338,Industrial Corridor,Uttar Pradesh,200.7,151,146,0,85.73,8,20.8,3.2,62.5,Critical Risk,71.60785982653753,62.016980769736826,13.74455570077663,55.21098877762493,16.013310780409544,41.38245324117824
LA-INFR-00339,National Highway,Uttar Pradesh,448.88,150,257,0,38.39,3,92.15,8.3,14.9,Medium Risk,75.2425261454748,19.12323864680502,44.75022193786048,9.324928496077103,28.606793058455327,38.26666541206932
LA-INFR-00340,National Highway,Tamil Nadu,20.0,156,178,3,99.29,1,41.65,7.5,10.2,Low Risk,51.781667972759216,10.206932818379135,4.6970627287366655,21.42953852952571,37.78308529031491,29.363233690373978
LA-INFR-00341,Urban Metro Rail,Maharashtra,16.57,139,258,0,39.4,4,94.42,8.8,15.8,Medium Risk,52.20920096935589,22.93851164053739,47.100960914749,11.980625519071417,30.861166465683997,32.27555169246739
LA-INFR-00342,National Highway,Tamil Nadu,316.27,130,160,4,72.1,6,29.44,8.4,62.0,Critical Risk,67.29743252439172,45.70273468199628,24.660163042093583,16.01545920899245,38.594508029588226,38.197511901218306
LA-INFR-00343,Urban Metro Rail,Uttar Pradesh,169.78,158,235,4,91.39,5,48.09,3.6,66.5,Critical Risk,71.54937459308826,36.17702955818269,10.00360680194353,54.29670315571412,55.04595733476194,43.19344145938995
LA-INFR-00344,Irrigation Dam & Reservoir,Uttar Pradesh,25.0,158,177,3,37.26,2,23.52,4.8,43.3,High Risk,56.19428838423039,17.303967995107286,47.17856912144572,47.87468960695975,36.32045531502978,38.83671292768078
LA-INFR-00345,National Highway,Gujarat,125.76,136,88,4,56.11,2,22.0,5.2,31.3,High Risk,61.94798687411338,19.219619531405638,35.57262225290869,42.387387032020676,29.07299290915592,36.07208090013823
LA-INFR-00346,Dedicated Freight Corridor,Odisha,70.96,165,180,4,62.4,2,90.47,5.8,26.5,Medium Risk,64.44099312927784,14.662893297414294,30.457894510620722,37.52797893753007,43.263369451398226,36.43193318862932
LA-INFR-00347,Urban Metro Rail,West Bengal,141.35,144,249,2,25.07,3,47.24,5.9,61.2,Critical Risk,69.82193776019189,22.909688683447673,56.34419117545512,35.898658599246176,42.200448404917324,42.254479625271514
LA-INFR-00348,Irrigation Dam & Reservoir,West Bengal,176.6,171,244,0,61.88,7,97.65,8.2,51.9,High Risk,74.02723872407805,44.44341211387986,34.98162142146268,16.798307827597654,30.156214458900592,41.24204424748724
LA-INFR-00349,National Highway,Odisha,240.39,144,268,1,24.09,4,63.14,8.5,44.8,High Risk,65.84547448256868,31.24501088708103,56.37256301309012,16.61693347512734,40.27997387181861,44.00364056804949
LA-INFR-00350,Irrigation Dam & Reservoir,Tamil Nadu,285.3,168,249,3,49.75,2,79.42,8.0,30.1,High Risk,72.9248813784301,14.318530474216589,39.48327010937316,21.20914190377795,50.46915725494514,42.129742344569536
LA-INFR-00351,Irrigation Dam & Reservoir,Tamil Nadu,99.74,126,183,3,83.91,1,81.43,4.7,14.7,Medium Risk,67.70326337715481,7.2839550884038236,17.13265949675595,42.03499964284533,37.671231486957076,35.69368969922492
LA-INFR-00352,Irrigation Dam & Reservoir,Bihar,133.98,132,284,0,42.74,3,90.34,5.5,42.9,High Risk,65.68485700091823,19.664655886557174,43.01227518847175,39.001363159163475,37.406434299334016,37.75098972465742
LA-INFR-00353,Industrial Corridor,Tamil Nadu,160.3,156,228,3,49.8,5,58.49,4.6,68.5,Critical Risk,71.68298227687899,37.38952622542979,38.67811069448282,44.3670844964593,47.28764524632124,49.208479716095184
LA-INFR-00354,Urban Metro Rail,Bihar,356.38,167,222,1,41.42,4,23.15,8.6,53.4,High Risk,79.58089512239424,32.7626959524781,47.78416375429554,13.541322470994043,27.49653640786063,38.55727029334127
LA-INFR-00355,Irrigation Dam & Reservoir,Gujarat,57.53,156,249,0,80.84,5,75.08,3.0,54.3,High Risk,61.88061543132574,32.88034211334818,18.438389813576702,56.25193406901874,30.566101029189397,36.61763368612664
LA-INFR-00356,Irrigation Dam & Reservoir,Maharashtra,162.56,153,262,3,30.76,2,91.5,3.0,61.9,Critical Risk,71.39391266301628,14.461514160402677,53.537438676710856,59.661061591264385,48.512107063352275,47.010423354580354
LA-INFR-00357,Dedicated Freight Corridor,Uttar Pradesh,117.29,132,237,1,82.98,1,88.23,9.2,1.0,Low Risk,68.28959397604991,8.59441657558816,17.151455990719914,7.924865437799681,36.85741142209834,27.920695679221502
LA-INFR-00358,Irrigation Dam & Reservoir,Gujarat,74.11,152,221,1,69.77,1,81.39,9.0,1.8,Low Risk,65.49048005897554,8.875204558348237,23.849859892390942,12.720173561909414,31.941837455260735,27.099981002059288
LA-INFR-00359,Urban Metro Rail,West Bengal,10.0,158,280,3,49.08,3,32.61,9.9,57.8,High Risk,52.233615107497016,25.00943654845603,40.38307654947011,6.493464808403823,56.395766229408764,34.875185707794586
LA-INFR-00360,Dedicated Freight Corridor,Bihar,77.58,158,290,4,59.06,3,86.2,3.5,64.6,Critical Risk,66.35982820693397,19.3157611629439,33.6232005148366,53.730586861390194,61.627105029621084,43.49987020431145
LA-INFR-00361,Irrigation Dam & Reservoir,Gujarat,25.0,181,263,2,91.7,2,82.49,5.4,26.2,Medium Risk,61.21605466477675,18.19966380282969,10.879868708943029,37.01113636434302,43.4632395918213,33.55880865293264
LA-INFR-00362,Urban Metro Rail,Odisha,394.52,147,230,4,90.57,1,24.17,7.0,35.4,High Risk,74.21458443455096,11.439590733438413,7.952775819416052,24.850653640649064,52.149581450234024,29.330224243121947
LA-INFR-00363,Urban Metro Rail,West Bengal,31.56,158,224,2,58.41,2,55.24,4.7,20.6,Medium Risk,64.32859583259821,19.633142371249665,34.365232489766825,44.82085040759539,38.20392954831061,37.82589191260135
LA-INFR-00364,Industrial Corridor,Tamil Nadu,20.0,160,152,1,51.23,4,46.8,6.6,28.1,Medium Risk,59.07902624234161,28.871159124513046,40.23503478031398,31.21058842590053,18.78858770472517,33.35123755527488
LA-INFR-00365,Irrigation Dam & Reservoir,Maharashtra,268.07,147,328,3,82.99,3,15.55,9.4,50.6,High Risk,75.46737413610498,28.94298603114531,16.996189378911467,11.242944955762972,57.30931793019627,38.19049304216401
LA-INFR-00366,National Highway,Bihar,130.7,132,190,3,28.3,4,41.56,9.5,34.7,High Risk,60.70927678177096,25.880988483285886,52.297646839301855,8.097173642500895,39.400441273743276,35.911341519273144
LA-INFR-00367,Industrial Corridor,Uttar Pradesh,20.0,170,277,2,51.99,2,88.69,5.7,41.0,High Risk,58.193830438606405,12.390735675389122,43.607292679100475,40.23558271468732,44.70981446493143,39.057276107266155
LA-INFR-00368,Irrigation Dam & Reservoir,Uttar Pradesh,62.52,142,272,1,71.95,1,21.85,7.6,16.9,Medium Risk,65.746448344267,9.75386316945674,22.25800502358198,26.72805509297968,40.53110988826227,30.51704777746874
LA-INFR-00369,Industrial Corridor,Maharashtra,327.66,131,237,4,60.14,2,58.66,8.1,31.1,High Risk,72.37239133880686,19.732216774045444,30.3913772839889,17.02113536479074,57.24524950284521,39.87078688176186
LA-INFR-00370,Industrial Corridor,West Bengal,21.33,131,322,3,52.58,4,50.35,7.7,55.0,High Risk,59.946577032098986,30.589748922614678,36.160376382367964,20.126185481205898,58.74059225133418,44.07999972326279
LA-INFR-00371,Dedicated Freight Corridor,Gujarat,141.97,137,205,2,93.78,7,17.92,7.6,53.0,High Risk,69.67336941937558,52.750106148773355,7.090146668269367,23.4571917140785,31.279343006775584,34.373221686482545
LA-INFR-00372,National Highway,Uttar Pradesh,20.0,154,242,4,92.9,5,15.85,9.9,57.8,High Risk,52.97277777503119,38.57108519990206,7.274433844917338,3.7046517237234617,51.317048430966466,30.94222147611239
LA-INFR-00373,Dedicated Freight Corridor,Maharashtra,86.69,125,192,2,38.75,3,11.42,9.1,36.0,High Risk,64.12063537781387,29.119048004057003,45.9022658912971,12.659918183172012,34.843485792978186,37.71669312946589
LA-INFR-00374,Urban Metro Rail,Uttar Pradesh,30.72,165,180,4,52.79,1,27.49,3.8,57.4,High Risk,61.519167782362004,11.533511116726883,38.63344691678344,54.9752270796737,43.394816353589775,42.79127983565711
LA-INFR-00375,Dedicated Freight Corridor,Uttar Pradesh,50.0,144,194,3,76.54,4,96.65,7.2,29.9,Medium Risk,61.69523247156559,28.955574762747297,20.664992298462124,25.458120390783865,41.12232057491098,31.010890268738766
LA-INFR-00376,National Highway,Uttar Pradesh,21.67,151,348,2,88.14,2,23.93,7.9,37.8,High Risk,51.645126681617796,18.123395426033653,12.23438692042413,21.378232754890274,54.597656441642876,31.27601741800105
LA-INFR-00377,Dedicated Freight Corridor,Bihar,50.0,131,318,4,99.55,2,47.28,6.9,52.2,High Risk,66.0003420420847,14.77707039306384,2.4823590567658362,26.449463496416776,67.35467420567483,34.852203791024564
LA-INFR-00378,National Highway,Bihar,20.0,160,155,0,61.65,2,51.75,6.1,10.4,Low Risk,48.6810795662515,14.215228957525245,29.794653765433594,35.38718788696622,15.876872066273654,26.45395835821518
LA-INFR-00379,Dedicated Freight Corridor,Odisha,112.78,158,280,0,50.54,2,71.5,8.9,18.2,Medium Risk,67.599620007478,16.169849653877566,41.56674153869841,12.476226367020713,38.045584202685376,34.07549413207633
LA-INFR-00380,Dedicated Freight Corridor,Maharashtra,50.0,144,221,4,77.69,3,93.94,9.9,13.3,Medium Risk,64.3849237631104,23.40468628784313,22.160032890150998,3.835802152715217,53.48903557748208,35.40341548208145
LA-INFR-00381,Industrial Corridor,Uttar Pradesh,402.66,141,201,0,45.73,2,56.99,6.1,17.9,Medium Risk,77.58051972338936,17.68245109265138,41.17453962003953,36.1187546526015,20.732888160371168,37.9612539388812
LA-INFR-00382,National Highway,Maharashtra,157.11,142,216,1,35.08,3,86.84,4.9,33.4,High Risk,64.39358036772651,25.982742687353486,49.02591950705498,43.93962464279557,31.344687455957416,41.092642015586286
LA-INFR-00383,Industrial Corridor,Uttar Pradesh,62.87,153,333,4,69.75,2,28.24,7.4,54.5,High Risk,63.77583419846384,19.540967712043106,24.464652448038724,25.7800311973956,68.25847440074716,39.47620692149606
LA-INFR-00384,Dedicated Freight Corridor,Uttar Pradesh,88.3,145,268,1,35.43,5,61.32,8.1,59.5,High Risk,67.53776101607133,30.46028139236887,51.20367740649202,17.838194378700805,37.2078204644805,42.268540827071675
LA-INFR-00385,Industrial Corridor,Odisha,20.0,160,206,3,55.85,3,28.21,4.2,62.5,Critical Risk,53.675571352452145,26.847774743347152,32.85488404990067,49.21297955453859,41.73415670144215,40.88522526913872
LA-INFR-00386,Industrial Corridor,Uttar Pradesh,141.43,137,205,4,69.58,2,21.67,8.8,17.8,Medium Risk,69.02651338776508,20.561625698443155,26.977359738524175,12.920238676079126,48.035361322076184,34.29458581567313
LA-INFR-00387,Urban Metro Rail,Tamil Nadu,87.43,165,201,4,44.02,7,22.19,7.7,73.2,Critical Risk,67.24978991176395,51.261268171773295,45.06159873104033,25.000774821256602,52.10820047758669,47.460833188997114
LA-INFR-00388,Industrial Corridor,Uttar Pradesh,242.64,138,211,4,70.16,3,30.79,4.6,72.6,Critical Risk,72.62022194186166,25.901186672205693,26.167894593138662,47.119729650737,46.743692723981994,42.34827681112649
LA-INFR-00389,Dedicated Freight Corridor,Uttar Pradesh,87.95,144,288,2,89.3,4,31.67,3.4,63.1,Critical Risk,65.62697454120888,30.68355901381964,12.68395827346154,59.20360473987319,47.30991120509307,45.07211147304653
LA-INFR-00390,Irrigation Dam & Reservoir,Uttar Pradesh,753.05,144,294,1,99.01,4,62.7,8.1,27.4,Medium Risk,83.40575227500383,30.64858458282064,6.340512481113382,20.89451220751962,46.36212392485855,36.053957977975635
LA-INFR-00391,National Highway,West Bengal,639.36,165,298,3,29.47,3,70.46,6.1,63.5,Critical Risk,75.49146580611989,22.911981829096305,55.41281307575209,41.45292988371782,54.13301502525917,47.58363834707109
LA-INFR-00392,Urban Metro Rail,West Bengal,255.33,172,196,1,99.18,4,54.85,5.4,44.5,High Risk,72.45150285900759,29.254280883272525,5.991978373334613,40.55581822996357,27.537153757645008,33.98915841164822
LA-INFR-00393,National Highway,Bihar,165.56,152,259,3,70.25,3,17.75,5.1,59.4,High Risk,65.69017370834484,27.485226878200407,29.737732072495945,44.69342571335357,49.079695538090256,43.41745320577944
LA-INFR-00394,National Highway,Uttar Pradesh,37.15,146,277,1,94.29,4,60.48,4.1,41.9,High Risk,58.18640582898787,30.292248287062428,10.193599671755349,52.192361423971924,42.00382740606796,38.77957575769478
LA-INFR-00395,Irrigation Dam & Reservoir,Odisha,25.0,165,210,1,23.04,2,55.33,5.9,31.8,High Risk,58.70703227500072,17.68578702359874,59.69585599026249,36.56535560969567,31.00620599989196,40.86990038767706
LA-INFR-00396,Urban Metro Rail,West Bengal,86.84,138,242,1,53.44,2,65.66,6.1,25.5,Medium Risk,62.21119032312744,15.241489117000366,35.57441512946925,32.68442782625533,35.50861470099679,36.280410317398484
LA-INFR-00397,Dedicated Freight Corridor,Bihar,50.0,148,257,0,57.44,4,92.73,3.1,44.5,High Risk,64.7847662701977,25.838918547221507,36.627117689417304,61.63176053969276,32.008051689939855,41.21235068799867
LA-INFR-00398,National Highway,Maharashtra,376.76,160,300,0,58.15,4,32.4,7.9,45.1,High Risk,71.53196542425295,28.761488201008518,32.233768209268746,19.83092060487594,37.60269102055146,35.91398237512947
LA-INFR-00399,Dedicated Freight Corridor,Uttar Pradesh,182.5,128,148,3,82.59,1,83.94,9.8,1.0,Low Risk,71.33300059285271,4.335977677408652,13.030624810199816,7.329174126889763,32.19846331823357,25.234760533891286
LA-INFR-00400,Industrial Corridor,Odisha,310.68,158,291,2,44.07,3,34.34,8.9,52.6,High Risk,77.50330140440761,20.51806416611522,45.21132000383789,13.891831485776436,52.07815539607097,42.36690301202832
LA-INFR-00401,National Highway,Gujarat,27.81,157,184,3,38.96,4,82.65,8.6,33.7,High Risk,49.84367273655629,29.050526402924,48.271310383051166,14.509694194277461,37.50116272688647,35.17444301352618
LA-INFR-00402,Industrial Corridor,Odisha,45.14,158,211,1,42.38,3,96.72,3.4,55.6,High Risk,67.55840181962152,20.948829500762653,43.542029543571566,53.97678014301941,30.56255199503177,42.0834879449429
LA-INFR-00403,Irrigation Dam & Reservoir,Uttar Pradesh,56.79,136,181,2,64.08,5,39.8,9.0,27.2,Medium Risk,62.72239354282077,33.022113060906776,26.535390605233786,9.886394696036563,34.45669218480484,34.536117989272476
LA-INFR-00404,National Highway,Tamil Nadu,575.45,154,269,4,81.74,2,10.98,8.7,33.2,High Risk,70.45988308811415,19.189137334574824,17.74391549136396,12.901655448084796,55.6247312878841,39.294959227107356
LA-INFR-00405,National Highway,Uttar Pradesh,509.72,142,271,2,93.04,4,36.4,8.3,38.9,High Risk,75.34014022443455,30.32300195207291,5.0416485191552844,17.423671682654053,43.16210156570093,32.58348880286839
LA-INFR-00406,Irrigation Dam & Reservoir,Maharashtra,199.24,148,194,4,36.81,3,35.67,3.8,68.6,Critical Risk,74.72067272119176,26.59348905543091,50.85043597144137,53.84663648173312,49.278482104261315,46.712887502550885
LA-INFR-00407,Urban Metro Rail,Odisha,100.71,137,218,3,72.24,2,59.84,8.3,17.0,Medium Risk,68.12939084427941,15.693823760404321,23.81593270194606,16.855090535968905,44.82985700134967,31.343764366972366
LA-INFR-00408,Industrial Corridor,Odisha,59.63,144,236,1,86.36,4,63.03,6.8,34.6,High Risk,61.74013583950108,27.41149536858459,12.14582663266369,29.404705088897575,36.717735588144365,33.16055868816413
LA-INFR-00409,Irrigation Dam & Reservoir,Maharashtra,61.68,160,221,0,43.17,7,24.41,8.2,62.6,Critical Risk,61.77274779741174,47.703493338423456,46.23559284684267,17.276715658430252,27.542816014617518,39.26006208921176
LA-INFR-00410,National Highway,Odisha,46.63,147,242,1,68.12,2,22.85,6.5,27.7,Medium Risk,57.23049689129453,20.011944864092584,26.7106340052816,32.92983497499084,34.89769975748658,30.90850690819968
LA-INFR-00411,Dedicated Freight Corridor,West Bengal,52.0,163,192,3,33.94,2,50.66,8.7,29.5,Medium Risk,64.64903054613819,15.654306822140263,51.55817057369661,16.773884884682303,40.01387778979355,37.337883240598
LA-INFR-00412,Urban Metro Rail,Maharashtra,49.6,156,253,2,55.32,2,21.2,9.8,27.0,Medium Risk,61.571792563670684,18.83907367344609,37.93502774468441,8.256608893712711,42.686256961363654,35.82411662240672
LA-INFR-00413,Industrial Corridor,Gujarat,167.46,145,192,0,29.53,2,37.72,4.6,32.8,High Risk,69.71519428664519,19.880318434717545,51.829406850775584,44.15005089973281,24.07719023616287,43.809643838864446
LA-INFR-00414,Dedicated Freight Corridor,Maharashtra,84.3,162,271,4,33.18,4,87.33,7.3,73.2,Critical Risk,68.34192060510277,28.547757073093916,53.455829528582846,28.14716230173072,58.20954284266274,47.84711094813801
LA-INFR-00415,Irrigation Dam & Reservoir,Maharashtra,99.33,146,320,0,72.26,7,98.42,4.3,64.9,Critical Risk,67.2029594500696,43.4701219322181,23.031006930037066,47.9993306170133,41.46370663043321,40.15741902045699
LA-INFR-00416,Dedicated Freight Corridor,Uttar Pradesh,50.0,163,251,4,98.37,6,39.01,5.6,62.8,Critical Risk,62.72127807276648,42.25958579457066,4.951651867062413,43.89505596893351,54.94737626396533,39.87157896121716
LA-INFR-00417,Dedicated Freight Corridor,Uttar Pradesh,103.93,138,141,0,30.8,2,85.31,9.5,3.6,Low Risk,63.48152304286276,11.587242679436514,48.99613762816003,6.641254123138135,12.342336527697741,30.967026721377774
LA-INFR-00418,Urban Metro Rail,Odisha,326.51,146,216,3,50.38,3,85.66,3.4,53.5,High Risk,77.11458279405832,18.538787666238544,40.410486811994815,59.761996816592124,42.72262220477649,47.635358463194265
LA-INFR-00419,National Highway,Maharashtra,20.0,193,233,1,45.57,4,82.88,9.7,24.8,Medium Risk,53.80046169494723,28.528393584334985,41.53954184019336,7.728933958637514,36.16825770875747,35.01678473978394
LA-INFR-00420,National Highway,Maharashtra,108.62,164,266,3,83.51,7,64.46,4.7,83.7,Critical Risk,62.74504474371144,48.464303778106704,12.771072962190159,47.188897506654754,54.29622295761547,45.49804527571279
LA-INFR-00421,Dedicated Freight Corridor,Odisha,97.96,161,231,0,91.6,2,51.57,6.5,13.9,Medium Risk,67.74348298093811,15.06324587586423,9.492016423980706,30.189859823357487,28.0929053135859,28.62635125315349
LA-INFR-00422,Industrial Corridor,Gujarat,514.84,166,230,3,74.18,6,37.68,6.0,74.2,Critical Risk,80.1158491650809,44.177239239424004,21.069334372469463,37.90249828822517,49.47265879523823,43.800603065068216
LA-INFR-00423,Urban Metro Rail,Uttar Pradesh,104.07,147,142,0,61.28,2,33.69,4.6,7.3,Low Risk,68.49386919000983,17.762740811781917,30.924046604018898,46.0950972328611,10.406502697549193,33.26171964692617
LA-INFR-00424,National Highway,Tamil Nadu,458.24,159,181,4,93.94,2,61.49,7.5,24.2,Medium Risk,72.59950874841088,14.390581456577026,6.862690562585849,22.125724562023418,44.0543241903756,29.547986764808247
LA-INFR-00425,Urban Metro Rail,Maharashtra,397.06,155,193,4,44.2,1,14.1,8.5,56.7,High Risk,80.4561501306551,15.282275243879745,45.16548442546601,18.136456384292437,42.10165518198188,37.8043330928082
LA-INFR-00426,Urban Metro Rail,Bihar,348.93,137,281,4,36.32,2,76.52,8.1,38.3,High Risk,71.62662928470569,13.943311886860483,49.36736715338386,21.553762251515387,59.34692992977998,42.96350661862083
LA-INFR-00427,Irrigation Dam & Reservoir,Tamil Nadu,300.21,167,281,3,96.54,4,37.79,9.1,49.1,High Risk,78.38149884731249,29.975683450153166,6.182227629545501,9.8860071481867,52.0787529284044,34.80597342323372
LA-INFR-00428,Urban Metro Rail,Uttar Pradesh,25.24,166,267,4,85.87,1,11.61,7.5,41.6,High Risk,58.903570667531575,11.544743823767398,14.53398962700597,22.074382321620067,58.087981126016736,30.92474604846505
LA-INFR-00429,Dedicated Freight Corridor,Gujarat,229.38,139,266,3,68.47,3,20.53,5.3,56.1,High Risk,74.7715831728291,29.85655665708955,27.399132164194597,43.69989312477028,51.91886988853798,42.57929926426476
LA-INFR-00430,Dedicated Freight Corridor,Uttar Pradesh,391.95,142,363,4,92.39,3,52.44,4.3,70.0,Critical Risk,74.83835006436935,25.178409025758253,10.667310956319858,49.81467890488677,72.8167999845346,48.97922010824745
LA-INFR-00431,Urban Metro Rail,Gujarat,42.48,166,233,4,60.48,2,48.46,7.4,50.9,High Risk,62.93690997100816,20.59440209136175,29.81961677334476,26.44909848759371,52.8062017949559,35.560109161798856
LA-INFR-00432,National Highway,Tamil Nadu,682.33,139,237,3,34.39,3,59.5,8.2,40.6,High Risk,71.50427196864584,22.73113647586032,52.23628709035023,20.286653521722577,46.66400397840232,39.97075296497775
LA-INFR-00433,Dedicated Freight Corridor,West Bengal,234.69,190,204,2,41.23,5,12.9,7.3,73.8,Critical Risk,71.04602516144244,39.01671555231985,47.312525416137355,26.7872350350516,34.108225085359116,45.93521580755047
LA-INFR-00434,Industrial Corridor,Odisha,175.16,124,242,0,58.07,3,96.25,9.2,13.4,Medium Risk,69.22466437104279,20.038153182188942,35.31078858528292,12.246633076427418,30.680161674511393,35.58853239606671
LA-INFR-00435,Dedicated Freight Corridor,Bihar,50.0,161,218,0,82.03,2,60.66,4.2,20.9,Medium Risk,63.70644469883786,16.27341161981769,17.051540371016983,48.949508951014145,28.886046328569854,35.131297214761474
LA-INFR-00436,Dedicated Freight Corridor,Maharashtra,108.24,147,250,3,88.01,6,65.23,5.2,77.9,Critical Risk,67.05091551746298,40.16359707188096,14.118983597575978,43.19837601281833,48.22763993941674,41.196985028905
LA-INFR-00437,Industrial Corridor,Odisha,232.08,145,257,2,24.57,3,88.31,9.1,30.5,High Risk,74.50467364039707,22.11594587364197,56.932388355876,11.725848588043256,44.179851513804,41.347440742689564
LA-INFR-00438,Urban Metro Rail,West Bengal,76.68,147,247,3,25.11,2,49.84,9.4,37.2,High Risk,62.49655321932977,21.504208369022024,58.27489195274448,10.262910648315613,50.04850356173681,39.197134175084436
LA-INFR-00439,Dedicated Freight Corridor,Uttar Pradesh,236.01,144,211,3,50.95,0,69.5,5.7,11.9,Low Risk,76.68846483661832,4.856778030095243,39.52159353562096,41.440127758297194,44.257713559961836,40.31430902915265
LA-INFR-00440,National Highway,West Bengal,65.98,162,278,2,61.25,3,19.78,6.5,47.8,High Risk,60.786398390616775,27.460783118652557,31.294674393344216,32.906642321617554,49.29798766256585,42.01712720697894
LA-INFR-00441,Urban Metro Rail,Tamil Nadu,172.37,142,305,2,61.21,5,28.88,5.7,71.9,Critical Risk,71.67471007957673,37.10797808370998,28.073448226433122,35.533118378246584,53.07553711305547,44.43828141266863
LA-INFR-00442,National Highway,Maharashtra,189.86,163,285,2,74.33,2,87.29,5.7,25.4,Medium Risk,64.66896279640419,11.437142271406191,20.185201720855723,39.657462713232384,48.293304939658285,38.077521585097315
LA-INFR-00443,Urban Metro Rail,Odisha,60.37,163,254,1,92.38,0,83.37,4.4,6.5,Low Risk,61.234214525285765,1.6759975191987397,11.422131429814105,46.90719816803312,36.0513086722628,29.783352454451204
LA-INFR-00444,Industrial Corridor,Tamil Nadu,174.46,124,170,1,64.4,3,99.38,6.5,4.6,Low Risk,74.56786866464769,15.13290815415869,30.028182865986032,28.66709142574265,27.136120305439846,33.53983207225469
LA-INFR-00445,Industrial Corridor,Bihar,253.51,147,168,1,20.73,5,17.58,6.0,66.3,Critical Risk,73.54313653545684,36.16674970884036,63.02680181794109,36.29660618577619,23.14189010591807,47.984375449120336
LA-INFR-00446,National Highway,West Bengal,322.23,148,249,4,84.98,1,16.1,9.8,13.2,Medium Risk,71.23752331672917,13.562299761512474,13.393999759511276,4.206686622632587,51.29326985872973,28.920994071371485
LA-INFR-00447,Industrial Corridor,Odisha,200.32,152,222,0,66.44,4,31.98,4.9,37.3,High Risk,73.17320169878754,29.016134584852384,28.458632053104154,41.63724446399142,22.18098276438493,37.155724788030206
LA-INFR-00448,Industrial Corridor,Bihar,101.07,171,239,2,78.35,7,13.06,3.7,63.9,Critical Risk,69.00060804067967,53.85134521382041,23.416949588181154,55.896005316125,39.298253827470454,48.68240216106254
LA-INFR-00449,Urban Metro Rail,Odisha,10.0,172,252,1,91.57,2,17.43,8.3,21.3,Medium Risk,53.8897675832048,21.197386401287183,12.705878242081534,18.59391036208927,39.00335702542781,28.23057467988965
LA-INFR-00450,Industrial Corridor,Gujarat,20.0,167,289,3,69.96,4,70.74,7.6,48.4,High Risk,58.200966200194635,25.00147803583237,24.847113093454407,21.391810867296986,58.16580257803105,36.03930316383304
LA-INFR-00451,Dedicated Freight Corridor,Bihar,312.09,133,166,1,88.02,4,52.55,8.9,5.1,Low Risk,74.90345836847924,33.22566201471434,12.748475148807751,14.746423271740074,28.73560492415728,30.189533136787883
LA-INFR-00452,Irrigation Dam & Reservoir,Bihar,152.39,167,199,1,25.59,3,76.16,3.3,54.4,High Risk,72.42286312888115,19.904633384181725,59.758898734148005,55.14773659679218,25.699957068596472,45.470163638730405
LA-INFR-00453,Urban Metro Rail,West Bengal,441.83,129,316,0,70.16,1,79.53,7.2,4.7,Low Risk,79.2416979518756,10.394937639586844,22.03670558870552,26.579500255918457,40.246845098735264,36.16926516346556
LA-INFR-00454,Urban Metro Rail,Odisha,269.44,176,321,3,51.97,2,68.16,3.8,71.7,Critical Risk,74.20269100339111,18.923118090240965,40.075037417289145,49.335667414300595,62.205627391095646,44.86274265668314
LA-INFR-00455,Urban Metro Rail,Bihar,473.57,161,207,2,32.65,2,78.95,3.2,48.2,High Risk,77.5477210446225,12.21568459641577,53.691958990654925,57.90277860107851,35.16365001776056,41.092816771958354
LA-INFR-00456,Industrial Corridor,Uttar Pradesh,332.06,145,228,1,43.91,1,43.77,7.7,17.9,Medium Risk,78.62478047847405,13.096458184521085,39.79938935637634,22.076441361845927,36.05865982520575,39.79009999193623
LA-INFR-00457,Irrigation Dam & Reservoir,Gujarat,334.34,155,174,0,85.2,3,89.54,8.4,1.0,Low Risk,71.79706681743758,21.048149978559003,15.263728393162944,18.648749737487236,18.817546455797345,31.153085351578344
LA-INFR-00458,Irrigation Dam & Reservoir,Odisha,154.2,158,220,1,90.88,1,62.59,6.4,12.6,Medium Risk,71.32107419348823,9.050524324004224,7.711209052890754,31.960745841543876,33.80845751635452,27.05253304179082
LA-INFR-00459,Urban Metro Rail,Bihar,18.97,156,219,3,32.9,3,13.99,9.0,53.0,High Risk,55.37166889285274,26.193766987902734,53.20302334928032,11.262140342311838,41.000007543812615,39.9808351583126
LA-INFR-00460,Industrial Corridor,Bihar,407.06,136,257,3,51.55,3,38.54,4.0,49.3,High Risk,74.45403176098891,26.80383593044886,39.001562510713555,51.17707683968121,51.54717715402916,46.33961791473985
LA-INFR-00461,Dedicated Freight Corridor,Gujarat,50.0,156,187,4,78.87,4,74.78,9.0,31.1,High Risk,62.869898123065866,26.78203982135943,20.125488299494435,11.949482943432747,42.059558430435075,32.38734042681044
LA-INFR-00462,Irrigation Dam & Reservoir,Uttar Pradesh,25.0,154,232,2,76.01,7,50.26,8.1,61.6,Critical Risk,58.7190268101485,48.118729122380834,19.5506175375126,21.220042729432066,38.11765325669596,40.79325188820204
LA-INFR-00463,Urban Metro Rail,West Bengal,399.31,138,298,2,46.85,2,22.7,9.9,29.1,Medium Risk,79.92072089518531,18.40599032956529,40.29773110596398,6.72995049728134,48.654904033087476,40.25115622812558
LA-INFR-00464,National Highway,Gujarat,540.75,162,248,0,48.83,2,74.98,7.3,14.0,Medium Risk,77.81626788865837,16.34740068122301,42.26753039184496,24.482350116704023,28.592200885485212,37.18970079246921
LA-INFR-00465,National Highway,Maharashtra,52.33,155,169,2,96.1,1,15.05,4.7,20.4,Medium Risk,56.18223613782419,10.952264122965609,5.771466208783898,44.130725597187734,25.90826241280961,26.01150399007794
LA-INFR-00466,Dedicated Freight Corridor,Tamil Nadu,54.39,140,229,4,88.15,2,98.84,7.4,16.4,Medium Risk,63.368982675826956,12.959467149071434,8.972530639563061,23.99711425780726,50.03864223458928,32.734382821679134
LA-INFR-00467,Dedicated Freight Corridor,Tamil Nadu,86.99,164,274,4,72.65,5,29.89,5.6,74.3,Critical Risk,69.7045427671961,39.85454207900947,22.52380947340716,39.048872282225055,57.462872555155876,43.48838040809063
LA-INFR-00468,National Highway,Gujarat,96.15,162,282,0,26.01,0,61.01,4.6,27.6,Medium Risk,60.34374367518127,0.9598874828213511,58.10225962415769,50.50674837503676,39.5506370744302,41.75758746166287
LA-INFR-00469,Irrigation Dam & Reservoir,West Bengal,270.07,149,246,1,56.61,1,77.03,8.7,11.0,Low Risk,76.02858837935447,7.52676677379855,34.904039920506015,17.55131472299972,36.819837166230876,32.93628706205211
LA-INFR-00470,National Highway,Odisha,39.55,151,193,0,40.21,5,87.2,3.5,51.8,High Risk,53.51026586053086,33.34495266300316,46.45616409421073,57.86117564918878,23.3041175032024,39.69432708463925
LA-INFR-00471,National Highway,Odisha,20.0,162,235,3,87.1,2,85.0,7.6,7.9,Low Risk,51.83861999159274,16.335412047413005,9.892550962022256,21.682793000138307,47.1738658906786,27.630164786260824
LA-INFR-00472,Industrial Corridor,Bihar,248.84,138,238,3,60.04,3,57.83,8.2,35.6,High Risk,79.00423918486442,23.510675664073062,35.55071042184641,15.702397732217465,45.728026548512794,38.03006165943513
LA-INFR-00473,Irrigation Dam & Reservoir,Gujarat,25.0,134,290,1,86.96,1,24.87,8.6,10.2,Low Risk,57.39941917667721,13.64508697210789,11.8644224215737,13.639284792538108,45.20610314950361,29.40463109060301
LA-INFR-00474,Dedicated Freight Corridor,Uttar Pradesh,545.5,155,95,1,44.34,4,68.4,4.4,36.6,High Risk,78.02670781708915,27.464523624970422,46.07554524202444,49.41774611358904,8.008451056137755,41.914642672824264
LA-INFR-00475,Dedicated Freight Corridor,Odisha,329.71,145,286,4,35.82,3,76.17,5.5,61.6,Critical Risk,77.41493926745503,23.114656325809484,48.392770842939775,38.15116608370656,60.43272209314554,45.52331595496851
LA-INFR-00476,Industrial Corridor,Gujarat,210.0,157,239,0,71.45,4,13.12,5.5,44.9,High Risk,74.2715906665081,32.895142106444354,27.90167216155172,39.88640478063703,22.685910981199047,38.67188390621776
LA-INFR-00477,Irrigation Dam & Reservoir,Bihar,304.43,151,189,1,49.37,4,11.43,3.8,60.9,Critical Risk,73.88199041560566,33.82930846687675,38.820896052745,53.92361909219079,20.351807387466117,42.20321774683161
LA-INFR-00478,Irrigation Dam & Reservoir,Gujarat,319.67,152,140,3,74.35,4,50.55,7.5,33.5,High Risk,75.35148358695578,27.300135437811452,23.55331350132695,27.04666417240133,33.99212034706771,39.269445892660464
LA-INFR-00479,Urban Metro Rail,Bihar,304.3,151,314,0,38.57,3,42.87,7.3,51.2,High Risk,73.12832748184718,25.820096219474664,51.66664948317998,24.771235150715086,41.27957542133761,43.12168570270606
LA-INFR-00480,National Highway,Tamil Nadu,274.67,157,186,1,76.77,3,94.1,8.0,8.1,Low Risk,69.56298327531466,20.412986010391432,20.322657233830444,15.614140783909399,27.831334218639913,29.100562594671572
LA-INFR-00481,Irrigation Dam & Reservoir,Gujarat,25.0,162,165,3,43.42,2,26.83,5.6,54.2,High Risk,63.74318218692807,16.41751549032069,46.34989461345825,38.5783423768643,35.43545019592323,38.277278355261444
LA-INFR-00482,Industrial Corridor,Maharashtra,324.26,148,262,1,81.69,3,66.57,9.0,12.0,Medium Risk,76.73307568372127,20.980383481807774,18.445013515672862,11.095964688381423,37.07029814305501,33.39728116941958
LA-INFR-00483,Industrial Corridor,Odisha,1447.95,141,309,1,78.19,2,18.99,9.7,30.0,High Risk,84.59192156135403,18.209440082391716,19.455246158212123,6.520502415900278,48.41974835363582,30.015621864565684
LA-INFR-00484,Urban Metro Rail,Uttar Pradesh,191.91,150,228,0,98.15,1,53.66,5.8,12.8,Medium Risk,73.54075232227919,7.266480050446779,6.565446929921487,36.83180374274007,25.367003822092702,23.23116976365999
LA-INFR-00485,Irrigation Dam & Reservoir,Gujarat,113.12,146,176,4,59.53,5,15.54,5.7,73.2,Critical Risk,69.27890623866867,38.51552134312687,32.55020009986995,37.30601892134613,40.116086197702444,46.02614854150024
LA-INFR-00486,National Highway,Bihar,244.59,139,193,4,67.34,4,26.73,3.5,62.3,Critical Risk,68.14023222119708,28.902398728754886,27.447614971121244,58.40070446031755,44.31137448156473,44.3608903830112
LA-INFR-00487,Irrigation Dam & Reservoir,Tamil Nadu,320.83,153,263,2,71.3,3,65.17,3.5,46.3,High Risk,74.6488764504896,21.80167014260076,27.86988956855321,54.416734991780395,40.896516993816235,38.28898881745992
LA-INFR-00488,Dedicated Freight Corridor,West Bengal,50.0,183,186,1,75.97,0,82.73,4.7,14.5,Medium Risk,64.20805697204277,1.9609880609970227,21.45178858475675,43.52408507380393,27.790935906523185,28.412139628179812
LA-INFR-00489,Urban Metro Rail,Uttar Pradesh,526.85,145,308,0,28.92,3,56.18,8.7,44.2,High Risk,83.0758064134055,23.527288755869392,56.51117630537192,13.768733829358538,38.65408434377319,42.09574092674204
LA-INFR-00490,Dedicated Freight Corridor,West Bengal,378.05,154,220,2,28.52,1,62.66,4.5,35.0,High Risk,76.07258417405637,8.546860615084576,59.82262169873963,48.51909963610479,37.26504230768876,43.32745700569371
LA-INFR-00491,Irrigation Dam & Reservoir,Maharashtra,86.09,121,454,2,73.66,2,95.92,9.4,19.4,Medium Risk,66.77032899953133,15.733476515595592,18.640022152168644,7.506675595124955,73.94187804195934,36.91435051714441
LA-INFR-00492,Irrigation Dam & Reservoir,Tamil Nadu,304.63,142,247,4,28.35,6,22.07,5.3,73.4,Critical Risk,73.53112024738947,44.31415486257737,55.66000915867483,39.846393508628516,55.03235769446407,53.19590672469148
LA-INFR-00493,Industrial Corridor,Uttar Pradesh,61.6,154,255,0,72.55,0,13.58,6.2,19.6,Medium Risk,66.44940439264035,7.944374207925607,22.851953336645103,35.24268237858259,32.526821298257715,29.58108683109856
LA-INFR-00494,Urban Metro Rail,Bihar,36.74,169,289,2,75.01,7,42.65,3.8,66.9,Critical Risk,60.37415589588853,51.22087143448373,24.687544053926015,55.73126414816062,50.255276561620015,43.114754151804284
LA-INFR-00495,Dedicated Freight Corridor,Maharashtra,164.1,144,205,2,57.83,0,49.8,3.4,15.8,Medium Risk,65.17830606207951,2.7440229361433617,32.940284289561774,54.99426287163606,34.87422469137739,35.22663831233926
LA-INFR-00496,Urban Metro Rail,Uttar Pradesh,89.49,180,188,3,44.98,3,62.63,6.7,57.9,High Risk,68.78814568205104,19.176761483801517,44.94074159189288,32.244955119532875,36.223855181200435,41.69224488329122
LA-INFR-00497,National Highway,West Bengal,326.95,163,286,0,73.09,1,45.7,5.9,25.3,Medium Risk,75.52039388817484,10.402407958616264,20.954744740372938,36.598687012473185,36.42433292612697,32.228080856441046
LA-INFR-00498,Dedicated Freight Corridor,Gujarat,50.0,158,164,1,85.44,0,18.02,5.9,16.0,Medium Risk,61.93506972251915,5.759794964713234,14.99317014678393,42.22268167615201,22.054577599805544,28.786415758862017
LA-INFR-00499,Urban Metro Rail,West Bengal,105.92,144,292,4,78.13,5,76.27,8.5,59.8,High Risk,65.8105425682523,35.11723733740591,19.686983685393432,14.890601550818934,61.97420695172141,42.08296412683719
LA-INFR-00500,Urban Metro Rail,Maharashtra,113.5,147,148,3,25.76,1,31.31,7.8,13.5,Medium Risk,71.0351485454471,14.058984515480295,57.14027371060083,25.67609886542929,33.40719646345347,37.77398831515461
LA-INFR-00501,National Highway,Gujarat,66.48,140,328,2,54.06,4,91.85,4.2,74.7,Critical Risk,58.92043270839947,29.249584692799736,34.906067606840416,51.74082980551251,56.84352190046886,43.07713246569923
LA-INFR-00502,Dedicated Freight Corridor,Maharashtra,512.35,173,247,4,70.0,3,17.64,3.9,74.1,Critical Risk,82.98623417758726,26.225740347814362,29.181978691461367,53.462388419618996,52.40197803589713,47.391921120975894
LA-INFR-00503,Dedicated Freight Corridor,Bihar,819.01,149,174,4,60.65,2,98.99,9.0,26.7,Medium Risk,82.96629581477997,11.651695667522796,33.51892718281426,9.837178343842227,44.352090633535056,34.61822703965021
LA-INFR-00504,Industrial Corridor,Maharashtra,61.1,152,259,1,47.59,2,95.42,7.3,12.2,Medium Risk,63.26801448284458,12.27435212709635,37.63184546263414,22.412273899171844,37.54747132254457,35.62750277438214
LA-INFR-00505,National Highway,Tamil Nadu,63.69,143,317,2,63.89,4,73.01,8.2,37.5,High Risk,58.44939186379954,25.736479769581553,32.32333267110484,16.88516655397434,50.34190112604526,36.00740900012172
LA-INFR-00506,Irrigation Dam & Reservoir,West Bengal,138.71,141,158,0,41.09,2,43.98,4.5,21.3,Medium Risk,63.93944440407673,19.94866788886642,43.607568350483895,48.36962040624794,18.8456603144916,35.20426306461101
LA-INFR-00507,Industrial Corridor,West Bengal,137.95,174,252,0,97.17,2,34.68,5.1,16.9,Medium Risk,71.32344997814177,16.50596771705021,9.021670167618364,42.51917454789292,31.487524347929412,34.20636990297675
LA-INFR-00508,Urban Metro Rail,Odisha,490.82,156,267,4,87.26,1,97.68,5.5,36.8,High Risk,74.58454593158757,6.578595464019319,17.22278739496943,39.53379115889003,57.35722152159358,38.08357619691198
LA-INFR-00509,National Highway,West Bengal,363.26,137,224,3,76.14,1,18.59,8.1,12.4,Medium Risk,70.37944754643513,13.641844808488276,20.994701370442694,18.991467229020138,44.79665008945116,33.26434726312639
LA-INFR-00510,Irrigation Dam & Reservoir,Odisha,30.62,154,226,0,59.89,2,40.05,5.3,28.2,Medium Risk,57.345611493474706,16.414418752205112,34.5988086806003,38.71443094276996,26.195076896867306,32.85886936463724
LA-INFR-00511,Dedicated Freight Corridor,Bihar,458.51,156,226,0,81.94,2,11.39,5.3,30.3,High Risk,82.51018328812282,23.267198643072113,17.566830610140226,43.63796352578318,25.87099558693512,36.556417854643044
LA-INFR-00512,Dedicated Freight Corridor,Bihar,50.0,148,224,4,77.44,5,75.24,7.6,57.3,High Risk,59.297490493897506,34.221341043516446,20.28654782767577,21.277596553544882,50.83856890484578,39.33369249802112
LA-INFR-00513,Irrigation Dam & Reservoir,Gujarat,269.26,134,262,0,85.26,5,64.96,6.8,36.3,High Risk,74.25138189038672,31.19772660493872,14.928601036433221,31.048198068172745,35.532734542938684,35.361023222897046
LA-INFR-00514,Dedicated Freight Corridor,Maharashtra,264.75,119,316,2,34.49,5,81.99,8.7,57.6,High Risk,73.30949525790548,34.022938733740155,50.8014992596882,12.995210281464493,57.33254507643007,44.013290464564975
LA-INFR-00515,Dedicated Freight Corridor,Uttar Pradesh,50.58,148,219,0,38.93,5,18.64,10.0,36.8,High Risk,64.36433601051633,39.951245866231446,47.13541939981364,3.6404193531842317,22.4297038507817,36.406263009047855
LA-INFR-00516,Dedicated Freight Corridor,Maharashtra,59.1,156,159,1,75.57,2,19.72,3.5,28.3,Medium Risk,63.18253224710199,19.057914399041902,23.37845345349958,57.82781381361273,21.008848486902757,31.657044345172338
LA-INFR-00517,Irrigation Dam & Reservoir,West Bengal,69.2,172,202,3,40.47,5,46.99,4.1,73.9,Critical Risk,64.79929377153535,35.040673933164406,48.30541016301775,48.83256982812026,44.268336305601196,46.137435360564766
LA-INFR-00518,National Highway,Maharashtra,234.39,151,283,1,29.84,1,81.51,8.1,24.4,Medium Risk,68.76937625794085,8.351704988972577,53.787676619739855,20.528635459484157,41.02099851422846,39.12591042721572
LA-INFR-00519,Irrigation Dam & Reservoir,West Bengal,794.47,149,300,0,57.53,2,63.12,5.4,31.5,High Risk,84.80652088659286,16.520373721290973,36.98769609791842,40.87830943121364,37.72800293821465,40.21192106115357
LA-INFR-00520,National Highway,Bihar,176.5,144,167,2,58.56,3,99.88,9.9,20.1,Medium Risk,66.31278938055651,20.710009895186815,34.33580972582833,5.751973524573323,29.92209627396379,31.38205722382812
LA-INFR-00521,National Highway,Maharashtra,99.36,149,234,2,61.6,3,40.11,6.1,40.9,High Risk,68.10545502850879,24.12011084521942,30.136641474166165,36.069129516106955,38.05993166659893,38.37843176184232
LA-INFR-00522,Dedicated Freight Corridor,West Bengal,377.7,164,218,1,43.46,7,61.87,8.1,70.6,Critical Risk,78.83082821643391,50.90829854287811,44.938350611431005,21.36669580122394,32.034859893953744,48.64721742535076
LA-INFR-00523,Industrial Corridor,West Bengal,71.56,170,326,3,24.43,2,41.93,7.7,58.5,High Risk,62.54109768449344,18.17685354123516,61.680897373257125,18.926895630864838,58.56491850541123,44.56646219466091
LA-INFR-00524,National Highway,West Bengal,46.95,165,117,0,22.61,4,49.29,3.7,54.5,High Risk,59.280519998922344,29.24121701012421,60.06994201670047,53.20335832585217,8.84556890019097,39.248753774615786
LA-INFR-00525,National Highway,Gujarat,171.33,127,216,3,33.58,2,28.72,5.7,46.0,High Risk,66.43258820113668,15.540842459383505,46.600108334393255,39.769587623759705,41.14233150727439,39.02097431009914
LA-INFR-00526,Dedicated Freight Corridor,Bihar,455.93,137,150,2,58.43,5,97.16,4.8,50.8,High Risk,78.59431723247681,33.040127476052746,34.64902364668711,43.525023897048214,27.36566135029925,41.04454033057998
LA-INFR-00527,Irrigation Dam & Reservoir,Gujarat,315.07,171,255,0,29.7,1,54.72,9.5,12.0,Medium Risk,72.31475238399501,10.857872197033418,52.45191720925755,7.856517316442842,32.00732320604952,34.53826145102863
LA-INFR-00528,Urban Metro Rail,Maharashtra,116.0,140,314,0,74.41,2,39.89,5.8,23.8,Medium Risk,70.4070183709787,19.96795680527389,19.85345708090871,38.97992457077091,40.00243300014929,36.49043147229687
LA-INFR-00529,National Highway,Uttar Pradesh,421.13,155,229,4,71.83,2,91.57,6.0,40.7,High Risk,76.13996285528695,12.249133537837618,26.085490748782334,36.987973154961004,52.09063739200525,37.50721278600105
LA-INFR-00530,Urban Metro Rail,West Bengal,22.97,156,283,2,46.04,3,68.46,8.7,45.5,High Risk,55.090336658243764,21.39407634513917,44.2969550652437,14.996936031406534,48.223521038064874,37.66342034450704
LA-INFR-00531,Urban Metro Rail,Maharashtra,585.8,158,163,4,35.89,4,39.22,7.9,64.3,Critical Risk,80.75600046896704,31.446049636873656,50.1709324587339,18.240991959188037,39.52018862854402,45.30189791417059
LA-INFR-00532,Industrial Corridor,West Bengal,20.0,156,222,4,56.52,5,94.14,5.8,59.5,High Risk,56.1144963453679,30.928203525686186,32.394112938697354,37.34446801128663,50.35807144841156,39.458049183030155
LA-INFR-00533,Urban Metro Rail,Odisha,186.37,167,275,2,89.4,2,81.77,7.2,24.2,Medium Risk,75.71183658247251,14.557723630914337,14.378711563855704,29.013437520449575,46.17628468406468,34.72701825842331
LA-INFR-00534,National Highway,Tamil Nadu,35.12,154,193,0,21.25,4,78.7,4.3,41.6,High Risk,52.68832647565759,28.601121998592657,62.158555995843294,50.52481250257944,16.16833989811773,40.84468733439516
LA-INFR-00535,Industrial Corridor,Uttar Pradesh,556.74,139,171,2,20.05,6,21.24,9.0,58.5,High Risk,77.63834408954511,41.62452640387838,60.48973022439382,15.747672553706966,28.81076486228928,46.23572664776684
LA-INFR-00536,Urban Metro Rail,West Bengal,280.66,169,218,3,75.28,7,94.34,4.4,74.9,Critical Risk,74.40118518278287,46.25805717761462,22.073646444220408,49.77892211714585,43.31587357550303,44.97520152945176
LA-INFR-00537,National Highway,Odisha,526.05,134,302,0,75.12,2,10.56,8.0,19.9,Medium Risk,74.45884240720689,22.45176664786517,20.204010497398862,20.358507394176076,42.51278153060896,35.35836952914451
LA-INFR-00538,Urban Metro Rail,Odisha,374.6,138,161,1,27.74,3,82.3,5.6,27.8,Medium Risk,80.06271129281924,16.483492029555673,54.213889923596,37.831475519220206,23.516320788643103,40.14250310138864
LA-INFR-00539,Irrigation Dam & Reservoir,Gujarat,102.55,155,364,0,79.95,2,70.06,8.4,26.0,Medium Risk,65.25320329617912,17.464728919830062,16.598460595307294,16.679621364851737,51.90839558804955,33.319749194411585
LA-INFR-00540,Dedicated Freight Corridor,Maharashtra,174.58,145,235,0,64.09,1,28.73,4.8,22.2,Medium Risk,73.2728816691618,11.380513732875986,32.73828047230278,43.123690966925324,30.74630539800648,33.878022264841185
LA-INFR-00541,Irrigation Dam & Reservoir,Odisha,130.25,157,99,4,70.34,2,34.38,6.8,19.3,Medium Risk,69.84236253432199,16.651270973872414,23.244004855533046,29.59250043328364,31.9056162286796,33.748810353983345
LA-INFR-00542,Urban Metro Rail,Odisha,49.94,142,256,0,92.8,6,32.31,5.9,49.3,High Risk,64.07458032032491,47.21893859929753,6.191170311656919,38.05472878872605,33.17229460209994,38.07675404881557
LA-INFR-00543,Industrial Corridor,Bihar,146.99,163,172,0,88.46,3,36.89,9.7,4.8,Low Risk,71.61122605618343,23.814114429978293,10.862613451448567,3.030434159957685,19.191560867021913,25.060102876376337
LA-INFR-00544,Urban Metro Rail,Tamil Nadu,237.78,158,267,3,48.9,1,81.79,3.0,56.5,High Risk,75.53612333568097,7.078149790176484,39.93956605838215,61.948909165050665,51.525405747246516,46.467129369261286
LA-INFR-00545,Irrigation Dam & Reservoir,Odisha,35.29,138,149,0,70.49,6,23.74,3.7,64.8,Critical Risk,57.92584673897044,46.180105322227455,20.698290115253222,54.75920423865592,14.39221590812871,36.72534539353043
LA-INFR-00546,National Highway,Uttar Pradesh,44.72,164,275,0,30.61,4,53.26,6.9,52.1,High Risk,60.23710704843933,30.547093707093303,52.61491927028739,30.007811876847878,33.58715228809957,41.23084130060282
LA-INFR-00547,National Highway,Tamil Nadu,447.21,154,217,2,32.15,3,81.41,8.2,24.8,Medium Risk,75.0602710292411,22.90375744408444,52.16976316983196,20.605502809358715,38.49353917198073,40.99604257523832
LA-INFR-00548,Industrial Corridor,Bihar,371.84,155,233,2,73.87,0,76.99,9.3,9.7,Low Risk,75.97168195924365,0.0,21.910551788887826,9.250955344806355,37.595660517565264,28.457610840236047
LA-INFR-00549,Irrigation Dam & Reservoir,Uttar Pradesh,92.2,158,213,4,61.35,2,34.06,5.0,51.8,High Risk,67.56440641945487,14.100041417167681,33.21635361105751,42.44895821738486,48.52505037273088,38.49139608955668
LA-INFR-00550,Urban Metro Rail,Odisha,21.72,133,289,1,23.2,0,97.16,6.0,20.0,Medium Risk,57.07878039351921,4.884182559705181,59.60448625760164,36.84717237963339,43.49217084141647,39.89115888906346
LA-INFR-00551,Irrigation Dam & Reservoir,Maharashtra,69.88,143,166,1,99.24,1,32.19,4.6,13.8,Medium Risk,65.1720219130035,14.734033032301447,1.336311785251782,43.11827854341779,26.565216327145823,28.935738072372644
LA-INFR-00552,Urban Metro Rail,Tamil Nadu,59.67,142,147,3,33.9,5,49.82,5.5,44.3,High Risk,61.15333628720856,35.29380951275393,51.58081673997687,41.72296972579903,32.55960310231091,39.87909891194024
LA-INFR-00553,Urban Metro Rail,Odisha,185.55,139,314,4,70.72,2,66.96,3.3,71.7,Critical Risk,71.71044107038063,18.376233640954947,22.215062545121782,58.78123929498844,64.79465146968266,44.38804803980465
LA-INFR-00554,National Highway,Uttar Pradesh,122.08,148,152,3,72.05,1,70.59,7.7,1.0,Low Risk,65.61712450935785,5.755198492085687,23.85815578279709,18.766322244499953,29.50731292502983,25.45447654461871
LA-INFR-00555,Irrigation Dam & Reservoir,Tamil Nadu,25.0,142,233,2,77.36,2,79.5,7.3,13.2,Medium Risk,56.903886277450226,14.282946064694379,21.727922505069092,29.70153765486155,43.65211491619456,33.443626786469885
LA-INFR-00556,Industrial Corridor,Uttar Pradesh,197.58,167,355,1,72.21,3,14.58,6.2,50.8,High Risk,75.41990615136507,25.760979105736432,24.364260714935195,36.72001558572235,58.743315984919896,43.768885338450495
LA-INFR-00557,Urban Metro Rail,Uttar Pradesh,118.03,156,302,4,26.81,1,36.87,7.2,59.5,High Risk,67.42590587224502,15.020314432104012,56.0819910771805,26.0325432112615,60.78958371518243,39.08968574820692
LA-INFR-00558,Dedicated Freight Corridor,West Bengal,50.0,149,324,1,23.34,8,26.5,7.8,74.8,Critical Risk,60.53617191478409,55.173408598551696,62.07823541003061,23.69749718230916,47.72573571230578,52.45316276685198
LA-INFR-00559,Dedicated Freight Corridor,Maharashtra,136.39,137,192,1,64.8,2,42.24,7.2,18.1,Medium Risk,71.01192362019779,20.159650342506925,31.62452746808023,28.92832150493909,24.71013839130655,31.37959926807073
LA-INFR-00560,Irrigation Dam & Reservoir,West Bengal,25.0,158,187,1,49.55,3,29.9,6.6,30.5,High Risk,58.14811925743974,27.835759327493626,40.481356389420895,32.14293336562942,29.093199637235994,35.31761025885463
LA-INFR-00561,National Highway,Bihar,52.19,149,341,4,63.76,4,18.34,3.5,77.8,Critical Risk,54.08985431476231,30.771125217450255,29.241066224015672,53.679874079885835,67.48833893985649,51.1599263815759
LA-INFR-00562,National Highway,Odisha,291.25,152,210,3,46.96,4,22.74,6.4,55.5,High Risk,68.84702058729876,34.55447916742744,40.976434569165626,31.419368163204858,40.284952745629866,43.792375696534194
LA-INFR-00563,National Highway,Uttar Pradesh,44.63,154,202,2,40.79,4,15.24,9.1,34.0,High Risk,55.62734363958901,32.46954622099156,48.49736699768251,14.65196880104931,38.38457461672751,38.002913850840166
LA-INFR-00564,National Highway,Odisha,406.04,149,329,3,53.06,6,16.14,8.7,67.2,Critical Risk,74.47636116517391,47.24718434700517,37.57811291732313,16.25465345647268,61.713192690570914,46.61194923910855
LA-INFR-00565,Irrigation Dam & Reservoir,West Bengal,34.71,162,315,4,83.88,3,97.79,6.9,52.1,High Risk,57.40286554668998,18.32141791409501,16.392500683575722,30.84002905689563,66.19248661948086,35.89873581991036
LA-INFR-00566,National Highway,West Bengal,125.83,152,183,0,93.07,2,99.12,6.2,2.5,Low Risk,66.29605603195225,14.640393033164015,10.280485806729518,31.830350051395914,20.184364056808658,25.728493477490083
LA-INFR-00567,Dedicated Freight Corridor,Bihar,610.15,143,167,2,72.42,1,13.51,4.5,28.2,Medium Risk,79.56510617869792,12.219091418062254,24.292399780177494,47.01315845728595,30.63618223581959,35.265248100675294
LA-INFR-00568,National Highway,Bihar,30.81,153,255,0,35.77,0,82.98,7.0,5.9,Low Risk,54.57423529305755,0.22052619473226498,51.75911482827644,25.710678449175887,32.85016309009414,29.614944845481485
LA-INFR-00569,National Highway,Odisha,580.53,128,221,3,32.45,3,87.59,3.8,52.6,High Risk,73.16236884609991,16.898124299346957,50.45411893844067,53.65417438028936,45.40054844920348,46.403283083519106
LA-INFR-00570,Urban Metro Rail,West Bengal,202.18,151,343,0,44.37,4,23.15,5.8,69.8,Critical Risk,72.39930371455117,33.23581623118208,41.1515197750136,35.10667676879568,45.21575073831367,42.36330440075108
LA-INFR-00571,National Highway,West Bengal,150.79,140,211,2,59.13,8,95.14,9.4,51.5,High Risk,66.22251868880142,52.14113982424629,34.91811424083141,6.860730879306279,36.01860557003854,40.74121014234688
LA-INFR-00572,Dedicated Freight Corridor,Bihar,50.0,135,263,1,65.28,3,75.65,4.1,34.3,High Risk,62.13190681681368,18.696649731263744,32.76553594219274,49.936965704648244,37.45829380852807,38.585799377330176
LA-INFR-00573,Urban Metro Rail,West Bengal,315.28,152,221,4,41.31,2,58.82,3.3,56.4,High Risk,75.67679289180353,15.753042256212124,44.16517518556023,58.75908034003625,50.381172802407185,45.35560130680373
LA-INFR-00574,Industrial Corridor,Odisha,587.16,164,254,4,33.27,2,12.37,6.8,68.7,Critical Risk,77.01481689282163,19.837429421270496,49.48191663090494,30.131444484950386,53.45886601931822,46.24896937491001
LA-INFR-00575,National Highway,Bihar,188.69,150,207,2,53.06,6,21.1,7.1,66.0,Critical Risk,67.78966266393873,45.70257811041212,36.13974357303372,26.712982058355934,39.47175829522912,41.74226827800427
LA-INFR-00576,Industrial Corridor,Bihar,205.31,172,175,3,30.57,1,34.26,8.3,26.5,Medium Risk,74.99218275488478,9.087479159298375,56.17938787157908,16.787833546315962,33.73345118529985,37.08601568206273
LA-INFR-00577,Irrigation Dam & Reservoir,Uttar Pradesh,25.0,163,191,1,90.49,4,25.41,3.3,61.0,Critical Risk,58.039392533706476,32.361845668924545,10.247142835579103,56.54614954201561,26.56795176685024,31.71394822608312
LA-INFR-00578,Irrigation Dam & Reservoir,Uttar Pradesh,280.56,142,207,3,73.05,3,11.38,3.6,57.8,High Risk,77.17041697472598,26.65893248138009,22.190291721735882,53.94995215431121,39.7871339609656,40.36667800215582
LA-INFR-00579,Urban Metro Rail,Odisha,224.53,143,136,4,74.5,6,12.31,7.4,65.8,Critical Risk,77.29409125883558,43.76641717335683,18.49602518640309,25.403431358590538,40.93576756730588,40.01953186930704
LA-INFR-00580,National Highway,Gujarat,297.73,145,138,1,90.97,3,34.95,8.1,1.0,Low Risk,66.4388796432096,23.796036147367303,9.08910177055507,18.36120292750248,20.689353335557087,28.55508139104702
LA-INFR-00581,Irrigation Dam & Reservoir,West Bengal,187.59,131,202,2,95.73,3,43.37,6.2,37.0,High Risk,71.60016273191827,24.491173303587907,2.151287934052818,32.1574481139551,35.45811027841567,31.186489895382017
LA-INFR-00582,Urban Metro Rail,Maharashtra,240.36,146,191,3,75.85,0,42.74,5.9,6.1,Low Risk,74.29706796446226,7.71443144949221,19.29093677778241,36.83076718424348,37.32372296198538,34.57602336688339
LA-INFR-00583,Dedicated Freight Corridor,Tamil Nadu,186.11,150,146,1,99.6,4,74.59,3.6,34.5,High Risk,73.46298489865202,31.6785467850816,3.213848279624183,54.132089160163275,22.340641501611902,35.92610001895146
LA-INFR-00584,Dedicated Freight Corridor,Gujarat,122.17,153,308,4,78.66,1,89.02,4.5,36.6,High Risk,68.45004562999367,7.120965414806824,19.513061292143302,50.409914955814706,66.04820800654693,43.19433577916057
LA-INFR-00585,Urban Metro Rail,Odisha,79.71,150,300,3,20.5,6,35.53,4.3,73.6,Critical Risk,66.83280291903658,46.322338460344156,59.00495525063349,45.49395151221291,55.667612665527805,54.97750360634836
LA-INFR-00586,Industrial Corridor,Uttar Pradesh,21.27,155,209,4,98.08,5,70.52,7.6,40.5,High Risk,57.0415287120035,32.37116410534609,2.8925997366098692,20.716503887275827,46.672213859541685,29.603677867592946
LA-INFR-00587,Dedicated Freight Corridor,Maharashtra,169.74,140,297,4,49.08,2,21.27,9.6,49.7,High Risk,67.47860141921888,13.968177582233906,37.449001494101964,3.028384012604555,63.844229852542135,37.21776984070056
LA-INFR-00588,Urban Metro Rail,Uttar Pradesh,281.68,156,169,2,86.22,5,33.87,7.0,46.3,High Risk,76.06928486205564,37.66240485981857,11.813657716554488,30.33921189175114,26.03857786665872,36.80417196737125
LA-INFR-00589,Dedicated Freight Corridor,Uttar Pradesh,874.26,167,281,2,65.19,1,84.59,8.9,4.3,Low Risk,82.02863838107227,4.740719678242446,25.744757821422176,10.451671467704518,48.9008785433727,35.78402744904525
LA-INFR-00590,Dedicated Freight Corridor,Maharashtra,50.0,154,274,3,57.83,1,27.85,7.8,39.6,High Risk,57.11755584500639,9.116609715981415,31.656644979841058,23.80198998807466,50.8311555049327,32.57958901506154
LA-INFR-00591,Industrial Corridor,Uttar Pradesh,38.87,164,281,2,22.36,7,99.72,6.0,63.8,Critical Risk,63.93903299000526,47.37534325893273,60.04043808378982,36.93946952451656,46.60215569770031,51.11740638827856
LA-INFR-00592,National Highway,Bihar,104.47,142,246,4,69.71,3,78.05,9.8,27.7,Medium Risk,62.5182213800351,22.17909468074606,27.63375490712123,1.878481910556689,49.432906617919514,34.856931659724644
LA-INFR-00593,Irrigation Dam & Reservoir,Tamil Nadu,227.84,149,237,0,39.74,2,47.15,5.6,26.1,Medium Risk,74.20490399742387,16.801084396219164,46.03332295284135,41.73543658581087,27.233146397440905,42.07876571497484
LA-INFR-00594,Industrial Corridor,Gujarat,217.4,140,231,3,44.21,3,91.35,8.2,46.4,High Risk,70.79457913089595,15.53540776197264,41.79590109756685,16.351748786770187,47.17650305926392,37.60476877198842
LA-INFR-00595,Urban Metro Rail,Tamil Nadu,13.36,152,302,0,83.25,2,77.7,9.6,5.4,Low Risk,56.160525354294776,14.190504104613627,16.549719668909685,5.222329672810671,37.94572505158655,27.47164675717069
LA-INFR-00596,Industrial Corridor,West Bengal,229.01,146,221,0,74.88,3,77.85,8.3,14.7,Medium Risk,77.16669281359191,19.771228558246158,21.723181814738,15.54478063162269,27.79851095231005,31.061099181348105
LA-INFR-00597,Industrial Corridor,West Bengal,61.02,143,289,1,38.67,7,19.57,6.9,63.3,Critical Risk,65.05658130570417,50.577015528627854,51.24643737617825,32.647103451706556,43.312621367438176,46.624962803468975
LA-INFR-00598,Irrigation Dam & Reservoir,Uttar Pradesh,393.65,149,222,4,32.9,3,19.83,8.0,53.8,High Risk,75.05903318006013,24.003662030966428,52.193932552866855,19.213846358340014,47.7142645242534,41.08477885038734
LA-INFR-00599,Irrigation Dam & Reservoir,West Bengal,392.21,129,236,1,99.95,2,11.98,4.8,22.9,Medium Risk,72.4068316827059,20.185819479099074,3.2799275554756697,47.02536525973523,31.82765729207238,34.23645127113765
LA-INFR-00600,Dedicated Freight Corridor,Uttar Pradesh,299.0,150,199,1,56.29,3,93.11,4.2,43.2,High Risk,74.99930450896927,15.838129342015662,34.65750126336093,49.50315037094562,27.40070309838997,36.40971042138728
LA-INFR-00601,Irrigation Dam & Reservoir,Gujarat,25.0,149,231,2,33.58,1,55.4,3.6,45.4,High Risk,56.3461726494308,13.471568575982937,46.707971300249554,54.472218990381876,38.36045296006605,40.32552224279072
LA-INFR-00602,Urban Metro Rail,Bihar,131.44,153,266,2,32.66,2,84.37,7.3,31.4,High Risk,73.20079942258718,15.158550719700616,54.505903004356966,24.1267134245612,43.76086067911033,40.644751821972186
LA-INFR-00603,Industrial Corridor,Gujarat,66.53,143,229,2,95.03,1,20.82,9.0,6.1,Low Risk,63.40837684571124,12.25300879690424,8.748465116074165,12.534496606947798,37.01996004240884,26.278028564475537
LA-INFR-00604,Irrigation Dam & Reservoir,Maharashtra,316.85,150,244,2,96.25,1,54.04,7.2,17.3,Medium Risk,75.38678436225672,10.392244442123285,3.174092194541896,27.830560671855753,41.42839738112219,30.785400104851867
LA-INFR-00605,National Highway,Gujarat,69.44,144,268,4,48.16,7,70.23,9.0,80.8,Critical Risk,57.33606739110972,49.730174597121405,40.79205548642814,12.58103601011004,59.8233272086502,42.03521843483287
LA-INFR-00606,Urban Metro Rail,Bihar,170.32,148,254,0,31.09,0,45.46,4.7,23.5,Medium Risk,67.59836380263658,4.068860595748336,54.26497733318668,47.80551286807678,31.365612894609708,34.99365578538893
LA-INFR-00607,Industrial Corridor,Gujarat,42.42,164,210,3,68.6,3,58.01,7.7,46.4,High Risk,68.10896976571046,24.317900297302902,26.393964687560164,25.817623671679833,39.76009183447941,36.75951351142078
LA-INFR-00608,Industrial Corridor,Bihar,211.56,140,263,3,84.95,2,21.03,8.3,27.4,Medium Risk,74.83562861328569,19.80248040182909,12.766741141509215,17.305380044363584,49.42458250573577,32.136043008798765
LA-INFR-00609,National Highway,Uttar Pradesh,490.05,134,245,0,98.68,0,68.35,4.2,5.9,Low Risk,73.0820147225604,2.134505485390417,6.296031843055883,51.559233441584595,28.051148758852005,30.387911246749493
LA-INFR-00610,Urban Metro Rail,Odisha,579.66,158,177,0,44.21,11,87.27,7.0,71.3,Critical Risk,80.23622035798381,72.30855111491033,47.30776671082635,30.01966016377807,17.606130224434864,52.08444984036447
LA-INFR-00611,National Highway,Odisha,197.61,157,273,1,99.38,4,82.01,6.6,26.1,Medium Risk,66.57792175663016,27.053034792719604,5.744056890823663,34.033405655606366,41.30093526695965,33.67482244037484
LA-INFR-00612,Industrial Corridor,Odisha,21.56,154,212,0,27.74,4,31.95,6.3,50.2,High Risk,59.79960334018788,32.69844107361584,57.780523970031,34.04602780438069,22.47980241213833,40.446385022984025
LA-INFR-00613,Urban Metro Rail,Odisha,311.66,163,265,3,98.76,3,99.16,5.4,35.0,High Risk,76.42580782509748,17.241343425544123,6.012247951452096,44.6788100153121,49.36942452416262,37.18579301888617
LA-INFR-00614,Irrigation Dam & Reservoir,Uttar Pradesh,45.65,146,172,3,73.9,4,50.21,4.8,50.4,High Risk,64.3317355331988,31.237256897667958,24.095673194864034,43.19617481402794,39.95342259936888,37.48758827197044
LA-INFR-00615,National Highway,Uttar Pradesh,63.37,150,184,0,80.02,3,20.93,7.8,9.8,Low Risk,59.288375801272096,26.468937022161935,21.212668003651952,24.86602033772859,17.848971496589478,29.721961695080516
LA-INFR-00616,National Highway,Gujarat,98.97,145,269,0,44.23,1,56.67,5.8,18.6,Medium Risk,62.68262455129986,10.54356978544863,46.361885492504285,39.15985421621922,33.1340718979769,38.227170718574804
LA-INFR-00617,Dedicated Freight Corridor,Uttar Pradesh,242.89,154,337,3,23.34,4,63.26,3.2,62.9,Critical Risk,75.56056019951983,31.651132683909488,61.390707702274966,58.928120483118896,60.77902619042046,55.62285655906754
LA-INFR-00618,Urban Metro Rail,West Bengal,145.25,135,196,0,22.95,2,79.48,5.8,10.6,Low Risk,66.91966313496299,12.503695391408705,57.871900174288776,38.51809691129607,22.010670874095975,39.13891480400453
LA-INFR-00619,Irrigation Dam & Reservoir,Bihar,241.26,149,300,2,23.6,3,11.32,5.1,73.0,Critical Risk,73.31802233694374,26.03889567577966,56.712489230340545,42.79893538533586,49.243719301821145,48.13527347530488
LA-INFR-00620,Urban Metro Rail,Odisha,159.67,161,206,3,64.7,5,59.83,4.6,69.3,Critical Risk,74.86962377579343,35.328930921373605,30.759761630079133,49.381872236242735,38.412943591646616,46.06845273733108
LA-INFR-00621,Irrigation Dam & Reservoir,Bihar,223.42,152,239,1,38.16,4,65.71,6.5,38.2,High Risk,72.93861466217152,29.48882839969403,46.96045991768766,30.552070905756178,33.89104950995266,43.50966073391302
LA-INFR-00622,Industrial Corridor,Maharashtra,20.0,122,273,2,35.28,4,17.15,8.3,41.8,High Risk,55.151700470762236,35.467019044774915,51.63258438089453,14.712484715438864,45.609144411885715,38.29122141644868
LA-INFR-00623,National Highway,West Bengal,20.0,168,242,4,79.54,4,64.66,6.2,59.2,High Risk,49.50426911670632,27.918923996963674,18.690087329304085,36.474945964828116,53.828274675135255,35.0143410646932
LA-INFR-00624,Urban Metro Rail,Odisha,452.49,144,199,1,28.83,5,59.76,3.1,64.6,Critical Risk,75.04307471613824,37.18766269972251,53.202155201181746,58.4419511010578,31.09296453991625,50.271204991951194
LA-INFR-00625,Industrial Corridor,Uttar Pradesh,161.36,163,229,0,41.53,0,88.04,6.5,11.9,Low Risk,73.24710466674888,1.3189883232883024,48.78846719086288,31.844737927086793,24.914325953475423,33.35961422231948
LA-INFR-00626,National Highway,Tamil Nadu,184.17,140,362,3,42.85,5,18.74,8.0,79.8,Critical Risk,62.76458088946403,39.112130720218445,44.014952678161535,16.659832521757508,65.93630188764696,46.07639200257493
LA-INFR-00627,Dedicated Freight Corridor,Uttar Pradesh,180.19,145,148,2,49.75,1,26.8,4.3,37.2,High Risk,71.13369095180246,9.776687791035158,40.29614313266244,45.58427110214323,24.719527252662132,39.623785223905536
LA-INFR-00628,Dedicated Freight Corridor,West Bengal,201.76,158,337,0,69.0,5,53.29,5.2,66.3,Critical Risk,74.84838378445343,37.181839876285146,27.528639450041183,39.972063479717605,45.47575217299657,42.68875824114124
LA-INFR-00629,Dedicated Freight Corridor,Uttar Pradesh,132.71,148,290,0,53.39,5,18.63,4.1,74.1,Critical Risk,72.10344936893638,36.306842601381724,35.049937808890924,51.663515870312274,33.79090800588307,46.033579943035775
LA-INFR-00630,Industrial Corridor,Bihar,222.1,148,304,3,32.79,1,19.69,5.3,68.9,Critical Risk,69.95848966460782,15.341476570812393,51.024712913471085,37.63765658906571,59.419704898310655,46.69116502511371
LA-INFR-00631,Industrial Corridor,Uttar Pradesh,108.62,155,251,2,59.45,3,14.35,8.0,54.6,High Risk,66.57217087979524,22.988769454283446,33.05862596901546,18.139501664317454,44.58866413420703,37.13075905360051
LA-INFR-00632,Urban Metro Rail,Uttar Pradesh,146.73,157,142,1,34.02,5,58.67,5.1,56.7,High Risk,67.09428620690555,35.70732967201261,52.910684693438746,43.1269685527088,21.948137683556325,44.55681851981742
LA-INFR-00633,Irrigation Dam & Reservoir,Uttar Pradesh,673.38,115,223,2,58.28,2,25.57,6.9,25.4,Medium Risk,82.16532387548736,18.738239362698078,30.37255511307345,28.5221564022363,40.8399628528519,37.21985527299753
LA-INFR-00634,Urban Metro Rail,West Bengal,313.83,161,142,2,74.13,5,12.27,5.9,49.4,High Risk,75.80840260572961,42.954403554839196,24.217190317922807,34.52716286316907,22.222598411470173,43.03349174734433
LA-INFR-00635,Industrial Corridor,Gujarat,59.27,140,295,0,42.88,2,16.14,7.2,40.5,High Risk,60.72057581420869,22.042867327663814,43.89330007746077,29.70935899579504,36.66961432720517,37.67509951044507
LA-INFR-00636,Irrigation Dam & Reservoir,Maharashtra,25.0,160,214,4,54.61,1,40.57,4.4,51.3,High Risk,61.925524582385,7.5813562047819065,37.019215894761835,51.46212609887586,48.22309048584604,41.03251317807386
LA-INFR-00637,Irrigation Dam & Reservoir,Gujarat,378.4,144,294,0,87.86,1,99.15,8.8,9.9,Low Risk,78.0467128708086,7.363894092963238,12.477905002242634,11.268649533856173,36.72917903828458,27.03752542917246
LA-INFR-00638,Industrial Corridor,Bihar,175.02,154,259,2,20.87,3,79.67,7.2,50.3,High Risk,68.28187219067489,22.09044390153242,63.499166209949415,24.48664557089514,45.34630224287987,42.65748294873692
LA-INFR-00639,Industrial Corridor,Gujarat,237.32,159,245,4,75.37,2,36.68,7.2,49.3,High Risk,71.45419900750345,18.501562394060702,24.62587011258736,24.138365082088068,51.71529559734656,38.336770066595285
LA-INFR-00640,Irrigation Dam & Reservoir,Uttar Pradesh,87.15,155,213,0,90.51,1,44.54,9.8,10.5,Low Risk,68.52684887972909,11.501015969519864,8.845491297111206,7.072879206638135,26.3952185599374,23.53177129095957
LA-INFR-00641,Urban Metro Rail,Tamil Nadu,182.58,152,295,4,50.45,6,36.99,5.2,71.3,Critical Risk,70.0181414237396,48.126804742486065,39.10497727688303,43.64365723834096,59.55478480604998,49.72142739029225
LA-INFR-00642,National Highway,Bihar,1028.19,133,284,4,91.01,5,17.53,4.0,67.4,Critical Risk,79.80584842079452,37.78520266617391,11.234845787797628,46.91248883246025,59.972894627846536,43.97720389118409
LA-INFR-00643,Urban Metro Rail,Gujarat,64.11,142,263,1,74.56,2,35.0,6.0,30.4,High Risk,65.67003809319452,19.145258321813614,24.855317145707357,34.351265091228946,38.8291201454666,36.3141142963549
LA-INFR-00644,Dedicated Freight Corridor,Maharashtra,128.48,175,179,4,48.55,3,10.36,6.1,71.7,Critical Risk,68.79170866711851,27.374418266173635,41.32344612812487,34.131447884141835,42.61638114837474,39.08502250688119
LA-INFR-00645,Irrigation Dam & Reservoir,Odisha,367.18,144,187,1,42.87,8,69.19,9.2,62.0,Critical Risk,74.09636162438952,51.97673893173009,45.79944195971626,8.237319567479048,29.335299244459055,44.02010956549656
LA-INFR-00646,National Highway,West Bengal,188.56,146,341,1,47.05,3,44.7,8.9,52.1,High Risk,69.23590463802935,22.17752314839749,43.136980477642645,8.871903132536334,49.91773938812828,39.390910102208366
LA-INFR-00647,Urban Metro Rail,Tamil Nadu,74.67,157,241,1,81.14,6,93.24,5.8,54.3,High Risk,65.08848361949865,40.140734671288776,20.16373553463738,40.94335758080194,35.74089847531333,40.619731144539635
LA-INFR-00648,National Highway,Uttar Pradesh,836.28,158,260,4,56.77,1,59.41,4.8,63.3,Critical Risk,75.5768842170743,7.669364115071611,37.13205122186613,44.47487300330027,57.667703322037326,45.324981912762915
LA-INFR-00649,Urban Metro Rail,Gujarat,520.83,167,244,1,61.04,8,38.59,8.0,74.8,Critical Risk,78.50715081714527,56.86004065133862,32.095322849293666,19.751174968953375,33.81510622265176,44.73128478355128
LA-INFR-00650,Industrial Corridor,Uttar Pradesh,137.53,140,225,3,54.52,1,97.05,8.9,13.7,Medium Risk,70.18166900706034,4.9618773755977506,38.8094726610592,10.93324205262895,42.52600698154468,31.111662432749615
LA-INFR-00651,Industrial Corridor,Bihar,326.65,137,168,2,86.38,2,59.53,5.3,15.0,Medium Risk,74.0240779160102,13.533547519590684,14.26829585365417,40.588527790484406,31.447786873773165,31.85916461621918
LA-INFR-00652,Irrigation Dam & Reservoir,Bihar,25.0,127,344,2,30.92,3,28.47,7.0,52.3,High Risk,51.04679682484951,24.155127017938284,53.9725343746084,30.142891623592323,57.181689489315694,41.48621711622915
LA-INFR-00653,Dedicated Freight Corridor,Bihar,342.66,147,267,4,96.55,3,67.51,3.7,59.7,High Risk,76.93648052118571,24.463020887260456,6.319040357477996,53.661951189940716,60.36546950146989,44.01009117330583
LA-INFR-00654,Industrial Corridor,Uttar Pradesh,46.84,130,280,4,74.5,1,50.98,4.0,37.0,High Risk,67.7773752000217,10.198154619617965,21.32116770341781,49.99198198202606,59.93477565512625,40.145655543138304
LA-INFR-00655,Dedicated Freight Corridor,Uttar Pradesh,50.0,153,285,3,59.31,1,21.95,3.9,68.5,Critical Risk,61.600663301149304,14.292957134199153,31.48459325199415,53.26627676529732,54.18010998262528,40.88807206771744
LA-INFR-00656,Urban Metro Rail,Maharashtra,57.87,147,268,3,68.93,2,43.71,5.9,40.0,High Risk,64.73052565222079,17.307766719794856,26.017469986735684,36.0881173741967,48.34740817755344,37.501350231601386
LA-INFR-00657,National Highway,Maharashtra,239.85,147,205,4,46.87,3,97.87,3.6,56.1,High Risk,69.85663955611248,17.90159799177918,42.42171882754657,53.74070858056757,48.120932927031625,44.363444119562445
LA-INFR-00658,Industrial Corridor,Maharashtra,90.54,152,272,2,92.12,5,44.66,3.2,64.5,Critical Risk,64.23303794039373,38.165027092682976,10.880394038087054,62.16180003079021,49.94276976827446,42.46160292774296
LA-INFR-00659,Urban Metro Rail,Odisha,55.42,152,288,3,20.4,4,76.73,9.0,59.1,High Risk,63.97671318181134,28.37756251948935,62.056383279044184,13.534536636493536,56.70248286430142,44.494086541194655
LA-INFR-00660,Irrigation Dam & Reservoir,West Bengal,196.67,133,282,0,60.37,1,58.94,7.9,1.0,Low Risk,71.18630694862863,10.629865300042454,34.34948364933695,22.08794603917109,36.42732937011508,32.70919163856181
LA-INFR-00661,Irrigation Dam & Reservoir,Uttar Pradesh,102.68,131,245,2,72.82,2,93.76,3.0,45.8,High Risk,65.72826561401433,13.820719303927907,23.778338430815655,58.40819501100139,42.22785907790674,37.1203447502095
LA-INFR-00662,National Highway,West Bengal,21.43,164,253,4,52.26,5,59.14,3.1,78.2,Critical Risk,54.12689145306345,35.54156307474677,37.807746304714264,58.487741932096625,54.19850537547357,47.325753608895354
LA-INFR-00663,Urban Metro Rail,West Bengal,110.5,133,240,1,90.72,2,20.51,5.5,23.2,Medium Risk,69.08832868541661,22.46335058748576,13.145354593782022,37.254030000788475,35.11247571847229,30.64828347358223
LA-INFR-00664,National Highway,Bihar,113.78,165,200,3,51.59,1,60.65,3.4,37.9,High Risk,60.80458276743418,13.13395132166167,40.12236468841126,55.70810241695501,37.92881878262569,37.65782021191751
LA-INFR-00665,Dedicated Freight Corridor,Tamil Nadu,50.0,148,157,0,58.16,1,53.45,5.1,9.7,Low Risk,58.49555227525195,8.893068147404122,36.40069859698067,43.24185459911134,13.621190086195615,31.377345546557002
LA-INFR-00666,Urban Metro Rail,Maharashtra,78.9,148,294,3,39.14,1,26.14,7.4,55.7,High Risk,62.82987593348035,13.063548540165039,47.28314528365869,25.204791176649124,53.17688539342244,37.392728377583204
LA-INFR-00667,Urban Metro Rail,Uttar Pradesh,117.94,159,228,3,85.55,3,22.76,7.9,43.0,High Risk,70.88574028957221,20.90600977148751,13.84412569830353,17.631816968278724,42.973024146544184,33.19039694037314
LA-INFR-00668,Dedicated Freight Corridor,Odisha,301.15,150,209,3,23.45,1,84.59,3.7,43.0,High Risk,74.54274070246952,9.990199346100118,55.17753378012914,52.01337196127702,37.8479950448841,42.39575307665329
LA-INFR-00669,Urban Metro Rail,Uttar Pradesh,81.47,160,217,4,32.46,2,38.82,8.7,42.8,High Risk,65.09677536954581,18.670193125530332,50.476039398895146,14.533377464543058,49.81044572668809,38.23579697399633
LA-INFR-00670,National Highway,Gujarat,267.98,167,260,4,25.18,0,86.72,8.4,44.3,High Risk,67.45059712275328,0.0,56.38367312191721,18.236173022444834,54.78179352169009,39.97202801484566
LA-INFR-00671,Urban Metro Rail,Bihar,204.76,180,217,2,61.02,3,46.43,7.7,39.2,High Risk,70.71027018171488,25.52960940633734,33.170398158913734,24.12624167557047,39.133866692353145,40.93002285693371
LA-INFR-00672,National Highway,Uttar Pradesh,181.97,164,218,2,20.92,3,38.06,7.5,47.6,High Risk,64.3223634428794,23.767934651354665,59.476942692031805,23.26767563538526,40.22314611193102,42.03220364253603
LA-INFR-00673,Industrial Corridor,Tamil Nadu,370.09,155,181,0,20.78,5,65.26,3.4,58.8,High Risk,77.83146951632125,36.45509820544953,56.54628511494414,56.228585095930164,21.73000153670034,48.47932180816967
LA-INFR-00674,Industrial Corridor,Maharashtra,215.83,160,268,2,85.08,6,21.28,3.8,66.4,Critical Risk,74.60902079261326,42.76658319786283,12.019369619376295,54.417522177041064,40.513709650354095,45.86377246109729
LA-INFR-00675,Industrial Corridor,Uttar Pradesh,45.32,119,271,2,81.69,6,26.89,9.5,34.5,High Risk,59.89222926961358,43.73160429739665,17.151191832745344,5.855622533430852,43.47605732201555,32.948628963044094
LA-INFR-00676,Irrigation Dam & Reservoir,Odisha,926.35,153,187,4,99.21,3,80.46,5.5,31.3,High Risk,84.14145475916925,21.660038564092424,2.3265444410367784,39.930545010811166,44.862270266734825,37.89014692581272
LA-INFR-00677,Dedicated Freight Corridor,Gujarat,145.41,163,306,0,39.88,2,66.25,3.8,41.4,High Risk,66.25638455187934,16.982760851728013,48.16083822673124,56.11205028157239,41.324880764812164,40.1467253557565
LA-INFR-00678,Dedicated Freight Corridor,Odisha,156.89,133,235,2,77.58,4,52.6,7.3,29.4,Medium Risk,72.32467173259558,29.342891858957824,20.12333401964709,25.517906852460573,43.87558962805683,39.812742583563086
LA-INFR-00679,Dedicated Freight Corridor,West Bengal,190.99,158,227,0,34.06,3,98.97,3.4,33.8,High Risk,77.4755729937343,19.84036943645946,50.79318083066779,59.919925834466625,24.41839714446771,41.60550671439329
LA-INFR-00680,Industrial Corridor,Odisha,64.82,124,246,4,79.39,4,70.78,5.4,50.9,High Risk,61.657079394524274,27.745420997047916,20.141667766161262,39.09718622589346,51.012089617819164,40.250812264950575
LA-INFR-00681,Irrigation Dam & Reservoir,Uttar Pradesh,668.19,167,206,0,83.83,3,30.21,8.9,16.8,Medium Risk,76.05019495025427,26.315808394582803,17.26694453989373,14.074950886288043,21.110529009304535,30.139455477310584
LA-INFR-00682,Urban Metro Rail,Maharashtra,120.13,150,335,4,55.95,6,58.57,6.5,75.6,Critical Risk,67.90301294598028,38.96390566232127,38.54307822822567,33.417172827614365,68.39476034251518,48.513257191492094
LA-INFR-00683,Urban Metro Rail,West Bengal,211.89,138,258,3,53.57,2,53.18,9.4,27.8,Medium Risk,67.66172472808432,12.313275423373492,33.6233942070912,7.208881125089999,52.475567820882944,37.33656210229479
LA-INFR-00684,Industrial Corridor,Odisha,165.85,168,237,1,44.02,7,77.99,5.6,64.4,Critical Risk,73.4759934013291,43.52171604676883,41.54426551169464,44.07496015520753,32.99869400949025,47.579504792661524
LA-INFR-00685,National Highway,Tamil Nadu,20.0,136,163,2,54.36,2,93.82,4.7,8.8,Low Risk,49.34931343332783,16.526100884812887,36.33842465444355,46.7815744903968,27.721097854545654,30.68363805366799
LA-INFR-00686,Irrigation Dam & Reservoir,Odisha,204.0,140,240,3,56.89,3,23.51,5.6,49.1,High Risk,72.84263430797408,28.618272215551677,34.777838215803996,35.61388211159085,47.61815973226205,43.61565386776111
LA-INFR-00687,Irrigation Dam & Reservoir,Bihar,450.43,128,129,3,37.64,4,67.08,4.8,45.3,High Risk,77.62512850739687,29.936201288733994,45.92279035961438,45.025864172707855,32.11610070147476,41.592128168168394
LA-INFR-00688,Irrigation Dam & Reservoir,Bihar,225.37,127,163,2,50.24,5,44.34,4.5,54.0,High Risk,71.25193009978038,37.94970873967801,38.947377311106976,50.099658783375425,28.769498419519312,43.47772066995304
LA-INFR-00689,Irrigation Dam & Reservoir,Tamil Nadu,155.3,144,217,3,37.85,1,48.74,9.8,12.6,Medium Risk,68.78341410684835,9.75196077643425,46.718314734183636,3.4135071416693217,43.98906876804226,31.396501957021993
LA-INFR-00690,National Highway,Bihar,32.18,167,166,3,71.12,2,80.76,5.3,23.8,Medium Risk,57.78698986073741,18.221590243155717,25.046942351627134,42.88599212719698,38.309646557577686,35.577721557564445
LA-INFR-00691,National Highway,Bihar,293.54,130,237,3,26.33,3,71.15,4.4,65.8,Critical Risk,69.22198293909315,20.244818009507902,55.29929352200689,49.38242124669227,48.14690201918014,45.99900504069582
LA-INFR-00692,Urban Metro Rail,Maharashtra,305.61,154,294,0,46.88,1,92.71,7.0,12.4,Medium Risk,73.8522547869333,5.643364758152729,39.08083851197215,30.535530587982564,37.61462177477244,36.92583462555814
LA-INFR-00693,Dedicated Freight Corridor,Tamil Nadu,132.69,158,229,4,22.96,3,51.43,3.4,73.2,Critical Risk,69.50493285250538,24.27827244731181,59.218717476880876,55.984502349846316,54.45311447727344,51.51507178188233
LA-INFR-00694,Dedicated Freight Corridor,Gujarat,50.0,153,211,3,34.39,4,76.12,6.7,51.2,High Risk,60.15467382108252,24.41283835366674,49.93920754611877,32.186663244391916,41.22099775433168,38.444070694226696
LA-INFR-00695,Industrial Corridor,Maharashtra,25.54,162,257,1,21.37,2,87.73,7.1,39.5,High Risk,56.555526915976536,13.164066493626393,61.9630632863236,26.89102467512547,33.67518958997593,36.358728156064274
LA-INFR-00696,Urban Metro Rail,West Bengal,190.11,145,285,4,56.42,3,73.5,8.3,59.5,High Risk,72.62225099798275,19.960780024203906,35.173481085878684,18.09689969395415,59.6236734858229,42.056920334854546
LA-INFR-00697,Irrigation Dam & Reservoir,Maharashtra,803.26,154,278,1,80.39,3,71.85,5.5,43.5,High Risk,84.1480359956115,22.359456988271052,17.90439593003791,38.08639453712057,39.78021955035018,38.98461999966934
LA-INFR-00698,Dedicated Freight Corridor,Tamil Nadu,193.14,144,287,2,41.35,4,96.86,4.8,49.2,High Risk,71.21873716154616,24.232420999327267,46.72813389469905,44.64037468227467,52.131709688911954,46.42313465405026
LA-INFR-00699,Industrial Corridor,Maharashtra,84.7,155,243,1,63.17,1,37.0,5.8,30.9,High Risk,64.53096045529485,13.824260042719661,30.85761172078918,35.35054063968069,36.52693557788421,37.13685529769272
LA-INFR-00700,Dedicated Freight Corridor,Maharashtra,208.82,134,214,4,82.11,2,93.3,3.2,35.2,High Risk,71.38557357514213,15.623226971413782,17.17409749808798,61.370096835547265,46.74988308602693,41.86132047443514
LA-INFR-00701,Urban Metro Rail,West Bengal,144.31,154,222,2,21.83,3,43.04,8.4,44.0,High Risk,65.60828290983618,19.590353964117824,57.96264354283208,16.290217576204657,34.30993108961957,38.80578481646558
LA-INFR-00702,Irrigation Dam & Reservoir,West Bengal,204.41,149,265,4,24.33,5,99.37,9.5,63.8,Critical Risk,73.5587919029878,31.69979031515208,59.74787196031343,8.239227344619295,55.91289811400767,49.379257784913186
LA-INFR-00703,Dedicated Freight Corridor,Tamil Nadu,168.11,137,234,2,76.19,2,39.17,8.1,18.6,Medium Risk,67.9929348623579,16.99442825195472,22.445813327585075,21.03926902202434,38.156961453480974,34.153395231676065
LA-INFR-00704,Industrial Corridor,West Bengal,272.86,152,240,0,48.9,5,55.97,4.2,66.1,Critical Risk,75.5974833111774,35.141652939104716,37.92131644426708,50.026913301839606,30.359082955426928,43.96027443698458
LA-INFR-00705,Industrial Corridor,Uttar Pradesh,793.84,143,312,4,92.52,3,36.55,5.0,66.9,Critical Risk,77.6617170752005,22.634195837404167,9.295504557013897,44.20114263115071,59.15877011330032,39.050882903027706
LA-INFR-00706,Industrial Corridor,West Bengal,106.43,161,195,4,58.28,4,67.86,6.1,55.9,High Risk,67.65719051815658,33.25568471482718,29.19733296968764,35.91740590026543,44.583855265776435,39.6145610962836
LA-INFR-00707,Dedicated Freight Corridor,West Bengal,50.0,188,266,3,80.91,4,27.28,6.6,61.0,Critical Risk,61.23220781681226,33.862369441053126,18.12875547551561,29.538052287139827,53.335513485627516,38.94703978795229
LA-INFR-00708,Industrial Corridor,Maharashtra,263.11,162,228,2,48.12,4,68.39,8.9,35.8,High Risk,74.90413998633994,29.314046508941093,41.59200233192048,10.613846536327308,40.95512972634762,39.178403181625804
LA-INFR-00709,Industrial Corridor,Tamil Nadu,113.19,129,213,1,51.77,1,26.77,7.3,19.8,Medium Risk,68.36579239364397,10.554123883612462,40.01531427672874,25.70237771702381,30.711083869507064,31.171746186592166
LA-INFR-00710,National Highway,Tamil Nadu,162.93,139,228,4,81.9,3,14.14,6.9,42.5,High Risk,70.41736584657048,27.39999646902632,16.40333791848732,24.333177608207603,47.26483339761027,38.0670398869548
LA-INFR-00711,Irrigation Dam & Reservoir,Tamil Nadu,568.24,163,301,1,40.31,6,87.16,9.7,61.7,Critical Risk,79.00753288418471,41.2946503065829,45.850357693435846,9.421937905269548,45.356666084348085,45.80784054177006
LA-INFR-00712,Dedicated Freight Corridor,Maharashtra,398.28,140,244,2,20.59,2,83.73,7.4,30.0,High Risk,77.81661985305173,14.174338926018864,58.89038661859203,25.822403640668075,42.55474433160427,42.91338095268634
LA-INFR-00713,Dedicated Freight Corridor,West Bengal,122.89,172,170,3,51.88,2,38.73,9.5,26.1,Medium Risk,70.52771731456859,19.507084256237416,37.6491433557503,11.083777056279525,33.54150068207693,32.82361645380282
LA-INFR-00714,National Highway,Gujarat,65.89,138,127,1,75.14,3,92.4,3.6,24.7,Medium Risk,59.61601769687621,21.65009635044732,19.969450025588696,51.706599911706256,12.155176200805387,29.413343730457832
LA-INFR-00715,Irrigation Dam & Reservoir,Uttar Pradesh,69.72,136,223,0,83.7,3,12.79,9.4,15.2,Medium Risk,64.6002541839945,23.47342636945616,16.277904677011303,6.868090588290414,22.81841846010042,27.087314737977675
LA-INFR-00716,Irrigation Dam & Reservoir,Tamil Nadu,252.04,162,291,4,66.46,5,51.7,4.5,71.1,Critical Risk,72.84036712044178,35.71885259012584,30.257459646929814,48.323544521451424,58.53637261071551,46.57980994875983
LA-INFR-00717,Urban Metro Rail,Tamil Nadu,633.5,165,191,0,89.43,5,62.3,3.9,52.4,High Risk,81.39519871574205,31.65264445712718,10.121906590807631,54.47384661567676,18.90433074423654,36.82182331575457
LA-INFR-00718,National Highway,Tamil Nadu,40.79,150,256,2,73.35,4,89.75,6.8,41.2,High Risk,57.15772617116854,25.292247880587006,24.96899145085152,28.239363393349482,43.151706824341,37.34642866106398
LA-INFR-00719,Urban Metro Rail,Maharashtra,61.46,152,271,1,35.9,5,29.42,8.0,63.0,Critical Risk,65.90130007686142,39.05689394799777,52.71971561531754,24.265090885944417,39.360180999405266,46.10862625031885
LA-INFR-00720,Urban Metro Rail,Tamil Nadu,51.35,163,173,4,97.08,1,74.26,7.7,20.5,Medium Risk,61.62058997553933,6.484455573467132,4.817096310224761,19.012091009927598,39.498763629945024,26.03898871967737
LA-INFR-00721,Urban Metro Rail,West Bengal,135.98,153,282,1,85.47,2,77.73,7.7,24.2,Medium Risk,69.24346518206268,19.853748098531764,12.371313269847521,21.343609520467286,38.30017594320026,34.61070417037114
LA-INFR-00722,Irrigation Dam & Reservoir,Gujarat,353.39,130,287,4,53.34,2,26.03,8.9,48.3,High Risk,75.31628167582623,18.161468911366516,37.49811575324846,13.589233220302145,63.18527584984657,36.91366286705861
LA-INFR-00723,Irrigation Dam & Reservoir,Bihar,593.08,157,254,1,61.16,4,72.74,5.3,56.2,High Risk,80.65207571470694,27.163386187755385,32.82058979042863,40.99790524721832,34.19651336827195,39.207283004758665
LA-INFR-00724,Industrial Corridor,Uttar Pradesh,321.75,130,236,0,28.86,3,84.32,7.3,26.0,Medium Risk,75.58518699263163,18.74328140158399,55.22683546537554,18.91552277211919,31.33446134327667,38.85631788117586
LA-INFR-00725,Irrigation Dam & Reservoir,Odisha,90.27,135,316,4,74.25,4,32.45,8.2,53.7,High Risk,67.10428558587684,28.821961361470493,24.384667829867112,16.363326430572478,61.72471330406443,43.53980047466348
LA-INFR-00726,Industrial Corridor,Tamil Nadu,120.44,143,214,1,41.99,2,37.8,7.9,25.0,Medium Risk,70.6518646995427,17.255564114786793,46.6281770231025,22.607089931468316,33.504425458416165,35.785624124528724
LA-INFR-00727,National Highway,Uttar Pradesh,178.74,139,177,2,72.6,1,18.7,6.7,6.9,Low Risk,65.46128346715527,12.091362567039775,24.43804566212257,28.658442219486343,32.374098537036474,33.155490864516956
LA-INFR-00728,National Highway,Maharashtra,306.17,132,225,1,47.72,2,15.82,5.1,43.3,High Risk,74.03986441409762,22.383219691495036,40.590025881147035,44.57454885821166,28.250471952891562,41.02658398847702
LA-INFR-00729,Dedicated Freight Corridor,Maharashtra,282.48,124,244,2,44.31,1,65.49,7.9,12.8,Medium Risk,72.55327893656663,9.750953567787317,43.8596804992789,19.930503387073013,42.50419080757595,37.382880053819974
LA-INFR-00730,Dedicated Freight Corridor,Maharashtra,50.0,134,293,4,38.42,5,28.16,8.5,73.6,Critical Risk,61.89686145347764,34.66947086276844,48.99136981016724,15.289178621016733,58.18913053853523,46.09702362129351
LA-INFR-00731,Dedicated Freight Corridor,Tamil Nadu,406.59,167,226,3,87.01,1,32.93,8.6,13.2,Medium Risk,78.58428638724749,11.714671156913186,17.729210811970777,15.299163626970364,42.78299232386348,33.07708399980708
LA-INFR-00732,Industrial Corridor,Bihar,122.0,151,303,4,71.58,4,49.8,8.8,50.2,High Risk,68.17515280462895,31.940260422444375,23.175658540832565,14.545751608911846,62.647385718280766,37.56239738007339
LA-INFR-00733,Industrial Corridor,Tamil Nadu,20.0,161,182,1,45.53,2,35.21,7.4,30.1,High Risk,57.20751585916615,14.005972408454037,41.71971936033383,27.486649251712755,26.626582660767777,30.593437907778544
LA-INFR-00734,Urban Metro Rail,Tamil Nadu,75.23,140,264,0,65.51,6,83.84,6.1,46.7,High Risk,68.1289323734671,40.62266243297997,23.259466134934446,34.29787928913563,34.43172027680253,43.1901177519516
LA-INFR-00735,Industrial Corridor,Bihar,467.0,150,263,1,59.71,3,42.87,8.3,34.6,High Risk,81.52754752814411,23.982431023927635,33.00680417403442,18.263340586326162,36.973318046561175,37.45606624154188
LA-INFR-00736,Urban Metro Rail,Uttar Pradesh,700.0,151,270,3,95.7,3,34.94,6.4,56.6,High Risk,74.77791748756489,26.420548618955305,4.271899395547695,34.86398357133968,50.94254512060827,36.64351060113028
LA-INFR-00737,Dedicated Freight Corridor,Tamil Nadu,296.95,153,244,4,39.7,2,98.11,8.6,30.5,High Risk,71.17745066689456,13.521719788539805,48.102201064264904,14.514623007478628,52.11613089398258,36.58564391419219
LA-INFR-00738,National Highway,Odisha,509.72,158,236,4,74.11,1,35.88,6.9,35.0,High Risk,73.53747404882137,11.949884192739459,19.814646286665276,29.644507057198073,52.043412400545314,39.385211547031936
LA-INFR-00739,Irrigation Dam & Reservoir,Tamil Nadu,121.21,146,242,0,76.71,1,35.1,5.0,10.9,Low Risk,69.0035911971074,10.723280750940393,21.172761140928017,43.33344316594097,30.816357471097263,31.662974178759832
LA-INFR-00740,National Highway,Odisha,182.04,169,195,1,84.53,1,76.01,8.5,7.6,Low Risk,70.29915833432305,8.352016207458256,14.95238462212621,20.277366782224234,25.938677575865565,28.402164553772625
LA-INFR-00741,Urban Metro Rail,West Bengal,45.58,161,289,1,70.22,0,86.24,3.7,15.7,Medium Risk,61.840729508478304,0.07037681898208592,24.460002386870038,56.52306947107177,43.007045892605,32.24281258386728
LA-INFR-00742,Irrigation Dam & Reservoir,Bihar,238.29,152,198,0,60.74,4,44.94,7.9,27.2,Medium Risk,74.87035874871846,30.87630512933528,36.30860375456044,20.06695283931506,24.932202922353536,34.63638505857202
LA-INFR-00743,Urban Metro Rail,Odisha,98.56,150,132,3,51.04,6,20.01,6.4,58.6,High Risk,64.7126068479347,47.44949989665368,35.24546900367675,34.54300793885589,25.965428124965158,40.41220288966968
LA-INFR-00744,National Highway,West Bengal,275.26,154,239,2,37.47,4,27.11,9.7,36.7,High Risk,68.6057222182415,32.015011976619945,51.661811027209296,6.03553090681448,42.61382579684555,41.2650529579988
LA-INFR-00745,Irrigation Dam & Reservoir,Tamil Nadu,247.66,143,242,4,99.05,2,40.98,4.4,53.1,High Risk,71.14709850260952,15.613115131166946,4.471091624509616,48.938911557578265,55.68444151161129,37.39526307289312
LA-INFR-00746,Dedicated Freight Corridor,Gujarat,350.36,176,241,1,45.55,5,19.64,8.2,68.8,Critical Risk,77.81087535436724,39.97968468786929,45.741728191365155,16.959379217779897,32.65216163723258,43.125829961637535
LA-INFR-00747,Dedicated Freight Corridor,Uttar Pradesh,67.12,167,214,1,20.24,3,18.87,5.3,55.6,High Risk,64.76998110996422,22.63758785828406,61.88048249275951,40.91374292328237,28.797336120623918,41.515723860054536
LA-INFR-00748,National Highway,Tamil Nadu,94.6,150,269,2,89.81,3,97.11,9.1,5.1,Low Risk,67.50346544477772,20.420260468231316,9.800488997057682,10.83865632997959,47.27725023483903,27.236339927820485
LA-INFR-00749,Urban Metro Rail,Gujarat,52.51,154,248,2,26.26,4,75.64,7.4,43.0,High Risk,61.768197135107165,30.772939430761888,58.08730241808681,21.353213258932335,40.625778071503376,45.34218520029761
LA-INFR-00750,Irrigation Dam & Reservoir,Maharashtra,265.34,139,233,4,75.4,4,47.21,5.8,57.5,High Risk,72.9306859673863,30.390868588194223,16.954337446207752,39.725605310063116,53.19613446511643,41.00586895291588
LA-INFR-00751,Industrial Corridor,West Bengal,20.0,161,234,1,85.31,7,67.08,7.0,49.9,High Risk,55.88036675721965,48.417081562643844,11.202197258511434,28.788507733746332,34.3913835191519,36.844031182727555
LA-INFR-00752,Urban Metro Rail,Uttar Pradesh,33.3,153,144,4,77.57,5,44.95,8.8,35.7,High Risk,58.378214966825674,37.55866895251531,23.565413159152673,14.323447232209594,37.658443088923335,30.0626265430322
LA-INFR-00753,Urban Metro Rail,Tamil Nadu,53.86,150,292,1,50.37,1,87.79,9.0,12.4,Medium Risk,66.80030094090512,4.624494541414251,35.258498989960465,11.180548393275274,44.04471441967856,35.08291759236574
LA-INFR-00754,Irrigation Dam & Reservoir,Maharashtra,189.52,165,166,1,75.18,1,63.83,8.3,6.0,Low Risk,70.27891543842006,7.533825633704195,21.351932754785356,17.48498877875054,22.13360887373677,24.920904495812714
LA-INFR-00755,Irrigation Dam & Reservoir,Maharashtra,229.02,149,205,2,48.54,3,84.16,4.7,33.0,High Risk,75.03784047567133,19.744981666468856,42.485951314078754,47.63037217586773,33.23405347533749,45.704594848696985
LA-INFR-00756,Urban Metro Rail,West Bengal,176.26,132,254,4,63.43,3,50.99,8.2,47.8,High Risk,67.56920800533499,24.262812170230855,24.8300464506636,18.830175407350243,53.96722786866537,34.60604732561711
LA-INFR-00757,Urban Metro Rail,Tamil Nadu,162.95,147,310,4,75.74,1,79.51,6.6,37.5,High Risk,71.86237816163063,7.463165295181313,21.27296330269643,29.000606777375666,64.24684164986809,40.43235237076622
LA-INFR-00758,National Highway,Gujarat,132.39,158,218,3,93.77,3,25.0,3.6,47.6,High Risk,64.6208144206617,25.54331171702175,4.90899074749549,50.39458116073005,44.06850393749723,33.95128577568336
LA-INFR-00759,Industrial Corridor,Gujarat,80.91,165,190,4,69.13,3,96.74,4.5,45.3,High Risk,66.37680210254202,20.038281200974247,24.574675744168342,49.14277327611461,47.08215117046062,40.63907005054619
LA-INFR-00760,Industrial Corridor,Tamil Nadu,172.19,136,214,3,38.27,1,15.55,5.6,37.3,High Risk,70.65031017765351,13.282070249512952,51.803628701393386,39.75990434455382,44.15301115156845,39.97492143973728
LA-INFR-00761,National Highway,Odisha,181.74,141,290,3,47.8,3,50.93,6.9,41.1,High Risk,67.32764502189296,23.092820047509253,40.24560789962417,24.555810535357455,52.639625367182525,42.16271278734344
LA-INFR-00762,Urban Metro Rail,Uttar Pradesh,64.65,135,218,2,53.01,3,46.24,9.6,26.4,Medium Risk,60.4407318030794,26.05179155926121,36.066174956991624,3.7724520986112484,38.120082562546244,35.61030824297073
LA-INFR-00763,Irrigation Dam & Reservoir,Uttar Pradesh,262.77,136,256,0,91.24,2,29.25,9.5,5.1,Low Risk,80.7858664871733,17.204919137203657,7.534598846154146,4.409032281349006,33.54809464403562,29.883619525979586
LA-INFR-00764,Industrial Corridor,Tamil Nadu,92.83,159,237,3,43.42,2,99.93,7.0,21.2,Medium Risk,66.07978238667594,11.392360654389377,42.88726802309812,27.733224678801694,45.25457447037131,40.63937672308533
LA-INFR-00765,Industrial Corridor,Bihar,20.0,149,267,3,79.29,3,59.99,7.8,45.5,High Risk,53.97814509564529,24.93947328314128,18.93116513723258,22.205046688637008,49.35643815060979,35.36681278251077
LA-INFR-00766,Dedicated Freight Corridor,Bihar,50.0,150,224,2,87.27,0,96.44,8.7,4.0,Low Risk,62.63491502548253,0.0,14.579138084031564,13.017756098919346,40.72926451079287,22.62713538667809
LA-INFR-00767,Urban Metro Rail,Tamil Nadu,40.83,161,291,3,37.18,3,54.79,6.5,61.1,Critical Risk,58.7998226524723,23.78047382155861,47.019922569977034,34.376955566424535,52.22598797574696,41.736228128823115
LA-INFR-00768,Dedicated Freight Corridor,Uttar Pradesh,80.35,162,199,4,94.33,3,69.57,4.8,44.5,High Risk,66.48390144551227,20.54719596988759,1.246134459268812,44.51857774719744,46.01269056020019,35.77343017287016
LA-INFR-00769,Irrigation Dam & Reservoir,Maharashtra,269.65,144,173,4,92.73,3,97.19,7.7,16.1,Medium Risk,72.97992145724442,22.991656110692514,9.984051576137858,20.62892465361895,41.30746907630441,29.17686200395804
LA-INFR-00770,Dedicated Freight Corridor,Bihar,60.76,147,284,2,38.03,0,80.4,9.8,17.7,Medium Risk,64.45923145868076,5.674432703060694,50.09805946824549,1.4749914714743464,49.74060935070512,33.97238314907757
LA-INFR-00771,Industrial Corridor,Odisha,151.97,130,304,2,66.6,4,70.58,8.3,42.6,High Risk,68.27890704853036,28.197051829294804,26.07154478846569,19.13877467799891,51.95550163356874,38.27920312776168
LA-INFR-00772,Urban Metro Rail,Odisha,10.0,149,213,1,71.62,3,83.59,7.3,20.1,Medium Risk,48.28297599503738,19.474762512888734,18.679549714960388,27.78929932838711,29.573183253974996,29.62544126747822
LA-INFR-00773,Irrigation Dam & Reservoir,Bihar,100.46,147,294,2,84.37,4,36.39,8.3,34.7,High Risk,68.09370053949682,29.033418022601193,13.600920513477432,17.00977040091877,49.918944458363626,34.13570623568051
LA-INFR-00774,Irrigation Dam & Reservoir,Maharashtra,169.41,173,347,0,51.04,2,24.61,8.5,39.1,High Risk,73.12246971022812,18.05635757082566,39.99568650193519,17.451363789941865,44.59898673972729,39.927735939702785
LA-INFR-00775,Urban Metro Rail,West Bengal,124.28,140,208,3,31.04,3,34.15,7.1,53.5,High Risk,71.96857710644635,22.46327363016183,55.37051802682216,31.10757274299938,43.08417137811449,44.43887123312499
LA-INFR-00776,Irrigation Dam & Reservoir,Gujarat,163.54,143,185,1,83.08,5,42.13,4.3,51.0,High Risk,71.36121944738603,31.123230740719663,13.029356460499304,46.54346027758883,26.998199730499984,37.0925499735107
LA-INFR-00777,Industrial Corridor,Maharashtra,139.26,148,205,1,48.8,5,33.74,8.8,48.9,High Risk,69.11100556410358,36.418052606006924,39.359316661391155,10.771457238447324,29.840421120540125,37.93435786736854
LA-INFR-00778,Urban Metro Rail,Gujarat,114.12,155,273,3,85.71,3,96.36,3.8,62.3,Critical Risk,67.42603316788424,21.069341270519242,16.483408756098736,56.68019245765265,52.71240038444365,41.58898527121847
LA-INFR-00779,National Highway,Bihar,320.77,154,251,0,73.28,4,83.66,8.7,21.5,Medium Risk,70.71332431836376,30.777329779170994,22.34940804094185,14.70713610984171,31.117989122960946,34.33691188302444
LA-INFR-00780,National Highway,Tamil Nadu,35.87,167,200,1,43.76,0,22.74,6.4,10.0,Low Risk,56.79747122929544,6.283196937487295,45.739459036900385,30.4578301129118,30.084170055724762,33.81779668120932
LA-INFR-00781,National Highway,Gujarat,210.38,174,107,4,99.86,4,85.51,8.3,13.4,Medium Risk,66.48752593569485,24.778969117638628,3.6673882263550244,17.6255773374153,35.8173053143412,31.522319554468133
LA-INFR-00782,Dedicated Freight Corridor,Uttar Pradesh,545.54,159,233,3,41.45,2,77.61,4.2,53.5,High Risk,82.59592316722377,15.248669715876819,45.4045752903788,47.76908742810795,46.927000943813596,46.46400049755993
LA-INFR-00783,Dedicated Freight Corridor,Maharashtra,86.32,127,253,3,68.14,2,78.24,9.4,9.0,Low Risk,66.91476330012448,18.602587721444458,24.564932708067573,4.4310465052061,47.01871256303035,29.421892317402502
LA-INFR-00784,Irrigation Dam & Reservoir,Tamil Nadu,420.46,163,177,4,79.05,4,75.28,6.9,43.5,High Risk,77.44919054101541,28.337566885559017,19.20508608957562,32.24493568947944,37.32761094630418,37.62739688897932
LA-INFR-00785,Industrial Corridor,Odisha,217.07,158,156,4,69.87,0,11.85,7.6,25.3,Medium Risk,70.86620360954906,8.904942772567978,25.53336869930808,23.665645687370482,35.47328843266102,33.04592732277779
LA-INFR-00786,Industrial Corridor,Uttar Pradesh,240.47,160,252,2,36.05,3,61.87,3.9,63.5,Critical Risk,77.35312967605867,23.64921808892362,47.13044168054135,52.424092297487995,41.34595625683826,45.76851263256155
LA-INFR-00787,National Highway,Odisha,171.63,154,298,0,58.07,2,53.79,6.7,20.3,Medium Risk,59.26486600810706,15.95146043425708,33.73948054890867,32.01996202145087,40.15946071109694,36.474161527582936
LA-INFR-00788,National Highway,Uttar Pradesh,281.11,137,275,1,27.72,3,96.48,7.5,34.2,High Risk,69.1208958908293,17.151396863265543,55.48056018936796,22.38085387046951,40.086535824400976,37.30388072927086
LA-INFR-00789,Urban Metro Rail,Tamil Nadu,229.79,150,218,1,96.08,4,18.14,8.1,34.0,High Risk,75.07317701321887,31.12659828355164,5.714585207074014,17.547081845368268,31.63881996180143,33.164469519886765
LA-INFR-00790,Industrial Corridor,Odisha,57.49,158,247,0,61.97,6,51.77,9.6,35.3,High Risk,60.40151001098464,42.27174500175833,30.321308385387738,6.157315085246796,33.70383449541176,35.66702455674393
LA-INFR-00791,Dedicated Freight Corridor,Bihar,69.64,163,173,2,49.98,3,32.78,3.1,53.3,High Risk,63.98393608554717,24.82100595856734,37.91708731881125,59.386066689193584,30.29367077675959,41.580924995975394
LA-INFR-00792,National Highway,Maharashtra,104.3,160,290,0,91.16,2,86.22,9.7,6.7,Low Risk,61.65810184148056,14.577017636369531,8.900135481749299,7.685239138346171,38.10783121367101,26.892761017504757
LA-INFR-00793,National Highway,Bihar,685.73,160,235,1,81.5,1,52.92,3.1,37.5,High Risk,77.0970067411091,11.539651759637295,21.361111409846735,55.816528957763595,32.1251410873114,35.62839903382283
LA-INFR-00794,Urban Metro Rail,Odisha,392.77,140,195,3,31.38,4,45.72,8.2,58.2,High Risk,79.54677144848684,27.85445513362788,50.13310068639142,15.739464305105646,37.367816706437,41.86318005939942
LA-INFR-00795,Dedicated Freight Corridor,Uttar Pradesh,102.89,156,264,3,61.83,2,68.07,6.4,40.7,High Risk,69.08361311304435,15.724629776380525,30.840886015037043,36.81834892005993,52.18991233919258,39.73174506323092
LA-INFR-00796,Dedicated Freight Corridor,Gujarat,50.0,118,290,2,85.4,1,35.81,6.6,17.2,Medium Risk,59.99680973188842,9.610415854060067,12.000852222582747,32.288804699859945,51.600665546960315,30.294170553004527
LA-INFR-00797,National Highway,Odisha,68.72,145,251,0,34.46,2,41.13,7.8,27.1,Medium Risk,63.3208483368165,18.834138802426263,46.86858405250874,23.464453434784488,29.91257815815787,33.47557769048555
LA-INFR-00798,National Highway,Maharashtra,490.45,148,206,2,28.79,1,24.82,4.6,27.5,Medium Risk,72.31777301085108,15.659473914717188,54.48729960078207,42.36751844046854,32.87478174449238,39.56583524685294
LA-INFR-00799,Industrial Corridor,West Bengal,638.54,139,350,2,29.66,4,43.83,6.8,72.8,Critical Risk,79.47826112543456,30.323367453292192,54.56181192211398,31.259176491597913,56.24513739808576,50.251645017979435
LA-INFR-00800,National Highway,Bihar,216.69,163,254,0,45.7,3,52.42,4.3,59.0,High Risk,67.00289414024621,24.946447191054247,41.61495097517717,50.38859312414603,31.20243280511091,41.55360004058521
LA-INFR-00801,Urban Metro Rail,Gujarat,90.46,134,210,1,21.24,4,71.29,6.1,34.7,High Risk,66.40541781914047,28.810321377386508,62.37686884737664,32.75409807362379,27.794277476757816,37.91887337821308
LA-INFR-00802,Urban Metro Rail,Bihar,32.22,133,255,4,42.3,2,95.85,6.0,37.1,High Risk,55.16046281871705,12.04621799397372,45.83886257702854,35.699400081048275,61.75026713526108,38.69364410974345
LA-INFR-00803,Industrial Corridor,West Bengal,79.37,152,214,1,94.64,2,46.33,5.4,21.8,Medium Risk,69.06985299493672,19.25035384854905,10.235082245079003,37.81421797488753,28.55800881734795,28.70104456681284
LA-INFR-00804,Industrial Corridor,Uttar Pradesh,48.08,162,161,4,80.98,3,22.27,6.4,39.9,High Risk,60.89545596644489,25.91521117907954,20.215932683380565,32.275002097114566,42.47589200576871,34.6365301541648
LA-INFR-00805,Industrial Corridor,West Bengal,366.36,142,178,0,50.17,2,91.56,3.1,21.1,Medium Risk,78.25834240564743,12.45201670386199,39.18668748169662,57.15482828145738,19.433438011652438,37.167587996655
LA-INFR-00806,Dedicated Freight Corridor,Tamil Nadu,947.26,145,277,0,65.42,7,85.11,5.2,65.0,Critical Risk,80.32160395094726,46.944721142907184,30.714843848036033,40.276600975719035,30.61802522222506,42.144252846773036
LA-INFR-00807,Industrial Corridor,Bihar,82.89,159,166,4,21.89,5,89.58,9.6,43.8,High Risk,72.73663573689825,32.31127271064612,61.112539188065504,6.090712920502189,41.70588714158917,43.590579916822776
LA-INFR-00808,Dedicated Freight Corridor,Odisha,237.29,163,246,0,57.93,7,36.59,9.3,58.3,High Risk,74.37217815018865,51.20938862988852,32.371113238039804,8.482809954953328,30.625560073913178,41.5789143540317
LA-INFR-00809,Industrial Corridor,Uttar Pradesh,360.0,147,252,3,28.75,2,53.19,5.2,70.5,Critical Risk,71.68251157055892,15.852825247640826,57.312847131301226,38.13221565974268,51.16517525262461,46.13293240101712
LA-INFR-00810,Dedicated Freight Corridor,Gujarat,50.0,170,246,3,84.64,3,33.58,8.5,39.2,High Risk,60.14445214989214,28.747815910942997,17.14203786927885,17.74770128502857,45.820918704946,36.2939143748359
LA-INFR-00811,Industrial Corridor,Uttar Pradesh,119.01,159,350,1,49.84,5,38.94,7.0,67.3,Critical Risk,68.53155134919798,33.06313634658669,42.59541488639956,29.946554621951993,52.68180641474252,46.91010272646267
LA-INFR-00812,Urban Metro Rail,Odisha,369.24,154,258,1,39.83,3,95.39,9.5,20.8,Medium Risk,77.8510420850576,19.730041153689697,51.16192498429386,10.194157356693115,36.25809565904567,38.08573997183732
LA-INFR-00813,Industrial Corridor,West Bengal,153.01,150,215,3,91.58,2,82.62,6.4,23.3,Medium Risk,70.86335146573023,15.31584147806998,8.480944949951066,36.01061319131803,43.85506689679662,32.603500913644204
LA-INFR-00814,Irrigation Dam & Reservoir,West Bengal,25.0,149,304,0,33.12,2,46.66,4.6,39.4,High Risk,54.784943786503504,14.672979643485718,49.17751968658491,44.12941367631142,35.76887529374479,40.899875129373356
LA-INFR-00815,Dedicated Freight Corridor,Odisha,747.74,144,231,4,26.33,4,23.07,5.9,71.4,Critical Risk,82.36885324037611,33.43938993336578,60.41665504017615,39.52035799100662,48.511805069821925,57.00666017382777
LA-INFR-00816,Irrigation Dam & Reservoir,West Bengal,401.47,143,238,4,35.22,3,18.08,7.9,55.8,High Risk,80.07015250871747,23.592293866053307,48.99555491322782,21.164403691664823,54.92777253971406,46.20706749685273
LA-INFR-00817,National Highway,Maharashtra,198.09,165,255,4,52.74,2,19.43,8.3,43.6,High Risk,69.1261948802302,21.572772134144493,37.84155523425086,19.510324269283824,56.50409706153653,41.650842347272054
LA-INFR-00818,Dedicated Freight Corridor,Bihar,100.25,169,227,0,88.75,0,51.99,5.7,1.0,Low Risk,69.23931969745654,1.9259152447806498,13.817136346938968,39.672917939789265,24.02699974635151,26.103182652114622
LA-INFR-00819,National Highway,Uttar Pradesh,260.85,155,192,4,24.29,3,96.44,8.3,39.0,High Risk,72.32763748678329,17.20764020816198,55.99512112923389,18.480512599145893,47.34574799638201,41.90943500231825
LA-INFR-00820,Urban Metro Rail,West Bengal,68.4,133,205,3,92.26,2,33.68,9.2,15.3,Medium Risk,64.08735148682476,19.582708904019295,8.991024477236005,9.137245677959092,39.08901713058339,29.234149198105197
LA-INFR-00821,Irrigation Dam & Reservoir,Odisha,195.83,159,259,2,42.38,5,33.78,7.5,66.1,Critical Risk,72.02309472159573,34.903437302037545,44.29635886233231,26.315870002838718,46.033299466264424,44.9319863309058
LA-INFR-00822,Dedicated Freight Corridor,Gujarat,270.55,179,197,0,50.84,5,10.76,9.2,42.3,High Risk,76.03674877066787,40.51175425006324,39.58506354903641,11.122835418818687,21.885020042239574,37.29717360714197
LA-INFR-00823,Urban Metro Rail,Uttar Pradesh,186.35,147,226,0,62.57,6,52.61,4.6,52.9,High Risk,73.54316587038839,41.856732646875685,28.75574095451088,43.63451252234985,23.573620973181082,43.206884131273796
LA-INFR-00824,Urban Metro Rail,Uttar Pradesh,10.0,134,190,1,69.46,3,59.92,5.1,33.3,High Risk,52.44211495120528,20.54482932343946,24.17971601725611,45.84652901779085,29.841211241562092,31.080641894568743
LA-INFR-00825,Industrial Corridor,Tamil Nadu,20.0,150,323,2,64.56,5,26.44,6.8,76.4,Critical Risk,53.114514798132056,41.26223387334663,30.454545699379477,26.774712052137577,57.04532225625879,41.60950135210922
LA-INFR-00826,Irrigation Dam & Reservoir,Tamil Nadu,76.8,143,147,0,23.26,4,40.99,7.5,13.0,Medium Risk,64.72283471027008,29.026576451344923,58.55926296106502,24.280019665057356,13.701453322265403,35.29554166069342
LA-INFR-00827,Irrigation Dam & Reservoir,Gujarat,276.99,148,273,3,43.99,8,82.56,3.4,75.0,Critical Risk,75.8334822630218,53.41802642849265,38.453566403186265,55.88909260557564,50.02026461499062,54.211158779172
LA-INFR-00828,Irrigation Dam & Reservoir,West Bengal,229.81,127,221,1,74.1,1,86.2,8.4,11.5,Low Risk,70.73257963260555,7.124838388129043,21.79437362223253,16.747931729611842,32.84149090224335,29.56122774204812
LA-INFR-00829,Industrial Corridor,Odisha,533.22,164,198,3,92.54,4,21.02,5.8,55.6,High Risk,82.79143408498452,34.22770746361496,9.537849594170737,35.92409222340325,48.00644386989813,37.8020837787412
LA-INFR-00830,National Highway,Tamil Nadu,259.84,162,245,4,46.49,5,17.96,7.2,84.0,Critical Risk,68.17968147353204,39.262461379207856,40.13111108835478,23.598449243442293,56.39809794232647,44.66845838268287
LA-INFR-00831,National Highway,Maharashtra,352.1,162,185,3,25.9,2,40.0,9.2,48.6,High Risk,74.21993117124181,17.333616642863625,60.90599984662936,11.448902787889953,38.84651927401406,41.82404154871413
LA-INFR-00832,Irrigation Dam & Reservoir,West Bengal,810.95,136,288,3,50.49,1,84.23,5.7,41.6,High Risk,80.69172202688536,6.331415967263256,37.73993175279943,35.88930087853641,53.655015695446465,41.486055794294565
LA-INFR-00833,Industrial Corridor,Tamil Nadu,97.28,144,237,3,90.45,2,49.03,8.1,12.1,Medium Risk,69.66772137160748,17.303746067336043,9.163109807147123,16.740852471556707,50.04091051134673,33.905680309700784
LA-INFR-00834,Industrial Corridor,Maharashtra,236.18,164,203,2,34.97,1,10.71,9.7,8.3,Low Risk,71.47628096014847,11.504361233381886,49.85192804347956,6.010638821789286,36.027115010105625,33.27643467719936
LA-INFR-00835,Urban Metro Rail,Bihar,198.16,141,193,2,57.68,0,19.86,6.0,15.2,Medium Risk,70.92541062118812,6.026582479228546,34.99661399983813,34.82875625699649,30.086568658860813,31.66898344755827
LA-INFR-00836,Industrial Corridor,Tamil Nadu,20.0,146,198,1,29.23,8,51.82,3.9,82.6,Critical Risk,59.25756581585373,54.587013604129794,55.01195632229956,53.47395817377479,28.17808627346449,49.235511745215966
LA-INFR-00837,Urban Metro Rail,Bihar,117.55,142,180,4,97.6,2,24.17,3.6,45.7,High Risk,68.53265859642849,17.4885482424908,3.2425132603610227,51.54855661650059,43.866738987586196,32.75647295218282
LA-INFR-00838,Dedicated Freight Corridor,Gujarat,180.57,131,236,2,86.45,2,50.47,4.6,36.2,High Risk,69.42470404733874,14.468755266845328,11.460690152087903,47.58541835112195,41.040958028336235,37.53085957499635
LA-INFR-00839,Urban Metro Rail,Odisha,10.0,174,248,1,84.6,3,78.53,4.8,37.8,High Risk,54.09210857674816,21.764050248150284,12.188121014887786,47.84215935109516,36.2604948920417,34.01177626788554
LA-INFR-00840,Dedicated Freight Corridor,West Bengal,95.57,156,185,1,83.06,4,99.13,7.4,23.4,Medium Risk,68.56257098382105,25.240410024851087,14.526787734086842,26.65934778049054,25.12906126902317,32.16254054646719
LA-INFR-00841,Irrigation Dam & Reservoir,Maharashtra,589.43,156,186,4,71.04,1,75.67,6.2,30.2,High Risk,78.12654763907949,7.960654431700287,24.67950676842797,30.880672883362262,43.68496007064661,37.055855842925034
LA-INFR-00842,Industrial Corridor,Tamil Nadu,247.69,138,226,1,45.76,3,23.85,10.0,24.7,Medium Risk,74.44943755718376,25.452474656317435,40.1355357322673,6.276671039801458,27.284196392220785,32.232936584740635
LA-INFR-00843,National Highway,Maharashtra,165.62,147,205,1,61.43,5,81.42,4.1,47.2,High Risk,62.90644596019739,33.37385725826475,30.01309332272894,49.75958192955075,32.12666238579389,44.75132727348031
LA-INFR-00844,Industrial Corridor,Tamil Nadu,314.48,143,174,2,95.38,1,34.4,9.0,5.2,Low Risk,72.33040120063741,13.160873610040463,6.967772832389323,11.261937194797532,29.28735204885587,26.745920459600523
LA-INFR-00845,Dedicated Freight Corridor,Maharashtra,407.19,140,314,2,32.24,2,10.77,8.5,54.9,High Risk,77.87444981950037,21.536257762421783,53.493000807769214,17.96350929933071,50.736366191044695,46.017806958613576
LA-INFR-00846,Industrial Corridor,Odisha,146.54,152,278,1,59.3,3,89.27,9.5,23.2,Medium Risk,70.49808763101711,16.431712534517988,33.11122005736646,9.057373906851687,43.37159421793309,33.583711309705734
LA-INFR-00847,Urban Metro Rail,Maharashtra,288.04,144,154,4,67.42,2,36.35,3.4,45.4,High Risk,71.78944166528072,17.617962158724442,28.5919347698609,56.20075703803645,39.39813921954064,42.01319253705175
LA-INFR-00848,Industrial Corridor,Uttar Pradesh,26.62,170,285,3,49.73,6,18.61,7.0,73.8,Critical Risk,59.20026847866248,48.8183732666503,40.859215921313314,27.867287079667683,52.72085822277261,44.779055646079286
LA-INFR-00849,Industrial Corridor,West Bengal,374.52,142,246,2,40.27,3,23.51,8.0,43.7,High Risk,75.0152996579839,23.171282541672404,47.10035199950859,21.0225275943279,42.55878743660186,41.206611868039346
LA-INFR-00850,Industrial Corridor,Gujarat,129.61,161,173,3,42.82,6,89.75,6.6,67.1,Critical Risk,68.74682845063508,40.31462670404452,44.69402121388081,27.44923460809043,37.59421102557888,41.924646544570905
LA-INFR-00851,Irrigation Dam & Reservoir,Bihar,1226.71,158,267,2,35.93,5,60.58,8.2,54.3,High Risk,87.38055611755442,34.10335161025039,49.90909247768771,16.423637041878692,46.71143615170797,47.20903562295547
LA-INFR-00852,Urban Metro Rail,Odisha,36.16,154,149,0,21.95,3,64.53,7.9,16.3,Medium Risk,61.332844179877306,25.01840682273826,58.056639944214744,22.043851372813332,11.16718456232994,33.97390776954771
LA-INFR-00853,Irrigation Dam & Reservoir,Maharashtra,313.78,154,159,4,50.56,0,36.12,8.0,9.9,Low Risk,71.6634712142599,4.290061026564646,39.118302358451174,21.55802806046246,38.913494593926046,31.75510904424864
LA-INFR-00854,Urban Metro Rail,Uttar Pradesh,70.3,127,272,2,56.3,5,28.36,6.0,77.1,Critical Risk,65.27349697318866,42.55492135722204,34.71720627443397,35.05635862327939,46.699683689663125,44.20414897752941
LA-INFR-00855,Dedicated Freight Corridor,Gujarat,212.8,144,198,0,63.97,3,51.44,9.7,9.6,Low Risk,72.35297908784736,23.062200976187015,30.271476951066482,6.0610818389470555,22.026537045981875,33.45028362317271
LA-INFR-00856,Urban Metro Rail,Gujarat,127.3,133,253,0,24.76,1,21.57,9.9,14.2,Medium Risk,68.6658936889287,12.995251217799415,54.4704084881944,2.6593065457044545,30.471321067342252,33.08876341911336
LA-INFR-00857,Urban Metro Rail,Maharashtra,21.58,156,207,2,35.73,4,31.29,9.5,38.0,High Risk,60.50480264384746,31.99140794278404,53.37669893222827,6.287562748761056,34.4635706407629,39.16411479767791
LA-INFR-00858,National Highway,Uttar Pradesh,145.37,161,198,4,53.6,2,40.75,4.8,62.8,Critical Risk,69.47755714604135,18.82675771157983,40.65000582090661,46.00507211532807,48.437064245437305,42.848459751508614
LA-INFR-00859,National Highway,Uttar Pradesh,227.0,148,259,2,24.3,5,41.4,6.3,73.0,Critical Risk,70.34377876878526,38.684329080980326,63.52097359531055,33.02077610637159,39.76865321501755,49.09770146335888
LA-INFR-00860,National Highway,Odisha,93.47,145,235,3,55.63,3,59.25,4.6,45.2,High Risk,60.5884387442501,23.693757284343274,34.52176115751447,44.37716433629241,51.41104961910073,42.4198850796995
LA-INFR-00861,Industrial Corridor,Maharashtra,168.9,152,221,3,25.95,5,49.43,4.0,75.8,Critical Risk,74.61972544438257,37.47882285735756,57.070012091123886,53.659192709094704,46.59014972946796,52.909448037990884
LA-INFR-00862,National Highway,Odisha,210.69,151,234,0,58.03,4,66.48,9.1,27.9,Medium Risk,64.73753936657603,29.563774491773366,35.453486710021366,11.540265203496565,24.907898048540915,33.4430118128839
LA-INFR-00863,Urban Metro Rail,Bihar,630.66,150,330,1,84.76,2,75.08,4.0,49.1,High Risk,80.3500707369637,17.74213669442999,11.96390915013055,52.94231338981357,50.2087256772432,38.66584779505298
LA-INFR-00864,National Highway,Uttar Pradesh,20.0,152,270,2,64.08,5,21.66,9.5,61.8,Critical Risk,51.6835830129323,38.01280819237287,31.21427017347077,9.859732952421968,47.20417860013552,34.39492933011281
LA-INFR-00865,Dedicated Freight Corridor,Maharashtra,147.05,154,300,3,25.65,2,83.11,5.0,71.8,Critical Risk,69.3682085153867,16.88379727705937,58.26243109112117,44.68886031004267,51.888683586910005,48.697192696108225
LA-INFR-00866,Urban Metro Rail,West Bengal,89.62,154,229,2,49.25,3,38.49,8.9,34.0,High Risk,68.16937784618264,24.75033812487113,41.13019433225056,19.548659217785218,37.519915267664345,36.54977611982008
LA-INFR-00867,Irrigation Dam & Reservoir,Gujarat,39.41,134,304,2,92.11,2,80.17,3.8,23.2,Medium Risk,60.370047443668504,16.982370615169298,6.905113195690507,53.711367640599924,52.536780266394395,37.127555723890566
LA-INFR-00868,Urban Metro Rail,Uttar Pradesh,124.8,146,253,2,73.5,3,61.77,4.0,59.1,High Risk,70.81555291067214,23.254810834275276,22.557769062048422,53.197582774603404,43.11216674475346,40.210105076237774
LA-INFR-00869,Urban Metro Rail,Odisha,100.5,162,238,1,33.31,3,96.82,4.5,49.7,High Risk,66.98062171721949,16.45055869921237,52.47946951054997,47.818129536996025,32.2310660784612,43.683750820812705
LA-INFR-00870,Irrigation Dam & Reservoir,Maharashtra,205.63,141,305,3,44.55,2,50.83,8.6,46.4,High Risk,71.86280755324604,17.413378761201226,43.27214368608217,13.343648092061798,61.372895116166426,42.108016521622964
LA-INFR-00871,Urban Metro Rail,Tamil Nadu,77.36,161,181,1,82.36,5,87.35,9.5,16.8,Medium Risk,62.765891836345794,32.997176777118526,17.060664382859155,6.390258082230352,27.806898318746015,33.34597800336815
LA-INFR-00872,Industrial Corridor,Uttar Pradesh,194.21,154,264,4,91.84,8,14.87,7.2,70.8,Critical Risk,72.15427964382175,60.79015837624237,8.466322437219462,26.742158297150258,54.63832963961508,42.13329483167459
LA-INFR-00873,Dedicated Freight Corridor,Uttar Pradesh,50.0,162,224,2,64.32,2,18.8,4.2,49.8,High Risk,68.54941004348782,17.804955503448877,30.149923648279696,49.18475485685828,38.49853398185083,39.79745327213231
LA-INFR-00874,Irrigation Dam & Reservoir,Bihar,67.51,140,278,2,48.67,3,41.82,8.3,43.6,High Risk,62.81927031499674,21.993754383873465,42.72486707452976,14.705373024731763,48.702312080587824,40.564282649931144
LA-INFR-00875,Urban Metro Rail,West Bengal,296.17,166,208,1,30.9,0,54.41,8.1,1.0,Low Risk,72.01959510509317,1.6787254662606148,55.81043236782256,20.524818860901558,36.042424618171154,35.250901156949524
LA-INFR-00876,Industrial Corridor,Gujarat,138.15,175,174,3,77.31,3,65.27,8.0,20.2,Medium Risk,69.97954808933233,21.891684948149685,20.70869443134453,21.544237943180594,36.55344287014106,31.319883244180282
LA-INFR-00877,Industrial Corridor,West Bengal,28.78,129,186,3,79.99,1,84.8,5.3,14.5,Medium Risk,62.6272948705463,9.206482376086141,16.463252165451685,39.42912556753101,38.0599256287897,31.22573606689329
LA-INFR-00878,Urban Metro Rail,Tamil Nadu,161.26,162,180,0,68.0,3,10.6,3.8,52.6,High Risk,71.32826106642455,25.73214353245563,27.771602709250228,52.835793260325154,21.52607069857202,37.041388238670926
LA-INFR-00879,National Highway,Tamil Nadu,426.95,139,156,2,25.72,2,12.62,4.0,46.9,High Risk,76.28064549659047,20.557266909790453,59.24527716096793,51.38823430304291,25.902203671604834,42.113725899525946
LA-INFR-00880,Industrial Corridor,Tamil Nadu,746.16,172,185,1,79.42,5,14.94,3.7,59.0,High Risk,80.97582589807901,39.067319331757155,18.87248598653091,51.40545231486357,26.512281092486404,41.89406714084453
LA-INFR-00881,Urban Metro Rail,Odisha,35.75,153,188,3,63.74,3,20.77,3.1,59.1,High Risk,60.76018827911695,24.456436570983826,30.440587772723703,59.207980626959504,38.61324033201516,42.53946828725282
LA-INFR-00882,Industrial Corridor,Maharashtra,20.0,163,218,4,76.56,3,80.93,6.0,47.2,High Risk,55.4354907710801,21.547062665670875,24.135453396277043,32.79188127444023,47.283418695879625,35.89522756916513
LA-INFR-00883,Industrial Corridor,West Bengal,20.0,150,303,3,56.39,2,82.5,6.0,37.2,High Risk,57.96816982283936,16.015069763103224,35.47770974439137,36.775770059234766,58.10133991257027,42.009577706685896
LA-INFR-00884,Irrigation Dam & Reservoir,Bihar,154.23,172,281,3,51.72,4,56.08,6.9,50.6,High Risk,76.22797603863103,29.769126831674704,39.032855525107415,26.12149778801267,49.98898786507108,41.45713076950497
LA-INFR-00885,Industrial Corridor,Bihar,137.99,132,201,1,81.71,5,98.93,5.6,18.4,Medium Risk,65.90199092755488,33.229750001891524,18.318674597987435,39.6077806033805,27.492057526260183,38.44674685303705
LA-INFR-00886,Irrigation Dam & Reservoir,Bihar,74.33,154,222,2,97.37,3,85.05,9.2,7.3,Low Risk,65.97469013322261,17.511420012146267,7.134987389329107,12.888459913030204,36.02104224081132,25.246267170882103
LA-INFR-00887,Urban Metro Rail,Odisha,604.92,157,184,4,39.14,2,78.46,7.5,43.7,High Risk,81.51046796179472,12.648988849891374,48.17928449972861,25.989030927261485,46.21546022029476,40.27836451991724
LA-INFR-00888,Irrigation Dam & Reservoir,Maharashtra,239.87,151,345,4,93.46,6,89.61,8.2,67.7,Critical Risk,72.09181842521456,42.26109236265697,8.804423516216358,17.05567939046114,69.97262976165644,43.86454880486793
LA-INFR-00889,Irrigation Dam & Reservoir,West Bengal,364.29,134,309,4,35.51,6,87.05,3.1,81.1,Critical Risk,75.68952176006636,36.143826575298604,50.830558551050984,55.10593383312836,60.24880070488176,55.14310620970223
LA-INFR-00890,National Highway,West Bengal,633.59,143,238,0,49.08,2,62.35,5.2,28.1,Medium Risk,77.71274157046602,19.374362207105605,40.95325748812592,41.70552752034682,30.446050493353344,41.56452524740877
LA-INFR-00891,Industrial Corridor,Gujarat,20.0,157,171,0,36.21,8,18.11,7.4,83.6,Critical Risk,57.6033836349722,56.14205216107865,50.03051962715479,26.93874855940471,14.594447112195581,42.07258089926755
LA-INFR-00892,Irrigation Dam & Reservoir,Bihar,79.97,146,82,0,27.96,2,24.58,4.9,8.1,Low Risk,69.10531490105362,19.235233086489323,60.86430355567145,45.57575455643891,3.6050850097069294,36.842713454196875
LA-INFR-00893,Industrial Corridor,Odisha,186.56,153,190,2,31.79,6,31.47,6.0,75.1,Critical Risk,71.57226156211647,45.01190074454376,53.60331445837303,41.71241108329812,34.48258133383287,51.215751792183944
LA-INFR-00894,Dedicated Freight Corridor,Maharashtra,515.26,151,216,0,88.34,1,24.77,4.8,16.2,Medium Risk,77.6103379567206,14.233205328817162,13.521128062573622,45.78833162568247,23.63244568151426,31.238872088714317
LA-INFR-00895,Irrigation Dam & Reservoir,Maharashtra,123.0,158,216,1,26.84,3,36.7,4.4,58.9,High Risk,67.91266157866377,27.951671846482878,52.81010283854719,45.798369863475436,34.729170084921286,47.15925081246715
LA-INFR-00896,Industrial Corridor,Odisha,289.62,149,256,1,39.88,2,98.32,8.0,16.0,Medium Risk,77.9837217304596,10.621120926982286,46.87400855363227,21.61149682020769,36.10856340906127,37.854044585203916
LA-INFR-00897,Dedicated Freight Corridor,Bihar,59.12,158,319,0,57.84,3,96.04,8.4,17.9,Medium Risk,70.38727738287406,18.70070064985797,36.929168762626695,13.945407365480035,46.3804697812498,37.388487271948414
LA-INFR-00898,Industrial Corridor,Uttar Pradesh,605.65,153,212,1,90.34,0,70.06,5.7,10.3,Low Risk,84.03800407127049,3.3604681628925235,8.167054675908155,38.14720949424278,32.897801101035895,31.894765512672787
LA-INFR-00899,Irrigation Dam & Reservoir,Bihar,25.0,152,211,0,50.59,2,23.47,5.5,18.2,Medium Risk,54.477979097104075,17.743707383300404,39.01278144628062,41.97641331075499,19.810549427517195,33.306902614327605
LA-INFR-00900,Irrigation Dam & Reservoir,Maharashtra,25.0,176,225,4,34.57,4,73.25,4.6,68.4,Critical Risk,61.010379225081515,27.596409623742204,49.6669779629937,51.691691582342756,51.26761270345723,48.16144386059632
LA-INFR-00901,Dedicated Freight Corridor,Gujarat,253.76,136,233,0,94.46,2,66.08,7.3,7.1,Low Risk,76.56920786765599,17.827327417158813,8.379288284995862,23.691926133130266,32.51721434785201,31.902590444698475
LA-INFR-00902,National Highway,Bihar,317.33,147,263,4,90.71,1,11.34,3.1,62.1,Critical Risk,73.69836455347954,12.260052953244571,10.742950334334115,61.756711678615254,55.93662798915089,41.799139306694954
LA-INFR-00903,Industrial Corridor,Odisha,336.65,161,276,4,57.05,2,32.1,6.4,50.5,High Risk,77.07967858501749,24.36952553947917,32.83041675437218,30.290845012995586,58.807569458755246,44.22944612236968
LA-INFR-00904,National Highway,Bihar,72.07,151,257,3,45.51,4,50.83,3.4,68.1,Critical Risk,58.14597747719929,32.24564921128066,44.03962364539719,57.09848949197834,49.09958443397837,47.5968722268609
LA-INFR-00905,Dedicated Freight Corridor,Tamil Nadu,84.59,146,207,2,75.97,4,15.89,7.1,45.7,High Risk,61.48751921045938,31.57815671184875,18.789614055928652,23.9568475151876,35.97763875546567,32.79154193991123
LA-INFR-00906,Irrigation Dam & Reservoir,Bihar,74.15,112,226,3,77.38,3,77.82,6.9,21.3,Medium Risk,68.57491842969219,20.588382396302467,20.469625848166586,32.29003567079079,43.86593686217682,37.2046780487455
LA-INFR-00907,National Highway,West Bengal,53.73,129,305,3,72.97,0,85.9,8.3,11.0,Low Risk,55.48922919412739,2.846558320095057,21.77357599954345,16.487482574292148,56.324215135852405,28.21294429881516
LA-INFR-00908,Urban Metro Rail,West Bengal,524.81,156,324,1,75.34,2,77.15,9.8,11.6,Low Risk,82.6682946808759,12.379916829680926,24.071010739254227,6.0135566562233365,45.89214543711342,31.919677551618843
LA-INFR-00909,Industrial Corridor,Tamil Nadu,471.05,147,163,1,30.38,5,29.33,9.3,35.4,High Risk,78.81915803948628,37.52832633766404,51.231227446518446,11.223955445817186,24.581927792299666,42.70290242185515
LA-INFR-00910,Industrial Corridor,Gujarat,42.29,158,211,0,35.1,5,53.44,3.1,70.3,Critical Risk,62.968459592555206,35.04160806154174,50.084669211785645,62.20957952345037,23.088392142666798,44.05935869428434
LA-INFR-00911,Dedicated Freight Corridor,Odisha,350.97,130,249,4,51.33,3,78.41,4.2,60.1,Critical Risk,78.99543590739184,18.98678641153367,41.32394555107832,49.12414587320792,53.97487663643086,44.846789740576185
LA-INFR-00912,Urban Metro Rail,Gujarat,95.43,162,258,0,81.33,3,44.25,5.9,30.1,High Risk,70.00076260346201,25.024426458750856,19.69913097208477,31.795669414546047,29.391521948969565,34.202789642296416
LA-INFR-00913,Urban Metro Rail,West Bengal,126.7,157,238,1,96.28,2,38.74,9.3,14.5,Medium Risk,72.73205298492194,15.036398839955428,4.154467339373053,7.825762132274825,33.89688967861465,25.08972262792458
LA-INFR-00914,Industrial Corridor,Tamil Nadu,131.87,153,221,4,49.73,3,72.01,7.8,47.9,High Risk,67.48778226086885,22.55978245611035,36.94356459942128,19.87428350493614,51.004046432507884,39.2649570588851
LA-INFR-00915,National Highway,Tamil Nadu,45.77,149,219,4,42.97,4,83.84,5.5,58.4,High Risk,56.49429989918761,25.724839298992485,49.93749795943753,41.21772238427505,47.56096092880595,44.82387511206325
LA-INFR-00916,Industrial Corridor,Gujarat,35.12,124,224,0,41.85,6,42.24,4.1,66.4,Critical Risk,61.21624018741822,44.41853721355565,44.54173679324312,50.197177863655725,27.190527812717406,44.22567016828769
LA-INFR-00917,National Highway,Gujarat,484.04,156,202,3,32.62,0,26.19,7.4,30.2,High Risk,72.72272440972932,3.4791733804386427,53.432346855297034,26.418292049991663,40.97804279303802,36.74994751571962
LA-INFR-00918,Dedicated Freight Corridor,Bihar,133.49,146,205,0,43.93,2,78.44,6.9,8.7,Low Risk,73.40366082162723,12.398792706050488,42.099365614417245,27.746807845912738,21.972372298443318,37.30623603579616
LA-INFR-00919,Urban Metro Rail,Odisha,74.2,153,223,2,69.89,6,44.87,4.2,64.7,Critical Risk,66.18543414709872,44.6495097361833,24.90898296948412,48.245631171176846,36.8222844878613,46.524760452432176
LA-INFR-00920,Industrial Corridor,Bihar,226.39,139,257,0,49.36,1,11.01,9.0,3.7,Low Risk,71.21758832597703,12.47100304228139,40.48116856315935,10.431400022484176,31.086890047082353,34.56124591140776
LA-INFR-00921,Industrial Corridor,Bihar,138.0,151,174,0,89.78,0,96.94,7.7,11.0,Low Risk,68.39309757627345,0.5757474934171469,12.720056936810721,23.27295165773221,16.880233718891006,22.00392065379689
LA-INFR-00922,Urban Metro Rail,Maharashtra,254.33,151,231,4,50.32,4,20.86,4.7,64.9,Critical Risk,72.86862084611178,34.76826944102395,39.35844200980526,43.225073959943224,54.36981929364611,45.80264826979515
LA-INFR-00923,Urban Metro Rail,Tamil Nadu,106.61,158,265,2,80.79,3,16.07,9.1,35.4,High Risk,66.21050998002721,29.848881987692295,18.041173063366802,10.463773204762454,45.254285122392886,34.406505343376736
LA-INFR-00924,Irrigation Dam & Reservoir,Uttar Pradesh,134.6,156,191,4,47.84,1,37.48,8.1,25.9,Medium Risk,71.87333164634924,12.918952033842828,43.95313293787668,15.47047857091055,43.863959020225145,36.60546290427688
LA-INFR-00925,Urban Metro Rail,Maharashtra,350.86,140,265,3,26.23,2,69.53,5.9,45.9,High Risk,75.70666552487148,16.802757990134488,55.64231042040249,34.261571940826904,51.074237873464476,44.318508283143366
LA-INFR-00926,National Highway,Odisha,42.77,142,297,4,79.55,2,85.25,5.1,40.6,High Risk,56.950477106348835,14.452038165534926,18.305676846228284,39.86265279205068,61.13090729718754,38.2358262969133
LA-INFR-00927,Urban Metro Rail,Bihar,44.68,153,287,1,23.7,3,52.91,8.8,40.9,High Risk,59.90425685942877,24.337793502041702,59.4950879297986,12.602659847696417,44.64856162508214,39.1029886998114
LA-INFR-00928,Irrigation Dam & Reservoir,West Bengal,68.16,151,169,2,71.87,7,48.4,5.6,67.5,Critical Risk,64.1909208909709,47.17235432000944,26.367922819965358,38.76353539400814,27.823743112047865,40.71776236383393
LA-INFR-00929,Urban Metro Rail,Odisha,52.77,148,278,1,75.7,2,92.95,9.6,5.2,Low Risk,64.04608972384437,12.59979352092816,22.005675631782744,7.780641608759552,39.60093830622438,26.92947437554369
LA-INFR-00930,Industrial Corridor,Odisha,358.54,140,304,2,74.47,8,92.13,5.7,71.5,Critical Risk,71.999546847718,51.586911414016996,18.635180533673683,33.303537421443636,53.212534192826915,46.41284265835664
LA-INFR-00931,Irrigation Dam & Reservoir,Bihar,141.34,143,238,1,66.96,3,21.68,7.4,31.1,High Risk,72.63684147121197,26.12661436873133,23.858750952669073,24.12667058008436,34.63507257867883,38.13367177730631
LA-INFR-00932,National Highway,Bihar,137.31,134,244,3,97.4,3,97.97,6.7,19.3,Medium Risk,62.530676319246346,21.758072304463205,5.773322601410455,29.09431526863799,48.68445269877417,36.12169092601914
LA-INFR-00933,Urban Metro Rail,Maharashtra,55.54,144,260,4,44.26,4,68.99,4.4,70.5,Critical Risk,62.24093018012253,24.529046995110463,44.078698892606326,48.215595024537365,56.036662945382496,46.873971668129144
LA-INFR-00934,Urban Metro Rail,Uttar Pradesh,46.43,154,249,3,91.37,4,55.89,4.8,54.7,High Risk,60.654377382157136,29.15316548620266,7.609667242373049,45.24048571555349,48.17172722166258,33.052485177782806
LA-INFR-00935,National Highway,West Bengal,279.41,172,151,4,95.26,1,38.05,3.6,39.3,High Risk,68.1045999972296,10.018311749274307,6.491291128222331,53.670948656907235,38.66177428113012,34.04631307699149
LA-INFR-00936,Dedicated Freight Corridor,Tamil Nadu,50.0,143,280,1,63.67,1,94.17,5.0,17.8,Medium Risk,63.627066201238826,8.19330707203067,29.711651757031944,45.01808653268014,42.48329173232041,36.62960273770943
LA-INFR-00937,National Highway,Odisha,101.18,165,269,3,99.23,0,15.44,5.1,46.6,High Risk,65.6857739316511,10.299272742526522,5.079453119240745,44.931503388412146,51.75519779697144,35.90872235376811
LA-INFR-00938,Urban Metro Rail,Uttar Pradesh,30.1,161,199,0,44.35,2,53.58,4.2,31.1,High Risk,61.659486967702705,17.80708729012868,42.45936450264468,51.26954356825435,21.389497509769814,38.62992465719059
LA-INFR-00939,Urban Metro Rail,West Bengal,111.12,145,214,0,69.13,6,72.0,6.7,32.5,High Risk,69.07935817217837,43.5665041158078,23.77990599174377,31.390971643348816,23.515167690372497,36.42742364289002
LA-INFR-00940,Industrial Corridor,West Bengal,119.88,152,204,2,32.02,2,81.2,7.8,26.7,Medium Risk,69.53930069031108,13.587719041825425,51.165213701551714,21.367423533368726,35.98394866288246,35.65060256579199
LA-INFR-00941,Dedicated Freight Corridor,Tamil Nadu,986.1,129,214,0,88.62,2,55.86,9.2,7.1,Low Risk,85.14675332154762,15.128234013688934,10.122140812606286,11.396661503075272,24.350725904880562,26.922422697083107
LA-INFR-00942,Industrial Corridor,Maharashtra,26.84,143,329,1,82.02,3,25.73,6.2,41.8,High Risk,56.940023594612285,24.54410101546294,15.247255805092104,32.21454789164618,46.992839082440206,34.38744860585366
LA-INFR-00943,Urban Metro Rail,West Bengal,96.65,165,276,4,82.63,1,79.4,5.5,34.9,High Risk,65.3838032537941,9.38915595144081,16.135184483005236,42.33206112417643,60.6407686281944,36.33695938765548
LA-INFR-00944,Irrigation Dam & Reservoir,Odisha,38.71,159,235,0,91.39,2,95.84,7.7,8.6,Low Risk,60.176976829065325,11.849263986925274,13.377796876917104,24.31305820594709,29.809980870069026,22.450873007080446
LA-INFR-00945,National Highway,Maharashtra,85.3,152,225,4,67.74,0,14.12,7.4,28.7,Medium Risk,62.00072831069033,7.958163933997746,27.493819423036566,26.493721960195995,50.96276253905632,34.736832443717155
LA-INFR-00946,Dedicated Freight Corridor,Gujarat,50.0,129,325,1,43.07,0,28.16,7.0,26.7,Medium Risk,59.766139461257765,7.252759357228101,44.41573844167595,25.085628278611747,45.57169131777449,34.301017392198126
LA-INFR-00947,Irrigation Dam & Reservoir,Tamil Nadu,476.1,144,261,0,50.44,9,75.58,8.2,66.9,Critical Risk,78.07564706011934,61.101206183999444,39.13473152546459,20.178703510431756,32.516129300602124,48.28807713529333
LA-INFR-00948,Industrial Corridor,Maharashtra,47.25,158,157,4,77.0,2,14.34,5.9,50.1,High Risk,61.30881278750965,21.489963019423346,19.17746272467967,34.3887108092958,40.4677031451767,33.444869452530604
LA-INFR-00949,Urban Metro Rail,Maharashtra,279.63,167,291,2,77.93,3,84.22,5.3,47.2,High Risk,77.09132274578525,24.404086813807105,18.627042381820143,40.042335205913325,47.59372682035821,38.594911099013665
LA-INFR-00950,Industrial Corridor,Odisha,264.05,132,224,3,36.03,5,10.99,7.4,56.6,High Risk,77.2174997259425,40.299312587734974,46.237857615712514,24.124288809250647,48.08581936376268,46.95645370132582
LA-INFR-00951,Dedicated Freight Corridor,Maharashtra,300.56,161,181,0,40.72,4,59.8,4.6,41.4,High Risk,77.42585778754258,28.333885742178936,46.463134111277405,47.313417447049474,18.158052151905753,42.365002034870336
LA-INFR-00952,Dedicated Freight Corridor,Gujarat,66.57,121,241,0,56.42,6,48.0,8.9,46.6,High Risk,63.914488965899054,42.815880334001186,32.39792739229385,11.576295190623714,34.94197336952598,40.956126695714495
LA-INFR-00953,Industrial Corridor,Uttar Pradesh,36.47,141,258,1,96.79,1,30.47,9.0,4.9,Low Risk,60.3827817614629,10.485120170687487,8.398840294324533,15.062963863613346,34.9791457858804,26.500024407160396
LA-INFR-00954,National Highway,West Bengal,260.13,137,268,0,97.41,3,62.41,5.7,24.8,Medium Risk,66.7428373360926,20.115931250914592,4.362522676429567,36.48162324712993,33.19507801918305,29.545447107853487
LA-INFR-00955,Urban Metro Rail,Uttar Pradesh,10.65,146,226,2,41.07,4,36.49,3.4,57.1,High Risk,52.79219598759051,29.38131681833049,44.93690731301274,55.97250307813497,40.26053382942922,43.84216786955172
LA-INFR-00956,Dedicated Freight Corridor,West Bengal,345.95,163,165,1,66.93,2,28.91,7.8,28.4,Medium Risk,78.27765211221536,17.307714313737964,31.135216000568995,24.0640568372949,24.736967735869023,33.38973320159573
LA-INFR-00957,National Highway,Odisha,74.85,140,161,4,94.53,5,11.72,9.9,48.5,High Risk,60.49179635457702,38.798698979924886,7.698976654907229,5.512992490968504,40.34141248892635,32.68947062997439
LA-INFR-00958,Irrigation Dam & Reservoir,West Bengal,106.56,134,186,4,44.06,2,88.86,5.5,33.4,High Risk,64.06527196134341,13.317919535321934,45.48408644565299,38.995157102456794,41.41204012333282,41.90248584011819
LA-INFR-00959,Industrial Corridor,Maharashtra,154.46,177,291,2,87.03,4,55.7,8.5,34.7,High Risk,67.05911808999068,30.543518365868866,17.59456394076147,15.849030617875016,50.90660295915014,36.18957138309975
LA-INFR-00960,Dedicated Freight Corridor,West Bengal,577.05,169,235,2,49.68,5,41.41,5.2,59.9,High Risk,81.31156309900304,34.5989401575401,42.380256909041286,42.882223163811496,41.902192668228956,46.18920624792235
LA-INFR-00961,Urban Metro Rail,Maharashtra,142.11,165,165,0,40.86,0,26.37,4.4,8.4,Low Risk,73.96828934743488,2.354628427421643,49.96192213749719,50.0959700835235,17.796448946254902,33.885097244142884
LA-INFR-00962,Industrial Corridor,Tamil Nadu,281.33,154,243,3,98.32,4,47.44,4.6,58.1,High Risk,76.55189770303096,30.17393869213589,3.835267195826475,45.654743728025345,46.545522573100676,40.26581703426692
LA-INFR-00963,Urban Metro Rail,Uttar Pradesh,289.35,142,268,3,60.1,7,62.27,8.3,66.7,Critical Risk,75.69819034822127,47.36926740806849,34.72281994684627,15.33348314484899,50.42779796103856,44.50723896162511
LA-INFR-00964,Dedicated Freight Corridor,Tamil Nadu,166.61,142,289,0,44.8,1,21.8,9.4,18.0,Medium Risk,68.89420657231669,18.619940128108865,42.05379691253362,11.464738088621555,36.579271942075145,34.905563083302155
LA-INFR-00965,Dedicated Freight Corridor,Uttar Pradesh,212.79,143,151,4,42.73,2,30.67,5.4,49.3,High Risk,72.16159190979464,16.529480813497326,42.286716400120014,38.40101061366996,38.48783479652037,41.36955649903702
LA-INFR-00966,Urban Metro Rail,Gujarat,122.84,134,183,0,59.32,6,87.76,9.0,18.7,Medium Risk,67.09408259685061,38.83343092608067,31.85481057288587,13.431922059602117,20.94515731001472,30.48584880100799
LA-INFR-00967,Urban Metro Rail,Bihar,96.86,144,222,3,58.51,1,14.34,4.8,45.5,High Risk,63.4667637643127,12.800946441899606,31.183259000974555,44.34705406715304,43.74120265830627,37.15034448566194
LA-INFR-00968,National Highway,Gujarat,135.57,154,189,2,33.98,5,81.3,3.6,56.4,High Risk,65.5849110790177,33.91777818355067,50.953165704411425,56.081803123348124,34.18447177076749,43.38278415658752
LA-INFR-00969,National Highway,Bihar,122.45,158,217,1,32.96,1,77.06,9.5,10.1,Low Risk,63.36897617047573,7.329594023565681,51.203464740397266,6.499275280021272,30.01015144080342,30.32447593224727
LA-INFR-00970,National Highway,Gujarat,111.49,156,256,3,57.51,5,39.25,6.5,62.2,Critical Risk,64.49375656047002,39.244270910322264,34.829242370899955,28.95634412992542,47.31029708318098,43.11154075514749
LA-INFR-00971,Urban Metro Rail,Bihar,215.19,166,220,0,97.08,4,79.46,9.3,19.6,Medium Risk,72.48214708383817,26.8680835387824,6.693164389452633,8.269343161387935,26.448575556321472,27.385899736729776
LA-INFR-00972,Urban Metro Rail,Gujarat,149.65,166,252,1,64.37,4,71.42,9.5,29.8,Medium Risk,70.34578755551074,29.370347157286698,31.908381348977912,11.799162791587486,37.95020344742969,34.3260590887703
LA-INFR-00973,Irrigation Dam & Reservoir,Bihar,25.0,136,261,4,91.35,4,80.55,9.1,19.8,Medium Risk,58.132810570729326,30.834302055626207,10.671188918050083,10.667848809284278,54.188496244797236,33.056197951188125
LA-INFR-00974,Irrigation Dam & Reservoir,Odisha,135.94,152,306,0,79.02,5,97.58,7.8,27.5,Medium Risk,68.44543118494676,33.19135967016687,17.292838809903706,20.62043403702412,39.329994155650986,34.993999986227614
LA-INFR-00975,National Highway,Tamil Nadu,169.63,148,176,2,89.47,3,57.92,8.0,16.6,Medium Risk,65.67932085486287,24.290222227619612,11.633226221899516,22.46681697018009,29.830892325275254,31.986449501931503
LA-INFR-00976,Urban Metro Rail,Uttar Pradesh,235.6,158,278,1,62.84,3,77.63,3.3,58.3,High Risk,72.15876068785622,22.47143544895174,30.841716533957452,58.2278004198555,38.93860672682625,40.86928219280936
LA-INFR-00977,Industrial Corridor,Bihar,384.69,133,218,0,46.82,2,92.75,8.5,10.0,Low Risk,76.20684371946136,13.672624142633518,43.2854485527314,14.08697217974093,26.216212032560286,34.783679979754055
LA-INFR-00978,National Highway,Gujarat,20.0,152,286,3,44.23,3,25.38,7.0,55.4,High Risk,51.08566121701904,24.182049596411694,44.378165683194844,29.625186571421423,56.635783373906825,46.11372304734659
LA-INFR-00979,Dedicated Freight Corridor,Tamil Nadu,1124.36,133,195,0,66.52,3,16.18,10.0,25.1,Medium Risk,84.02126767244017,26.628389939405018,22.886841809153502,2.761228987261226,20.231227824986068,33.776649793809746
LA-INFR-00980,Dedicated Freight Corridor,Odisha,50.0,141,235,0,26.65,1,22.88,5.3,30.0,High Risk,61.774069870348484,15.210282508822129,53.79223238347821,41.78558023419872,23.912440861031353,38.625521261949025
LA-INFR-00981,Urban Metro Rail,Uttar Pradesh,77.05,164,289,1,42.92,5,89.69,8.1,74.3,Critical Risk,63.17840105443855,33.68674278922143,45.04872812626704,15.441117790002044,43.92929023408447,40.87041619867548
LA-INFR-00982,Dedicated Freight Corridor,Bihar,65.09,151,214,4,82.73,2,24.16,7.9,33.7,High Risk,65.33416832367254,18.12155032433199,16.499303197669096,18.858790836180663,45.35786543090591,30.786359795065888
LA-INFR-00983,Urban Metro Rail,Maharashtra,22.42,141,273,2,81.36,2,55.35,5.0,29.3,Medium Risk,54.98620257710785,16.34137612908813,16.098873441438336,41.95427521993403,45.43511068570316,35.76697244487454
LA-INFR-00984,Urban Metro Rail,Maharashtra,115.59,168,358,2,83.2,4,68.31,7.7,67.3,Critical Risk,71.27177564680841,26.25838677753718,13.052512547971899,24.018018487078184,61.87637598582323,41.24846719210276
LA-INFR-00985,Dedicated Freight Corridor,Gujarat,67.67,143,227,2,22.98,5,29.07,4.3,75.4,Critical Risk,64.71754288933168,35.47944569046349,56.34818969618884,51.92859734211199,35.80925024316944,46.60930793917471
LA-INFR-00986,Urban Metro Rail,Bihar,99.83,137,137,3,47.17,5,84.0,7.4,42.6,High Risk,66.61940691081692,35.56464250801504,41.5553604224572,27.74827962257649,29.64172649586668,41.51215718962041
LA-INFR-00987,Industrial Corridor,Uttar Pradesh,51.2,145,134,3,33.72,3,93.62,7.2,32.4,High Risk,60.38414980376617,20.743202805112528,51.888247955238555,25.729534718700087,31.088575414526748,37.9327987070472
LA-INFR-00988,National Highway,Tamil Nadu,31.39,159,229,4,22.64,1,18.94,3.9,58.4,High Risk,52.052181639364775,13.213924076204506,58.778455558623165,50.08638316896459,52.33568447208201,44.08191950652124
LA-INFR-00989,Industrial Corridor,Bihar,802.39,142,218,3,78.75,5,67.56,8.9,40.0,High Risk,81.11942497027532,36.89909782798609,20.432349827260065,12.19940157000021,42.28660325802956,41.925389982221844
LA-INFR-00990,Irrigation Dam & Reservoir,Bihar,148.47,158,295,0,75.01,4,82.61,8.0,31.1,High Risk,69.93639967937756,26.79740067074258,22.030589984839033,20.261897590654655,37.08849087581073,36.07738902727198
LA-INFR-00991,Industrial Corridor,Maharashtra,37.38,131,172,0,37.98,4,72.46,4.4,33.1,High Risk,57.33554122413674,25.16000194938987,44.65094668646691,44.414446357690125,17.55829010159182,37.372507653094694
LA-INFR-00992,Urban Metro Rail,Bihar,222.28,146,278,0,86.56,3,34.67,7.7,23.4,Medium Risk,69.51544113045294,26.583894198810075,13.442268505413939,21.91603987540688,37.32655562302747,32.30019714434266
LA-INFR-00993,National Highway,Maharashtra,110.79,149,259,2,30.62,3,70.61,4.3,61.2,Critical Risk,62.02356363946602,21.04028729253407,53.63633310488637,46.689650873745094,43.820040830131454,43.282180411490764
LA-INFR-00994,Irrigation Dam & Reservoir,Tamil Nadu,25.0,161,269,0,23.07,4,53.26,4.3,67.4,Critical Risk,60.146998180666735,30.66419417384211,59.76591562971517,48.10114860231119,33.29250793417937,42.06562139266633
LA-INFR-00995,Industrial Corridor,Odisha,376.59,152,267,1,51.2,3,95.48,8.1,22.4,Medium Risk,78.18861523215237,18.925636324798823,36.77709063446615,19.51187526601821,38.58453206247093,37.98119223116208
LA-INFR-00996,National Highway,Gujarat,60.29,135,267,0,82.1,3,67.87,5.9,10.0,Low Risk,59.516289585108595,25.731884020274766,19.588507912127213,37.953692350893135,31.89351535891522,34.30654301480303
LA-INFR-00997,National Highway,Odisha,44.82,150,191,3,22.48,5,93.5,3.1,68.5,Critical Risk,53.643037474355104,32.94856824306574,62.32343330079446,60.72471983869082,43.468209388446375,45.25044931583502
LA-INFR-00998,Dedicated Freight Corridor,Odisha,239.36,153,325,3,70.53,0,21.08,9.4,14.9,Medium Risk,74.51727467666595,6.639569332304255,23.198022278154728,8.363938050810965,59.90266277064559,33.50186228536129
LA-INFR-00999,Irrigation Dam & Reservoir,West Bengal,168.52,152,142,3,45.88,3,74.81,6.9,27.9,Medium Risk,70.74180048962675,24.141558329714492,40.97581310136091,24.849390735574552,32.30126002130998,35.34892325580218
LA-INFR-01000,National Highway,Uttar Pradesh,276.87,149,247,3,82.51,4,25.53,6.5,53.6,High Risk,68.14345981223798,32.62028705573478,15.291529880244095,29.6746555551938,47.7999013621858,39.964906088120244
LA-INFR-01001,Urban Metro Rail,Tamil Nadu,483.59,167,232,1,62.06,4,23.1,5.7,59.5,High Risk,76.32973577950142,34.600634964032004,29.041441578355048,37.67641665808905,33.08442774232802,39.769741228530954
LA-INFR-01002,National Highway,Bihar,20.0,156,233,0,62.17,1,72.33,4.5,9.6,Low Risk,50.83176773851294,10.762811489994478,32.01472928056471,48.85196989555451,23.100180478840187,31.4254278234906
LA-INFR-01003,Irrigation Dam & Reservoir,Bihar,79.86,166,337,1,83.02,3,12.42,3.5,64.5,Critical Risk,70.0830209671811,26.11885915401591,16.575078918121235,57.191461023179656,48.7640081605403,42.58500168727399
LA-INFR-01004,Urban Metro Rail,Odisha,164.56,168,220,1,90.19,1,22.4,7.9,4.7,Low Risk,74.72848758490608,13.845391233712862,12.455443115765325,22.36313509477477,34.63573395157318,31.631907740411076
LA-INFR-01005,National Highway,Gujarat,664.57,143,240,0,58.65,3,39.97,6.1,15.9,Medium Risk,74.44636255044746,26.5558015794632,28.90220909050271,35.81982714898452,23.72912531980981,35.47791127367757
LA-INFR-01006,Irrigation Dam & Reservoir,Maharashtra,362.42,154,246,4,75.02,2,23.39,5.3,48.0,High Risk,73.58097458368351,13.93724661019689,21.80274259219473,39.18438275267388,53.55134654354198,40.33016215249602
LA-INFR-01007,Dedicated Freight Corridor,Bihar,72.4,146,172,4,36.41,2,72.66,5.6,42.3,High Risk,65.32520675260139,16.139587428060253,48.42833532687143,38.04523448901996,38.82397744975919,42.24065795645751
LA-INFR-01008,Irrigation Dam & Reservoir,Odisha,96.97,163,221,0,27.66,1,94.8,5.9,13.6,Medium Risk,67.91524178989185,9.540720033444515,57.73717748131321,35.17125921868672,24.997566598322287,38.370749451279025
LA-INFR-01009,Industrial Corridor,Uttar Pradesh,31.1,163,242,1,20.92,5,59.33,8.9,46.5,High Risk,58.23844670735787,35.27638723727424,61.63771270845184,14.129698732386757,33.75295111754619,40.89108645927888
LA-INFR-01010,Industrial Corridor,West Bengal,102.67,153,170,2,30.49,3,55.97,3.1,55.2,High Risk,69.24035355628526,18.357092198162047,57.174456563132026,60.3022834515499,33.047425152867746,44.48894048595281
LA-INFR-01011,Irrigation Dam & Reservoir,Gujarat,115.83,160,311,4,31.16,4,96.65,3.4,68.7,Critical Risk,67.92264950783347,23.218289565913178,50.979594743843805,57.003798271970716,63.44391980247945,50.970602581003604
LA-INFR-01012,National Highway,Gujarat,108.61,170,191,2,37.69,4,36.29,4.0,65.8,Critical Risk,59.90612890565932,30.111280965779635,50.443400533431145,51.62218966769637,33.74081443547623,47.15237629585655
LA-INFR-01013,National Highway,Gujarat,521.11,166,199,2,51.18,1,14.25,5.7,35.6,High Risk,71.56136983286007,12.3704108184542,36.17174956426028,39.92099326543642,33.08170345123334,37.36563738783566
LA-INFR-01014,National Highway,Gujarat,496.36,154,188,0,93.63,2,13.97,9.4,7.3,Low Risk,77.48556422161296,20.69946120676714,6.446068368774087,9.388645527036822,25.61083764293064,27.696452356350964
LA-INFR-01015,National Highway,Uttar Pradesh,82.81,176,222,2,40.49,4,51.64,6.9,57.8,High Risk,62.39288753805246,30.4904011944999,49.78845907045446,27.964808141269085,40.09795135007238,38.259369242274
LA-INFR-01016,Urban Metro Rail,Uttar Pradesh,36.88,151,291,4,82.17,6,36.98,4.4,65.9,Critical Risk,59.1144535972862,42.44661250049433,17.58524542338484,44.29883009833387,64.51330691686478,43.601696176265726
LA-INFR-01017,Industrial Corridor,Gujarat,68.54,147,204,1,46.12,2,32.72,3.3,47.6,High Risk,64.83893495848147,20.732170862732776,41.456243307816315,56.92685300429328,29.019336438932275,43.503465432258764
LA-INFR-01018,National Highway,Odisha,130.79,138,301,0,55.34,3,31.52,7.6,38.3,High Risk,66.76252436970073,26.248713820626794,35.32996953745674,24.897540970214536,34.986860570589286,37.42524675297764
LA-INFR-01019,National Highway,Maharashtra,899.66,141,315,0,89.96,0,38.74,7.1,18.1,Medium Risk,77.44172115035887,2.8197304259912532,12.762170834271686,26.212736121372444,40.77823477607027,27.94309644839581
LA-INFR-01020,Dedicated Freight Corridor,West Bengal,159.32,129,252,3,42.34,5,84.83,7.4,52.8,High Risk,67.67399891492354,32.28064930303718,41.408524776925184,18.418766010809858,47.937304413148105,43.79667916962272
LA-INFR-01021,Dedicated Freight Corridor,Gujarat,112.98,152,289,3,79.58,4,13.8,7.0,71.7,Critical Risk,68.01147218647894,33.99817319065059,20.427951457896974,26.907042666972966,52.660036167958815,39.77261273264522
LA-INFR-01022,National Highway,Odisha,136.56,142,235,2,41.91,1,95.66,8.3,7.5,Low Risk,65.07516282596794,4.9311643289886735,44.050994316399105,15.766294494537615,40.35456896740033,32.12410682031757
LA-INFR-01023,Irrigation Dam & Reservoir,Maharashtra,189.52,147,191,2,32.96,2,33.55,4.1,54.2,High Risk,71.62192698563396,19.33627594127718,54.48636722109183,51.79465810626102,33.049601674845796,46.68351320930936
LA-INFR-01024,Urban Metro Rail,Gujarat,32.7,162,265,1,71.72,3,93.59,4.4,37.3,High Risk,57.4543823903881,19.106754957505032,28.757043560751335,50.32578310463146,35.60020726247124,37.21882222573305
LA-INFR-01025,Urban Metro Rail,Uttar Pradesh,395.19,131,210,1,93.28,2,78.47,4.3,15.8,Medium Risk,70.36143301291527,14.185232253806289,12.181824096334935,50.98509877730354,29.43627248227018,32.32378345643
LA-INFR-01026,National Highway,Tamil Nadu,43.86,122,224,2,98.1,1,47.59,5.9,19.7,Medium Risk,56.48264484178482,12.949388267693333,3.129070587237494,36.96255482259274,38.313523198817364,30.03199632439247
LA-INFR-01027,Industrial Corridor,Bihar,46.25,144,222,3,28.55,1,22.3,6.2,50.5,High Risk,64.95081485809705,12.827104324255924,54.463347082987326,33.65627719087519,44.62906270446993,44.87876113754714
LA-INFR-01028,Dedicated Freight Corridor,Maharashtra,183.51,169,296,0,23.54,3,75.19,6.7,51.1,High Risk,72.34273692569928,20.153456089495272,58.06140275725017,29.377386897063023,34.93905915844668,43.93021654524254
LA-INFR-01029,Industrial Corridor,Odisha,20.0,166,308,3,22.73,4,92.33,8.6,65.2,Critical Risk,58.68731398114919,28.49231054505597,60.058097426627455,20.09792201313111,57.242236886630565,43.503002276834856
LA-INFR-01030,Industrial Corridor,Tamil Nadu,652.17,149,340,2,39.07,2,88.59,6.3,51.6,High Risk,79.74867297737323,14.50007043680798,46.438978029902714,30.691735816217086,52.97669318876585,42.403356049993306
LA-INFR-01031,Irrigation Dam & Reservoir,Maharashtra,28.92,153,190,3,91.61,0,59.79,10.0,2.5,Low Risk,57.88870448265508,5.237648642297154,7.836287179192501,4.0760143405550595,41.34231419210273,26.083486149262296
LA-INFR-01032,Irrigation Dam & Reservoir,Maharashtra,529.23,154,284,2,51.14,2,84.28,4.9,56.5,High Risk,83.37528042987137,14.214906638329639,43.38634318226415,44.87030454083672,48.505306680367525,43.040267118984396
LA-INFR-01033,Industrial Corridor,Odisha,106.23,165,185,3,70.88,3,47.99,4.6,49.3,High Risk,68.41713224657751,23.73269866582915,24.830086763245674,48.71524148065898,35.36618269426174,37.42737973320635
LA-INFR-01034,Irrigation Dam & Reservoir,Gujarat,41.67,174,215,4,24.23,3,15.18,8.9,62.7,Critical Risk,61.985351714193826,23.89839981740269,59.817877926061,16.962865729263573,49.60213732034424,39.6036947901604
LA-INFR-01035,Irrigation Dam & Reservoir,West Bengal,209.95,145,210,2,87.0,7,74.51,3.1,65.8,Critical Risk,72.41754842417521,46.136597059798014,17.526282318033928,57.910792810621764,34.03741455960069,46.62725744176041
LA-INFR-01036,Urban Metro Rail,Gujarat,156.5,165,195,1,85.46,4,47.12,8.9,27.6,Medium Risk,70.32311287053643,30.220734337164167,12.387957041049436,12.229032538531712,29.672446616648454,33.692847677367055
LA-INFR-01037,Industrial Corridor,Maharashtra,131.98,164,235,1,68.44,4,21.42,3.5,72.0,Critical Risk,69.74910776052988,32.459236105493005,27.944258543057185,54.51320283772592,31.30702177119661,38.85617982432609
LA-INFR-01038,Industrial Corridor,Uttar Pradesh,480.91,151,239,3,91.21,5,25.66,9.9,53.9,High Risk,78.25253797321503,37.91245105127995,10.790253707138389,5.961995236369191,41.59720906260272,36.36246867834937
LA-INFR-01039,National Highway,Bihar,20.0,134,237,2,68.73,7,38.96,9.7,48.2,High Risk,52.63473852925692,49.14720431415111,26.014769054646806,2.9591385074013363,38.555552469594204,35.68422714070939
LA-INFR-01040,Industrial Corridor,Gujarat,249.28,142,245,3,41.16,5,17.38,7.5,70.6,Critical Risk,75.09168402659034,36.72992657346272,44.59977586943689,22.505232909423682,43.10137527338526,44.17215746017323
LA-INFR-01041,Industrial Corridor,West Bengal,78.56,143,206,0,24.54,4,86.88,3.6,50.5,High Risk,62.67936010191944,30.493101163411236,58.87361158346366,52.18895475410525,23.872283685142946,41.530128901167885
LA-INFR-01042,Irrigation Dam & Reservoir,Maharashtra,225.29,150,260,2,30.83,4,73.99,4.9,63.9,Critical Risk,69.91636734770194,26.309464881105747,54.23383769684839,46.58877755417606,42.2582939422997,45.68601634374584
LA-INFR-01043,Urban Metro Rail,Odisha,49.88,136,261,4,35.3,5,40.0,8.9,67.0,Critical Risk,64.5108747027218,36.116732571556135,52.0812920772695,15.680597660509221,53.926953438040044,44.52285956615827
LA-INFR-01044,Dedicated Freight Corridor,Bihar,787.61,165,255,4,34.95,4,34.55,5.9,73.2,Critical Risk,83.89461008828482,30.976509712047704,54.1492125644772,35.69933943401099,54.95389272746621,52.26107584698774
LA-INFR-01045,Dedicated Freight Corridor,Bihar,365.67,166,311,4,56.59,3,64.8,5.7,69.2,Critical Risk,77.47824697416593,23.294347808026366,37.059867195951924,40.475059877544346,64.15250217036574,52.592572597796504
LA-INFR-01046,Irrigation Dam & Reservoir,Odisha,197.58,150,278,2,87.07,5,21.05,5.1,58.3,High Risk,72.94449771907742,37.00050578687119,13.051436345486591,44.777449300618514,47.104410589436306,45.3619536076752
LA-INFR-01047,Irrigation Dam & Reservoir,Tamil Nadu,242.66,135,307,0,84.37,1,45.72,3.9,23.1,Medium Risk,71.39736902334748,10.999326387739506,15.326313117686727,52.419694722145,38.36634467945636,37.75146756703267
LA-INFR-01048,National Highway,Maharashtra,127.93,168,290,1,31.68,2,12.0,9.4,52.9,High Risk,64.99677702937508,23.301783322869568,51.22958232945395,7.537406221326155,40.31165401313643,38.27070179976922
LA-INFR-01049,Urban Metro Rail,Odisha,212.16,141,181,4,79.24,1,79.02,4.7,27.1,Medium Risk,75.18031216678446,9.888860687820632,19.390052959890596,47.61012925108099,42.37664394989805,37.008970114243496
LA-INFR-01050,Dedicated Freight Corridor,Maharashtra,50.0,151,185,1,34.38,2,49.38,6.4,20.4,Medium Risk,66.86470299167196,12.033221036285676,51.14007709986764,32.95400885268669,25.865052260762933,33.712310717333374
LA-INFR-01051,Urban Metro Rail,Odisha,413.3,148,218,0,43.68,4,52.75,4.6,54.0,High Risk,81.30084784492446,34.88819520646647,44.03783344859072,46.06268597672862,32.00355775246619,47.385969687347554
LA-INFR-01052,Dedicated Freight Corridor,Maharashtra,195.7,149,232,3,26.72,2,40.4,6.4,54.6,High Risk,70.07995003998533,16.397864502181484,53.66834334217199,34.39001903860911,46.25368904700951,43.82773568873007
LA-INFR-01053,Irrigation Dam & Reservoir,Bihar,194.75,131,175,0,75.44,3,74.04,4.7,11.0,Low Risk,70.18734905617848,18.85292899767776,21.179313537214085,45.25195488181304,20.171680947213382,31.764750575109378
LA-INFR-01054,Dedicated Freight Corridor,West Bengal,213.8,125,213,4,83.52,2,61.78,4.7,46.2,High Risk,68.91307222448614,17.435287569246444,13.735890118695865,43.827255819394324,46.472982920504826,34.57142979477745
LA-INFR-01055,Industrial Corridor,Odisha,91.7,136,299,2,90.84,7,58.59,9.3,66.3,Critical Risk,67.61387943396016,48.34714769914884,7.159496655554794,10.282195316258758,48.279593304524894,39.89154638838551
LA-INFR-01056,Industrial Corridor,Odisha,20.0,144,211,1,87.64,1,87.81,8.9,10.0,Low Risk,55.4670745551548,6.315306741781978,8.680911118331101,14.355034822697053,30.663051488312554,22.157484353692926
LA-INFR-01057,Industrial Corridor,Maharashtra,248.21,178,229,2,92.7,4,27.88,8.7,44.5,High Risk,71.58276933960413,26.674720297986987,8.595327639216412,12.844587707190666,39.59842294696438,33.179072406590166
LA-INFR-01058,Irrigation Dam & Reservoir,Maharashtra,25.0,162,172,1,41.74,1,18.39,9.6,7.2,Low Risk,60.13727677314676,16.652664015654153,46.22627252614975,8.312267650508492,24.38971114611129,29.34271115453111
LA-INFR-01059,Dedicated Freight Corridor,Uttar Pradesh,121.48,145,265,4,84.78,4,60.4,7.5,59.0,High Risk,68.31602207068443,31.180853334769868,15.073459152600085,22.690396935863117,53.440699073988014,36.57574055912881
LA-INFR-01060,Irrigation Dam & Reservoir,Gujarat,52.89,165,226,0,27.43,4,90.33,4.6,46.3,High Risk,67.36873537457576,25.15645653297719,54.342870090369075,49.84630899318289,27.5883011391547,41.01320841043012
LA-INFR-01061,Dedicated Freight Corridor,Gujarat,50.0,151,264,0,78.92,4,10.57,8.7,27.7,Medium Risk,59.256399384249924,35.420280655218576,20.160243638086857,12.867160746216491,29.936396568924195,32.69844632031624
LA-INFR-01062,Urban Metro Rail,Bihar,496.52,147,203,4,30.27,3,37.64,6.6,61.2,Critical Risk,80.15474838240225,23.83713524329332,54.825163550229256,33.396210283957146,46.73556412005902,43.77342082750607
LA-INFR-01063,Irrigation Dam & Reservoir,Tamil Nadu,133.04,157,243,0,75.82,3,99.56,8.1,23.5,Medium Risk,62.77233218931259,17.579785180037167,24.933629577297342,18.378058132315836,30.66795199647635,31.277818874489498
LA-INFR-01064,Industrial Corridor,Maharashtra,292.78,131,219,1,71.96,6,28.16,3.5,73.0,Critical Risk,75.3136336020383,45.959473486459125,20.986336561672918,54.28419346078525,30.25595311632375,41.43506526217077
LA-INFR-01065,National Highway,Tamil Nadu,219.61,156,251,3,87.05,3,48.59,5.3,51.1,High Risk,66.99930161833386,21.778472259694702,12.606534597001577,43.04338105712976,47.77585706659679,37.62652339296647
LA-INFR-01066,Irrigation Dam & Reservoir,Tamil Nadu,25.0,156,256,2,28.53,1,41.54,4.5,48.8,High Risk,60.05340253213336,8.778370522601708,57.272752061608415,48.891512042804,43.83443059385608,40.86256334016529
LA-INFR-01067,Urban Metro Rail,Maharashtra,400.22,145,223,2,85.76,3,17.04,5.6,34.4,High Risk,76.02500295376086,29.287125883471965,15.97658958228716,38.20665920612139,36.81991701513488,39.47021411953774
LA-INFR-01068,Dedicated Freight Corridor,Tamil Nadu,79.84,153,325,2,75.57,3,37.6,6.8,62.3,Critical Risk,60.056571902118804,24.173277081965463,20.276630818357408,28.90856385271451,52.139253854538325,32.25566843082733
LA-INFR-01069,Industrial Corridor,Maharashtra,93.2,146,233,2,83.31,3,45.82,8.6,19.1,Medium Risk,60.65049240919555,25.263949880752207,18.217867546696468,16.923791767662177,42.47551284014041,33.55757317138537
LA-INFR-01070,National Highway,West Bengal,242.41,133,204,1,88.3,4,43.85,9.0,22.8,Medium Risk,68.04760128485795,31.80072362703219,14.559397452826477,13.966361926909048,27.94131722205588,32.58016576383933
LA-INFR-01071,National Highway,Gujarat,259.04,128,263,0,35.31,0,61.07,9.7,6.1,Low Risk,69.0520534252823,1.1502678239964668,50.732376810167644,7.755879449668099,32.314902284241235,31.845790049447928
LA-INFR-01072,Urban Metro Rail,Tamil Nadu,35.68,147,199,3,27.98,5,12.76,8.0,70.8,Critical Risk,61.5133210312665,41.164696921692794,57.199194053383536,21.608176780626472,42.95700829945283,46.14950310596305
LA-INFR-01073,National Highway,West Bengal,199.19,167,284,2,89.93,5,21.92,9.2,48.6,High Risk,64.17229262772878,39.85270558764382,10.529278592169113,10.723146194830429,49.88045911494391,36.65297372192495
LA-INFR-01074,National Highway,Odisha,121.39,140,225,1,34.58,5,20.08,4.8,69.0,Critical Risk,65.48743516739374,38.873689848023396,50.76005748480758,47.05344278726474,36.804296939879606,47.98903841406552
LA-INFR-01075,Industrial Corridor,Gujarat,253.87,154,201,1,95.5,0,11.49,9.5,1.0,Low Risk,79.44852504594712,6.2702230521352655,9.64003266268567,9.412247961104383,31.947222454352918,24.832195947250455
LA-INFR-01076,National Highway,Gujarat,32.86,175,244,1,86.18,3,51.84,7.8,27.5,Medium Risk,52.95095784140586,25.093062811771784,19.94109203080064,20.249821338756124,30.68824174360639,26.560012924781404
LA-INFR-01077,National Highway,Uttar Pradesh,535.61,152,279,4,76.6,2,30.43,4.3,53.5,High Risk,69.376810362728,17.63902190980798,17.08453512145162,49.40296772080428,58.52152355388736,38.215811626861864
LA-INFR-01078,Industrial Corridor,Bihar,228.15,154,275,2,49.05,5,55.45,6.2,62.8,Critical Risk,71.77260059129895,39.73682369491294,39.822045089613404,35.204769108088776,48.0478644637876,45.95288669164208
LA-INFR-01079,Urban Metro Rail,Odisha,37.92,153,255,2,80.42,3,18.72,5.4,45.0,High Risk,58.11713674967827,26.416125592619856,22.262073223962933,39.081139463270766,41.50007969018826,37.328465887381384
LA-INFR-01080,National Highway,Tamil Nadu,20.0,128,324,4,73.51,4,81.88,3.1,64.1,Critical Risk,49.83742192437953,29.439452576743907,23.89834449631006,59.32463694771679,64.16728891367696,44.51141253879194
LA-INFR-01081,Irrigation Dam & Reservoir,Bihar,736.67,136,229,1,38.6,1,19.85,8.6,14.5,Medium Risk,79.73370748843797,17.455053057248527,48.66809236767533,14.795507427757766,35.34630136034589,38.99551604916468
LA-INFR-01082,Industrial Corridor,Uttar Pradesh,101.35,157,227,4,67.44,4,65.16,4.8,64.2,Critical Risk,69.37886751122899,28.883536568645876,26.33257022996438,43.66824783330929,49.699624948517105,43.39659577890747
LA-INFR-01083,Dedicated Freight Corridor,Gujarat,144.16,151,316,2,91.16,3,92.51,8.5,15.9,Medium Risk,71.20917603768812,19.963019773202642,10.390221545866611,13.394965725110893,55.71251545293904,31.658245780319323
LA-INFR-01084,Irrigation Dam & Reservoir,Bihar,64.54,137,210,0,73.15,2,85.66,9.3,4.8,Low Risk,65.64689196262832,16.4346158403703,23.5224635409334,9.772737303808286,23.81084055075884,30.2189446355982
LA-INFR-01085,Dedicated Freight Corridor,Maharashtra,392.56,134,280,2,94.98,2,12.11,9.3,18.4,Medium Risk,74.4840397694321,19.0286870027837,8.966235277146193,5.51345996007693,46.42194791060878,32.17991768372221
LA-INFR-01086,Urban Metro Rail,Bihar,273.97,152,281,1,45.03,4,44.13,6.0,57.9,High Risk,73.84458067865303,26.892109510051622,44.89849336219787,32.50078397696957,36.378318748084695,43.38483946789478
LA-INFR-01087,Urban Metro Rail,Bihar,252.63,147,178,2,64.2,4,59.59,6.2,51.7,High Risk,71.86927679375884,26.087658975380446,27.842350001839705,33.111045868483394,26.59064491275695,38.868728138376476
LA-INFR-01088,National Highway,Bihar,382.65,148,270,4,26.44,5,21.06,5.2,69.1,Critical Risk,71.75823432758517,38.19519651445961,53.60119627997649,40.42946973775476,58.695521310641496,51.07675758054023
LA-INFR-01089,National Highway,Bihar,205.56,149,198,3,65.43,3,24.16,9.3,39.1,High Risk,66.84594528084855,29.21976885810941,27.59624552326212,6.170706480961419,40.65503113738774,34.58925718001416
LA-INFR-01090,Industrial Corridor,Bihar,99.19,156,237,1,52.19,2,10.38,8.6,25.4,Medium Risk,70.98409666282062,19.003047416547453,39.98581183766107,15.927086597402546,36.53664793175812,37.34221662685298
LA-INFR-01091,Irrigation Dam & Reservoir,Uttar Pradesh,357.47,160,216,1,39.35,5,53.62,4.0,70.6,Critical Risk,76.91866620301654,35.44453662597264,46.54485446846858,52.36765166638517,31.776664893265195,48.577035315858986
LA-INFR-01092,Dedicated Freight Corridor,Tamil Nadu,50.0,128,202,1,25.55,0,79.43,4.3,9.6,Low Risk,58.95168871386902,0.0,54.36259381124925,49.4247256574754,32.309948471594616,36.478945693366285
LA-INFR-01093,Irrigation Dam & Reservoir,Bihar,176.04,165,202,4,75.87,2,91.49,3.7,46.2,High Risk,72.45342562833585,16.60649136605005,19.987812476769083,56.84001615954551,47.66951372206385,42.79898749861043
LA-INFR-01094,National Highway,Odisha,23.0,134,210,1,89.2,3,95.37,3.2,16.2,Medium Risk,52.41332949998419,22.67590894724978,12.69228091846926,56.303375943342544,29.04379794940745,36.38844838476999
LA-INFR-01095,Irrigation Dam & Reservoir,Bihar,71.22,133,253,1,89.59,0,73.99,9.6,1.0,Low Risk,65.66519600956737,2.271252908886958,11.25599545740299,6.942940007387677,37.07428602980434,24.27021266728491
LA-INFR-01096,Urban Metro Rail,Tamil Nadu,340.44,153,231,0,93.78,1,18.78,5.2,14.9,Medium Risk,68.9033560248139,11.001572233340143,2.564632636613129,43.533878143345085,27.1233879135002,30.383140108727474
LA-INFR-01097,Dedicated Freight Corridor,West Bengal,79.51,148,229,3,88.52,3,43.45,9.4,14.8,Medium Risk,65.97608278432027,25.835646131872714,12.748764704571665,4.515188635713457,47.29122031496665,32.82121496087841
LA-INFR-01098,Dedicated Freight Corridor,Gujarat,104.6,152,308,2,80.99,0,42.63,8.0,6.6,Low Risk,64.39135961352665,6.642541248740186,15.578548667890953,17.94886743323775,53.27232725758182,31.76474790404167
LA-INFR-01099,Dedicated Freight Corridor,Gujarat,219.04,140,231,3,58.49,4,24.14,8.0,51.4,High Risk,75.0154359424121,33.085860539113156,34.45484328824462,19.380458153736253,43.552100874220585,41.50387640756729
LA-INFR-01100,Urban Metro Rail,West Bengal,10.0,141,165,1,88.97,3,87.93,5.2,7.6,Low Risk,48.64900620151697,21.701770267256897,10.75885255985945,38.23020546229139,20.836794128526982,30.173743818934547
LA-INFR-01101,Industrial Corridor,Maharashtra,191.24,158,302,3,74.65,2,80.53,6.2,42.2,High Risk,70.8537982536585,14.98803461647224,24.73034149079291,31.470055145227416,55.24946579636182,38.46817044262401
LA-INFR-01102,National Highway,Uttar Pradesh,38.52,152,232,4,56.64,2,65.95,5.6,40.1,High Risk,56.05207331326538,15.04964060100725,33.285554735561725,43.633694955192325,50.79082139817204,39.537763593141676
LA-INFR-01103,Industrial Corridor,West Bengal,60.09,138,185,2,67.14,1,72.48,4.9,11.7,Low Risk,59.4392745537494,3.7816747703699614,26.982526066976803,40.9658522519764,35.89188911572442,32.85532332632286
LA-INFR-01104,Industrial Corridor,Odisha,312.77,119,200,1,87.35,5,44.35,6.3,29.6,Medium Risk,73.43051178021913,37.25215431891706,12.5603042894192,34.72896352180946,28.63128379536423,33.512218169921844
LA-INFR-01105,Industrial Corridor,Maharashtra,264.68,137,203,4,30.21,2,62.88,9.0,29.9,Medium Risk,76.54313291250612,15.07369605160561,53.6388808888244,13.355590383777507,46.215942991726585,39.20318341022909
LA-INFR-01106,Urban Metro Rail,Bihar,10.0,164,313,0,70.18,3,47.64,5.5,37.5,High Risk,49.43973889344913,25.153849011854305,22.773686946338273,37.54136331256615,41.932000928230465,32.814386547391855
LA-INFR-01107,Irrigation Dam & Reservoir,Maharashtra,384.07,177,268,3,59.25,1,26.78,8.0,25.6,Medium Risk,75.40911641299618,12.091110056684913,31.273370848235775,23.159695485061167,56.570759930012606,39.79863282431741
LA-INFR-01108,National Highway,Tamil Nadu,101.04,161,265,4,71.0,3,77.3,8.0,50.4,High Risk,63.9780561134143,18.438298824824578,23.049133541154326,19.964414359955807,58.251721696882626,36.67805240262572
LA-INFR-01109,Irrigation Dam & Reservoir,Uttar Pradesh,123.02,144,278,4,23.27,1,81.63,7.6,30.6,High Risk,68.6337501683285,6.697865676194831,59.59127867062424,23.90869619198927,55.257922021196485,40.083837869768566
LA-INFR-01110,National Highway,Maharashtra,61.47,161,207,1,75.21,3,84.23,8.8,5.9,Low Risk,60.828680859834165,20.082529101533822,22.420517558376496,16.905413043155402,30.46403029819973,28.48219916284301
LA-INFR-01111,National Highway,Bihar,111.19,168,231,1,29.51,4,94.45,6.2,47.1,High Risk,62.590935318256925,26.279264442705433,55.11295997826467,36.26068517692268,32.67797901409262,37.77257970784497
LA-INFR-01112,Urban Metro Rail,Gujarat,48.46,173,140,3,37.46,3,70.81,6.1,41.9,High Risk,61.90329608690689,23.317245658603785,43.650449967228354,35.73340424588238,28.318387304524794,37.31471972048075
LA-INFR-01113,Irrigation Dam & Reservoir,Maharashtra,25.0,163,224,3,99.46,4,33.02,6.5,42.2,High Risk,56.7683256543486,27.237298495382795,2.7836413211475564,33.80485725387896,45.45372648527473,31.735687275508567
LA-INFR-01114,Urban Metro Rail,Gujarat,305.37,176,200,1,77.79,0,28.03,3.8,29.1,Medium Risk,72.69842182937708,2.13559444708516,19.979582804089706,53.1894976473624,29.400456521853705,31.233342809305043
LA-INFR-01115,National Highway,Odisha,239.19,136,246,3,31.34,3,81.19,5.1,62.0,Critical Risk,68.68699387861508,18.23821059483316,55.612923504989375,42.12065669327049,47.43009559256344,46.765718772971155
LA-INFR-01116,Irrigation Dam & Reservoir,Bihar,25.0,165,217,4,57.82,1,29.37,5.5,39.8,High Risk,61.301417805051884,13.460642665064999,37.31363908571587,41.33413591680979,47.58284330141214,38.62226955654037
LA-INFR-01117,Irrigation Dam & Reservoir,Tamil Nadu,68.06,174,218,4,74.22,4,17.03,8.2,61.8,Critical Risk,65.09887888607993,32.373920867616974,25.76296281422171,23.822443185475436,49.14628699318918,39.37625541472387
LA-INFR-01118,Industrial Corridor,Tamil Nadu,446.86,164,250,1,74.06,3,25.99,6.7,37.4,High Risk,74.7804435477797,22.40857806588785,25.508101005813202,31.026055710966308,31.4998666462755,38.77937307997705
LA-INFR-01119,National Highway,Odisha,393.61,132,207,4,90.9,1,17.05,9.6,8.6,Low Risk,70.33636706125311,16.36806900957719,8.951971136163646,10.05335820459129,46.72809799166065,28.698456899634063
LA-INFR-01120,Dedicated Freight Corridor,Odisha,186.13,149,148,0,81.78,2,73.5,9.5,11.7,Low Risk,71.990275169199,14.149146390608742,16.17262517051557,9.140070722077164,13.77433987079618,22.298744544410265
LA-INFR-01121,Irrigation Dam & Reservoir,Maharashtra,62.89,159,333,3,94.92,4,15.92,6.6,71.0,Critical Risk,67.62830479439549,34.704763317594306,3.4664780981144556,30.713876075130976,61.34624476737657,39.77016418151098
LA-INFR-01122,Industrial Corridor,Odisha,260.73,144,222,1,59.08,1,52.24,4.4,19.6,Medium Risk,72.20067187475219,7.870021551396595,32.65045399412431,50.3354043067358,34.205390009302796,37.933764110450554
LA-INFR-01123,National Highway,Bihar,325.5,156,226,3,91.52,4,71.44,4.3,50.6,High Risk,70.06512272958828,28.641456514876385,7.267108289737759,48.602135936141465,42.00390661706196,37.16071196418816
LA-INFR-01124,Dedicated Freight Corridor,Bihar,89.9,150,177,2,90.85,4,89.73,6.8,28.7,Medium Risk,70.32133215069435,26.279823305297477,9.950607101976242,30.177680381036666,29.409988890703488,33.167671142891
LA-INFR-01125,National Highway,Uttar Pradesh,55.71,152,213,1,85.66,3,14.88,9.2,22.2,Medium Risk,61.43233845131718,26.96687605839748,13.06398289842373,11.663278576645016,31.33164289840079,30.7440608969673
LA-INFR-01126,National Highway,West Bengal,164.3,160,257,3,58.7,4,70.68,7.2,55.1,High Risk,69.90274425405899,29.181888155344954,31.890339574448973,28.444827851743746,47.60317629363939,39.33116152046746
LA-INFR-01127,Industrial Corridor,Gujarat,612.77,160,298,1,81.61,3,46.5,9.7,24.0,Medium Risk,79.70720786162107,21.869159046105374,19.821177273987182,9.405330988547854,44.44552079685649,36.11124422807449
LA-INFR-01128,National Highway,Uttar Pradesh,151.08,155,240,1,48.18,4,49.56,9.4,21.2,Medium Risk,64.50288791894923,26.94715405726249,40.99448783713833,4.988049672828571,32.15642133866626,34.839904915071294
LA-INFR-01129,National Highway,West Bengal,78.84,161,288,1,63.2,2,44.14,8.9,29.0,Medium Risk,59.89939377760288,19.11814503414997,32.93743201438389,14.693565040177733,42.3400944831323,36.579921492497746
LA-INFR-01130,Dedicated Freight Corridor,Tamil Nadu,217.51,160,233,4,58.3,2,64.96,9.9,28.2,Medium Risk,75.26797538096484,15.156417096378526,32.74802808717012,6.675932797706497,50.352775375540105,37.548101918390884
LA-INFR-01131,National Highway,Uttar Pradesh,381.52,147,251,0,71.67,3,25.97,9.8,9.9,Low Risk,70.48055822128497,25.740250017717617,23.29508877488495,7.115968314545366,29.63564423160653,29.495290808788283
LA-INFR-01132,Industrial Corridor,Maharashtra,23.43,133,203,0,97.69,3,64.21,4.3,17.0,Medium Risk,53.705355193727456,21.77672582197131,6.129390801782803,50.99723524366088,22.77631514321462,31.078048160605217
LA-INFR-01133,Dedicated Freight Corridor,West Bengal,399.12,146,151,2,78.89,6,22.5,5.0,69.5,Critical Risk,77.15134716232123,47.66845860314493,14.114998947207319,44.412773099848415,28.35331959245631,41.17502568006763
LA-INFR-01134,Irrigation Dam & Reservoir,Gujarat,58.55,165,228,3,46.23,4,56.06,6.5,58.9,High Risk,62.6206438603513,26.475957889880576,46.59958460574382,30.858353158612843,46.314554153957474,40.74593698692975
LA-INFR-01135,Irrigation Dam & Reservoir,Odisha,437.71,131,200,0,33.51,6,35.82,9.9,41.5,High Risk,76.10820250993164,44.49610509832874,48.32231389879723,5.682901819958893,21.91672032402733,39.77916689878511
LA-INFR-01136,Dedicated Freight Corridor,Maharashtra,100.73,149,229,0,54.93,2,63.58,3.3,29.9,Medium Risk,69.54151889437472,15.60823068434214,38.32271066590828,55.37915696264901,27.58190333106101,38.65333357193728
LA-INFR-01137,National Highway,Bihar,411.39,168,167,1,33.85,3,74.14,3.6,55.3,High Risk,78.12378308788247,19.06043968766665,49.59429557874947,54.88811219044836,18.93862298342433,36.506320884551386
LA-INFR-01138,National Highway,Odisha,254.02,174,249,4,66.93,1,89.13,9.3,21.2,Medium Risk,72.18095061454146,8.444595675909751,28.564759558971122,11.474856928681213,58.46435972886911,35.900631540582054
LA-INFR-01139,Irrigation Dam & Reservoir,Gujarat,112.99,159,287,2,75.64,3,16.52,9.6,38.7,High Risk,66.74322087159908,25.95038575357182,19.542005489274057,8.888512388145209,48.858476357204985,34.418963683162865
LA-INFR-01140,Irrigation Dam & Reservoir,Gujarat,134.02,146,250,1,30.61,3,38.05,8.2,38.0,High Risk,69.7945424440822,25.871218036352108,52.90497019038824,17.71473214295498,36.99041768450815,41.3500414783019
LA-INFR-01141,National Highway,Tamil Nadu,218.83,150,225,4,20.44,4,91.01,8.5,54.5,High Risk,65.75406076587218,25.452991668020942,59.73267489470618,15.096487648690408,51.24705728539711,43.280942804979546
LA-INFR-01142,National Highway,Bihar,20.0,145,266,0,65.23,1,83.75,9.0,1.0,Low Risk,54.69888274778874,12.001387746549211,29.695313447275417,8.904674636592482,34.389959883681165,26.85733890605215
LA-INFR-01143,National Highway,Gujarat,94.5,132,306,2,84.12,5,45.64,7.9,58.1,High Risk,61.06531103285414,36.130608009547636,10.947816864576195,18.67012117631193,48.08264022943441,33.423391856113106
LA-INFR-01144,National Highway,West Bengal,309.53,146,273,0,92.57,4,19.46,3.0,56.0,High Risk,69.42156319972754,30.37615445826293,8.370636256294405,57.2488564106317,33.32850061340082,39.10448428908038
LA-INFR-01145,Industrial Corridor,Maharashtra,122.47,137,268,0,67.04,5,16.56,6.9,55.0,High Risk,67.84651157910861,41.106140204879566,26.54816951444324,34.35559103353697,35.250983128574674,41.61396928864283
LA-INFR-01146,National Highway,Gujarat,20.0,148,259,0,26.79,1,72.58,7.2,18.8,Medium Risk,54.0695094969818,4.76747494849362,55.405280277022804,24.68386873818525,30.409930396794067,35.588811692330964
LA-INFR-01147,Industrial Corridor,Uttar Pradesh,33.7,137,290,4,99.53,1,52.63,9.0,22.2,Medium Risk,61.38702482870145,12.873191272357142,1.963311847204304,9.73951896838381,59.85987294822027,30.048770097562308
LA-INFR-01148,National Highway,Uttar Pradesh,38.39,168,250,2,56.52,5,70.91,6.9,54.2,High Risk,55.31576953296785,35.34029722478873,37.887683982942896,22.456334665857167,44.44345265977506,36.54819055620233
LA-INFR-01149,Irrigation Dam & Reservoir,Bihar,181.15,147,253,0,69.55,3,37.15,3.5,42.1,High Risk,69.62231491055508,23.72978422026395,26.888521903904422,53.47320741045721,31.947478822868554,38.153312629483096
LA-INFR-01150,Dedicated Freight Corridor,Bihar,154.28,144,125,4,33.11,1,17.94,6.6,26.4,Medium Risk,70.55816071493429,15.209841571635632,52.02732970917869,30.17288073142288,33.08747761750478,38.483402834161566
LA-INFR-01151,Dedicated Freight Corridor,Bihar,122.32,138,251,3,43.09,6,35.63,9.6,63.8,Critical Risk,70.47401807524908,44.657685753118884,44.90473115620495,7.026190247111611,46.88507281703923,43.77828114865724
LA-INFR-01152,National Highway,Gujarat,20.0,148,163,0,57.28,3,57.11,9.2,9.5,Low Risk,51.20326589349668,24.084449562422428,34.304103709119936,10.542446218449216,15.741112331735815,26.41871986377602
LA-INFR-01153,Industrial Corridor,Bihar,28.86,148,247,1,61.01,3,57.83,9.1,13.3,Medium Risk,57.82399146432962,21.881461771185162,35.88194802580299,12.028318876307956,37.04363580573031,28.760057616000374
LA-INFR-01154,Urban Metro Rail,Tamil Nadu,16.47,155,275,1,97.75,4,98.81,9.2,10.6,Low Risk,54.6383703545953,26.677477763432112,4.383627178269171,7.938036801994944,39.622877322516764,29.647576252115392
LA-INFR-01155,Dedicated Freight Corridor,Maharashtra,50.0,165,253,3,95.47,4,41.17,8.6,35.2,High Risk,58.01797258310911,30.516857809321774,9.667440104785848,15.007806574387132,46.246230888688025,31.49142891902496
LA-INFR-01156,Irrigation Dam & Reservoir,Uttar Pradesh,77.7,142,240,3,48.69,7,81.41,3.3,81.3,Critical Risk,62.47072569092625,47.81483235980375,41.025114172806134,61.815872799883984,45.405180094789046,50.36513597211631
LA-INFR-01157,Industrial Corridor,Odisha,111.92,132,183,0,25.56,2,24.31,8.4,21.2,Medium Risk,68.54079306881616,20.62795791268086,57.102122760305726,19.7620243272907,19.958401044447626,32.654099531347605
LA-INFR-01158,Urban Metro Rail,Maharashtra,89.36,156,210,0,41.54,2,13.48,4.5,32.5,High Risk,70.06325028559492,19.059666469725407,46.18025741792818,46.25490196244805,23.198380672097542,38.5691338874767
LA-INFR-01159,Urban Metro Rail,Tamil Nadu,447.08,133,187,1,61.01,1,38.42,4.2,16.9,Medium Risk,77.7413603422624,11.98473109264448,30.277050043944367,51.52857207114323,25.94541038976133,34.9116381527786
LA-INFR-01160,National Highway,Tamil Nadu,327.66,153,205,4,93.04,5,72.24,6.5,52.3,High Risk,69.82894027619098,35.4981742671395,5.025627714583384,31.003095356435146,44.533270359341884,36.81458962962787
LA-INFR-01161,Urban Metro Rail,West Bengal,16.48,141,207,2,74.14,5,89.82,8.1,32.4,High Risk,53.19137494334442,30.608486257281342,23.90547651784624,17.95215572131843,33.797299818584065,33.1526512073853
LA-INFR-01162,Irrigation Dam & Reservoir,Bihar,241.85,150,259,4,90.68,5,30.73,4.8,67.4,Critical Risk,73.77102136778065,39.95581714521505,9.967359746968521,41.19432140135633,59.30400774083636,40.631234193784486
LA-INFR-01163,Urban Metro Rail,Maharashtra,441.83,139,275,1,69.8,3,26.07,5.7,48.5,High Risk,78.21248172805527,27.654136471279735,22.352301714991384,37.6426397658552,42.51686123841955,42.2549499457548
LA-INFR-01164,Urban Metro Rail,Odisha,72.18,151,228,1,66.85,6,41.72,5.0,63.1,Critical Risk,63.33999249046,44.432193301245306,27.199920920755073,42.76634039946915,33.37574917653477,42.26917855628948
LA-INFR-01165,Industrial Corridor,Gujarat,70.21,151,318,4,77.61,6,86.88,7.7,74.4,Critical Risk,63.45087651409357,39.45954611839062,22.074277772796407,24.73739384697388,63.295880168465814,46.37077566802045
LA-INFR-01166,Dedicated Freight Corridor,Maharashtra,51.34,152,123,4,43.75,1,43.32,3.6,38.7,High Risk,61.88682684105977,10.500413933061873,42.220630661185844,53.88725791031953,34.109955974059744,38.869857339445
LA-INFR-01167,Urban Metro Rail,Odisha,151.79,149,169,4,25.07,1,61.75,9.8,12.5,Medium Risk,67.54117627875301,7.360264278519704,60.15377778332362,7.435965990329395,45.65512708020569,37.646251039940246
LA-INFR-01168,Industrial Corridor,Odisha,477.6,145,270,2,55.1,2,62.14,5.4,39.7,High Risk,78.51026386777676,16.946201318590653,33.727012034016596,40.04547020412996,48.50611789902018,41.47316589346334
LA-INFR-01169,National Highway,Bihar,164.1,131,319,3,86.27,3,23.71,5.6,65.0,Critical Risk,62.86400021860837,27.68975081230114,13.74226195901971,39.61950354036093,62.486596730872876,40.14726508346581
LA-INFR-01170,National Highway,Gujarat,107.2,155,231,2,22.04,7,22.1,4.8,71.8,Critical Risk,59.96941194062944,58.17773333655022,63.786400670575915,44.96991206228652,40.13434951691121,54.50329351764076
LA-INFR-01171,Urban Metro Rail,Maharashtra,545.48,138,153,1,78.97,2,70.88,7.1,3.0,Low Risk,76.68239772334815,13.988675135274706,18.01180559593807,25.543923019314118,23.600142235781483,26.99727289409062
LA-INFR-01172,National Highway,Bihar,50.27,142,223,3,74.96,4,76.64,3.5,60.9,Critical Risk,58.24043813066044,26.8199661687695,23.671262414719365,53.23343736802463,44.35189510956901,37.96470938735893
LA-INFR-01173,Urban Metro Rail,West Bengal,560.16,161,262,2,47.81,6,58.1,3.6,76.1,Critical Risk,84.07331581096227,43.112181054313425,41.57996775745636,54.46944876439998,49.414332584587505,54.843563329483274
LA-INFR-01174,Irrigation Dam & Reservoir,Tamil Nadu,123.42,146,233,0,43.57,0,51.06,3.8,15.9,Medium Risk,70.58164727336568,2.9506029153101982,44.60763588335459,50.86349702913755,25.910971555569645,36.98048202240726
LA-INFR-01175,Industrial Corridor,Odisha,80.51,150,181,2,55.45,3,83.1,4.3,34.3,High Risk,62.089837626944075,17.7364038374843,34.49434023397734,48.608777246751444,31.24286221639835,34.798482012926506
LA-INFR-01176,Industrial Corridor,Bihar,384.71,162,185,3,27.63,1,16.55,6.5,42.7,High Risk,79.48023842419482,11.818445937748315,60.21610635580028,31.8551391041438,37.63603476737798,42.45439041730632
LA-INFR-01177,Industrial Corridor,West Bengal,190.66,135,282,2,52.38,1,68.56,6.7,28.6,Medium Risk,73.34019683127873,9.882907678993078,34.24476732508627,28.91596841194898,48.13498884098954,37.15599832285689
LA-INFR-01178,Irrigation Dam & Reservoir,Uttar Pradesh,159.82,152,202,0,98.92,2,14.66,8.0,1.0,Low Risk,67.59098509068541,17.20205485701496,7.414292105197554,22.851314627849007,20.995978762258186,28.119249238296952
LA-INFR-01179,National Highway,Gujarat,59.44,160,277,3,59.85,5,70.94,9.4,52.0,High Risk,59.62669874199622,35.418476813877454,34.681660814542596,6.285968131818902,53.7728525776094,41.39282949089861
LA-INFR-01180,Dedicated Freight Corridor,Tamil Nadu,256.83,148,231,0,89.35,0,46.81,4.3,8.3,Low Risk,72.94493232584082,5.367235924486785,11.902414040630687,47.28030608510275,27.323386651742748,32.70994757237506
LA-INFR-01181,National Highway,Bihar,212.8,162,199,0,35.88,1,55.58,9.3,5.0,Low Risk,70.36245456488702,12.056319297620757,49.15342711244891,9.45569341291465,22.90997235596498,30.568650200855114
LA-INFR-01182,Industrial Corridor,Odisha,20.0,169,212,4,36.22,4,60.26,6.1,73.1,Critical Risk,60.94812398747071,27.733999317314666,52.080511618541934,35.723602450395326,46.97896914083388,44.86445981874729
LA-INFR-01183,Irrigation Dam & Reservoir,Maharashtra,199.56,132,264,4,42.42,5,60.87,8.7,58.1,High Risk,70.12985267776577,36.157677953443574,46.47346402020586,10.493159809079536,57.911387271789806,45.79147048239402
LA-INFR-01184,Dedicated Freight Corridor,Maharashtra,429.84,147,244,1,78.79,2,86.2,3.8,22.5,Medium Risk,77.52086816326548,13.931639992543438,19.12050511246542,51.90488709457431,35.24878382592357,33.42175494058059
LA-INFR-01185,Irrigation Dam & Reservoir,Odisha,564.72,165,323,1,90.52,4,24.85,5.2,57.1,High Risk,78.21685609499578,30.76944631727393,9.920167123536864,41.51919509193817,46.69317766568352,40.1398853667663
LA-INFR-01186,Industrial Corridor,Tamil Nadu,346.41,136,140,3,79.31,4,86.25,4.8,40.8,High Risk,76.27112237342894,28.72370525723703,18.588083604054386,42.825002585581544,26.996225606109824,33.578649500192235
LA-INFR-01187,Dedicated Freight Corridor,West Bengal,238.98,159,249,3,32.51,1,61.87,4.0,56.9,High Risk,76.28500958870379,9.32927876766129,50.446801174903946,51.97548719891802,47.22374213625224,43.3609397343784
LA-INFR-01188,Irrigation Dam & Reservoir,Gujarat,104.86,174,257,4,51.77,3,77.43,3.1,65.8,Critical Risk,67.48437813517585,21.236938724825897,38.60453178870327,61.906087206958745,55.67658504085328,46.365205191920765
LA-INFR-01189,National Highway,West Bengal,113.88,151,292,3,31.57,2,22.98,3.3,70.5,Critical Risk,67.02806524428301,19.570501360773957,54.771600674482656,57.023365568434784,56.617912772818,48.69059606328011
LA-INFR-01190,Dedicated Freight Corridor,Gujarat,89.57,141,197,2,88.59,3,57.4,5.5,34.3,High Risk,66.9864896849531,23.753304145321493,8.938908155739288,38.483877074905855,33.50214776246947,34.80580355728614
LA-INFR-01191,National Highway,Gujarat,454.81,150,197,1,89.85,5,49.47,5.6,42.3,High Risk,74.74278542916534,33.025138032350085,11.524416255482162,37.53950103096857,29.161296218353307,35.53397830942869
LA-INFR-01192,Urban Metro Rail,West Bengal,318.49,162,297,2,21.37,3,68.13,4.9,71.3,Critical Risk,74.94838018553887,18.44325891060536,61.14911673778532,44.59311481421928,51.942929043997246,48.240614497396884
LA-INFR-01193,Dedicated Freight Corridor,West Bengal,374.36,130,276,2,36.77,2,48.74,9.2,20.4,Medium Risk,76.43176068367472,15.752554117460846,45.99840611035893,9.951662184155415,44.76523455229836,35.07488046231813
LA-INFR-01194,Urban Metro Rail,Odisha,284.04,176,262,3,37.22,2,81.87,4.6,53.0,High Risk,79.26331161046254,12.972632633463482,49.85331527042409,46.580301994555775,52.58135062278409,45.25731715117469
LA-INFR-01195,National Highway,Bihar,134.45,135,288,4,81.84,2,37.75,8.8,24.5,Medium Risk,62.24794189260313,18.463967935299628,20.540227409565812,11.929380616436436,58.422429432839095,33.95181106268549
LA-INFR-01196,Irrigation Dam & Reservoir,Gujarat,25.0,146,226,4,85.33,5,34.54,3.7,70.6,Critical Risk,53.37031427554488,39.504191227380794,15.67060809153848,53.48203318152925,52.70600852918798,41.28695388727934
LA-INFR-01197,Dedicated Freight Corridor,West Bengal,279.23,188,244,2,70.13,2,94.53,8.3,33.9,High Risk,73.96650042461785,9.239781604703797,25.258480176436294,15.836205828944047,43.7841832350476,32.346132732873755
LA-INFR-01198,Urban Metro Rail,Maharashtra,86.88,142,245,0,83.45,2,66.14,6.4,8.2,Low Risk,65.78624486127931,12.074676056607359,17.209926626850883,35.16899789857534,28.87406638459112,31.06595067305588
LA-INFR-01199,Irrigation Dam & Reservoir,Gujarat,137.79,158,164,1,71.17,4,81.18,8.7,19.0,Medium Risk,68.21515756997624,24.145848811332936,26.96097244837669,15.072104152828619,25.86523997832783,27.850944011505703
LA-INFR-01200,Industrial Corridor,Tamil Nadu,21.57,150,299,4,32.69,2,38.89,4.9,73.8,Critical Risk,55.17669169154113,18.267172074841678,51.31207404600264,45.3248487291513,62.07289366958934,44.80167306386734
LA-INFR-01201,Urban Metro Rail,Maharashtra,264.85,141,298,4,40.73,1,78.12,8.6,29.3,Medium Risk,74.22478753441517,8.658894472723688,52.297854852959404,16.40053188549321,63.410918604656445,40.71769327779889
LA-INFR-01202,Irrigation Dam & Reservoir,Uttar Pradesh,247.2,143,325,4,86.92,6,90.77,8.5,71.5,Critical Risk,71.98699730438632,41.32765234191098,11.115866841064593,17.19770903237341,66.52533758029581,42.87496788418927
LA-INFR-01203,Urban Metro Rail,Maharashtra,584.84,183,264,2,76.04,6,13.12,7.5,80.6,Critical Risk,84.22690945378247,44.036137603047784,20.215252260431473,27.056596563161172,42.68244723873093,42.31451094367928
LA-INFR-01204,Dedicated Freight Corridor,Maharashtra,218.03,140,264,3,35.7,1,30.28,4.5,61.2,Critical Risk,73.22517981435843,8.791060201413647,47.79578566846149,48.029828063212065,46.94671795137408,40.91875649234111
LA-INFR-01205,Dedicated Freight Corridor,Odisha,72.02,156,282,3,41.07,3,87.08,9.9,33.7,High Risk,62.71233376550153,21.112556029798377,46.45602816446851,3.2358543678920495,53.89556944566192,37.078718742593274
LA-INFR-01206,Urban Metro Rail,Bihar,151.01,161,247,0,84.41,3,64.61,9.3,13.8,Medium Risk,69.86583444942858,20.19058040334603,14.08492901900048,7.6433947385779115,28.276815355974946,27.211479517822443
LA-INFR-01207,Dedicated Freight Corridor,Bihar,149.12,143,173,1,38.1,3,11.55,4.9,44.6,High Risk,71.28848278519345,25.033942154341837,50.04172425795933,41.935660535474675,24.354347625884817,42.48995789958012
LA-INFR-01208,Irrigation Dam & Reservoir,Bihar,25.0,157,185,1,47.56,0,99.34,4.6,9.7,Low Risk,57.886695986747135,2.5807228254481998,40.026072531832746,47.30668275666548,25.502004277200356,32.895159621330535
LA-INFR-01209,Dedicated Freight Corridor,West Bengal,103.88,169,218,4,50.66,2,89.73,8.0,22.7,Medium Risk,69.90355990628126,11.910251384275774,42.29955488615827,19.223791958176008,52.68702927937814,39.18169892982891
LA-INFR-01210,Urban Metro Rail,Maharashtra,112.03,129,346,3,76.12,7,94.65,3.2,77.6,Critical Risk,64.21193046458917,41.35874864891818,19.56624994359642,59.74219776078242,63.727974579846524,42.720670505913915
LA-INFR-01211,Urban Metro Rail,Tamil Nadu,278.81,134,203,3,68.46,4,85.3,9.8,15.2,Medium Risk,70.59901818664102,29.347325366539355,28.386405944083098,3.828718130619764,42.18688787177926,36.3109955605473
LA-INFR-01212,Urban Metro Rail,Bihar,41.21,153,262,0,38.28,4,67.97,6.9,37.9,High Risk,63.79919052988222,23.062342999562627,47.53827687990147,26.849256621214195,31.453357582066005,34.77713399547013
LA-INFR-01213,Urban Metro Rail,Maharashtra,195.17,150,311,1,55.4,4,12.08,5.4,68.0,Critical Risk,73.90869351110946,31.19399144322306,38.58637818175284,40.2757547043582,43.509809097571576,44.31637177237911
LA-INFR-01214,Dedicated Freight Corridor,Uttar Pradesh,774.2,132,313,2,51.32,3,17.9,3.1,67.3,Critical Risk,82.26213333564176,24.715575231371208,36.4612228336792,56.020417835996234,47.62481491906483,50.454446302534244
LA-INFR-01215,Urban Metro Rail,Uttar Pradesh,10.0,154,148,1,64.25,1,71.34,5.5,1.3,Low Risk,48.71892267942558,7.968039173863471,25.5699736141216,41.86914795290608,20.778037655189912,24.701953286851886
LA-INFR-01216,Irrigation Dam & Reservoir,Bihar,190.34,168,222,3,56.02,3,77.18,9.6,37.5,High Risk,72.01617595875894,22.863002285221953,38.47882258699094,8.690659264865873,44.92251783905653,36.92500161358668
LA-INFR-01217,Industrial Corridor,Uttar Pradesh,184.12,140,175,2,45.71,3,35.66,5.1,31.0,High Risk,69.71241377179855,24.837388939604683,41.45531941946022,41.609808118762416,30.721259941660282,44.656703493374586
LA-INFR-01218,Industrial Corridor,Odisha,303.81,168,129,0,35.26,2,50.22,5.8,22.9,Medium Risk,75.95889226239076,20.26661514320175,49.95241273832424,35.83670777018961,11.688821622433593,38.37831625475708
LA-INFR-01219,Irrigation Dam & Reservoir,Bihar,25.0,162,278,2,90.45,3,46.96,4.1,52.3,High Risk,58.9273943574687,24.14221070168626,10.399831693051507,49.949221747245474,48.456916452669,38.056422722889536
LA-INFR-01220,Industrial Corridor,Gujarat,51.27,142,303,0,83.46,5,60.29,4.9,53.3,High Risk,60.80443893343374,35.199498118443216,18.033569814562853,44.812890434016545,41.32045717953921,39.1881903434797
LA-INFR-01221,Irrigation Dam & Reservoir,Gujarat,363.27,161,160,1,28.72,7,10.87,6.3,63.4,Critical Risk,77.10295535491419,52.17024452208994,54.74527715984795,33.985149519219654,22.36479894164205,49.67302273875218
LA-INFR-01222,Urban Metro Rail,West Bengal,49.31,154,174,1,27.68,8,17.83,7.8,63.2,Critical Risk,66.1650004060382,58.48600664361449,52.17495267224699,19.917596262079684,25.345029574979236,47.9290292995608
LA-INFR-01223,Urban Metro Rail,Bihar,182.65,145,269,3,95.28,2,81.35,9.4,19.1,Medium Risk,69.22081596398455,15.216590224408355,6.488562410841412,8.056088572294813,49.469930298031116,31.51826305623783
LA-INFR-01224,Dedicated Freight Corridor,Bihar,378.81,143,211,1,33.08,3,11.25,3.7,73.5,Critical Risk,74.04404499782461,24.938495013073542,50.52583274848154,53.977543067124884,31.700827894797264,45.629942232061126
LA-INFR-01225,Irrigation Dam & Reservoir,West Bengal,422.74,148,261,1,38.31,3,13.75,3.8,58.1,High Risk,73.85724957979006,24.967269586953595,51.55042331201989,55.08310089450841,35.93087540358282,44.52775812015127
LA-INFR-01226,Urban Metro Rail,Gujarat,34.9,160,209,3,39.51,2,60.65,9.1,23.8,Medium Risk,62.549532472036304,14.652290041635377,48.66839182191164,14.068176792417084,38.996597965944474,35.17898724559264
LA-INFR-01227,Dedicated Freight Corridor,Maharashtra,427.6,148,269,1,78.51,2,77.82,7.0,26.7,Medium Risk,77.85912836641448,16.475412275112507,22.893753352218503,26.030136123907557,34.64388992527702,35.62664619736418
LA-INFR-01228,Industrial Corridor,Maharashtra,169.27,157,244,1,34.31,1,13.75,9.8,9.9,Low Risk,73.43986897316381,12.592034360864975,53.61735140237221,3.6135042331972453,37.118177552924784,35.85841831616573
LA-INFR-01229,National Highway,Uttar Pradesh,76.52,156,251,1,29.54,6,44.84,4.4,82.2,Critical Risk,60.300725935165815,42.97608033474235,55.16133146338043,46.58940796352982,30.476218521470237,41.93655377965869
LA-INFR-01230,Dedicated Freight Corridor,Uttar Pradesh,128.59,147,244,0,66.45,2,14.35,3.4,48.0,High Risk,70.15071639430676,18.20661580872099,28.054854537088026,58.871966987710564,26.7555354959727,39.192733931153604
LA-INFR-01231,Industrial Corridor,Gujarat,392.46,148,266,1,81.12,2,17.01,5.4,25.8,Medium Risk,78.5652915726878,19.195799985228206,14.839107385755552,41.4809180584611,37.40017509742913,36.17182969881285
LA-INFR-01232,Irrigation Dam & Reservoir,Maharashtra,139.22,133,155,2,65.82,5,53.34,8.7,26.1,Medium Risk,72.21030801550047,35.251124138007356,28.244583613816246,12.89533754768685,26.22917925228532,34.54690795147728
LA-INFR-01233,Irrigation Dam & Reservoir,Bihar,32.63,141,252,0,20.12,4,45.71,7.7,39.9,High Risk,59.707670035346865,28.269374977931303,57.43943272059803,19.587847885691478,32.753019617197815,38.76508444255061
LA-INFR-01234,Irrigation Dam & Reservoir,Maharashtra,226.64,157,217,3,97.42,6,34.78,4.5,71.2,Critical Risk,71.90594148183581,43.38251398559497,6.152733735188356,45.72814277031853,40.29859365363943,39.56561778665886
LA-INFR-01235,Dedicated Freight Corridor,Bihar,128.39,158,209,1,80.66,4,16.34,7.3,32.3,High Risk,66.92535886688736,32.667128874410565,17.780533226512645,27.842629197328158,29.922836854767574,37.14861162650529
LA-INFR-01236,Dedicated Freight Corridor,Bihar,50.0,157,265,1,35.89,2,35.85,7.0,31.4,High Risk,61.73253122735882,16.32405363827467,50.29094264819975,25.24634994573176,37.450906489548984,34.54969444506729
LA-INFR-01237,Dedicated Freight Corridor,Uttar Pradesh,56.77,152,326,4,69.65,5,66.72,3.2,68.9,Critical Risk,69.10336809727208,32.84064825566889,25.113650577306608,57.91225207604633,67.96254616680301,51.7327776876574
LA-INFR-01238,Dedicated Freight Corridor,West Bengal,344.05,179,195,4,72.37,3,89.22,6.2,54.1,High Risk,74.48742099230074,16.87835842483593,25.890452729946315,36.37287341211141,42.47214417516524,35.94166333624656
LA-INFR-01239,National Highway,Tamil Nadu,20.0,153,251,3,23.07,5,58.53,5.4,81.3,Critical Risk,51.46813285625993,32.64282590293408,60.5328985876186,43.15532197326968,48.286731921516086,46.579202504195315
LA-INFR-01240,Industrial Corridor,Bihar,111.2,154,228,1,87.31,1,80.27,6.5,1.9,Low Risk,68.10906473023984,8.474168610982401,16.90476840550659,27.88006417293339,36.298882561592656,27.44591060130835
LA-INFR-01241,Irrigation Dam & Reservoir,Maharashtra,524.92,157,166,2,63.8,2,86.12,3.7,26.5,Medium Risk,76.6113211660426,12.225180694577146,26.66171887169055,55.221016283414265,28.790820422522053,36.9582854219594
LA-INFR-01242,Industrial Corridor,Bihar,65.91,151,268,1,71.44,4,50.79,9.3,22.2,Medium Risk,61.93842162355612,26.828878453343687,24.6087061212908,6.355487382146627,42.644971646674904,34.8565532141962
LA-INFR-01243,National Highway,Maharashtra,54.9,152,154,2,84.6,4,39.8,8.0,30.1,High Risk,56.98022182817423,33.24965288707278,15.349454156020302,16.600493833548896,28.968668790795807,31.051006100199047
LA-INFR-01244,Industrial Corridor,West Bengal,349.57,184,187,0,74.53,1,33.98,8.4,20.4,Medium Risk,76.48677554428396,11.778980809010863,22.66534709553478,16.5782444877786,20.808239294667924,28.34871114820229
LA-INFR-01245,Industrial Corridor,Bihar,234.15,150,303,3,98.0,4,49.51,3.9,69.9,Critical Risk,72.98963595604616,32.71105987555708,1.3812512816221703,53.52990194208718,58.16556466119767,39.55357888415043
LA-INFR-01246,Irrigation Dam & Reservoir,Tamil Nadu,193.13,144,255,0,22.5,5,68.37,7.9,46.2,High Risk,69.40589182600972,34.953598943797985,61.27264120230321,23.323856508136586,34.76243819836086,43.79756142153272
LA-INFR-01247,Dedicated Freight Corridor,Bihar,462.92,153,154,2,93.65,5,37.96,4.9,50.1,High Risk,74.04625330638008,39.40367030107635,9.244754978749347,40.807388612838096,25.947531634166687,34.077437581505485
LA-INFR-01248,Urban Metro Rail,Uttar Pradesh,472.87,151,239,3,61.39,3,72.67,4.4,57.4,High Risk,77.9715275329436,26.587803736030803,24.60435513984752,47.900318881661356,43.62414150497995,42.621533378634986
LA-INFR-01249,Industrial Corridor,Maharashtra,26.63,159,284,1,75.92,4,67.53,9.0,29.2,Medium Risk,59.13531615133844,29.669843477567657,21.51010201521316,13.111201776375882,42.19792058909972,33.428942331415755
LA-INFR-01250,Industrial Corridor,Tamil Nadu,36.66,133,312,4,89.94,3,83.08,9.7,24.1,Medium Risk,62.12829446442861,21.414760393622554,14.935928651395237,9.006920915604594,64.74161706615477,33.70344860335206
LA-INFR-01251,Dedicated Freight Corridor,West Bengal,50.0,135,214,2,42.36,3,12.07,3.0,70.9,Critical Risk,59.42180914240293,28.996086976359546,41.75824484514839,58.585740669946595,37.67124960575317,41.95225428613694
LA-INFR-01252,National Highway,Odisha,257.15,141,238,0,51.3,5,43.57,8.5,28.9,Medium Risk,68.04877383464363,38.210991861219945,38.01620759317728,15.991830367976949,25.423766721764544,37.33959377801004
LA-INFR-01253,Industrial Corridor,Uttar Pradesh,930.6,148,233,2,72.6,1,90.27,9.5,14.1,Medium Risk,81.7641729541317,5.052737987180449,23.54746691245001,6.438203086510695,38.889638548360466,33.25417125300798
LA-INFR-01254,Dedicated Freight Corridor,Uttar Pradesh,63.91,153,260,0,23.34,4,44.71,6.5,50.4,High Risk,68.03044297091834,30.35796637667729,55.44656724184294,31.729880301814926,33.12392936666626,43.10016298297719
LA-INFR-01255,Industrial Corridor,West Bengal,164.44,155,153,0,64.59,6,98.72,7.9,26.0,Medium Risk,68.20337707178008,40.52919640998975,28.87379082877527,21.942247843772382,15.21662283768054,37.2046173705324
LA-INFR-01256,National Highway,Tamil Nadu,113.42,146,231,1,23.8,2,59.87,4.3,45.3,High Risk,67.46572342845596,16.373298562771918,56.31451365991492,46.78365618836463,29.9319613835601,38.54445947476917
LA-INFR-01257,Dedicated Freight Corridor,Gujarat,169.4,149,200,0,52.57,5,64.06,9.5,18.8,Medium Risk,70.67931102236214,36.77413868185512,39.88244355327944,7.225737772392913,21.59890316720371,37.58008112272562
LA-INFR-01258,National Highway,Maharashtra,233.2,137,291,1,86.38,5,45.57,7.5,41.4,High Risk,69.90894077625177,37.267351284842356,10.956525265993113,25.64977994829116,41.97008166774937,38.67532797670731
LA-INFR-01259,Industrial Corridor,Uttar Pradesh,167.64,164,152,4,35.84,2,79.4,8.4,30.3,High Risk,72.27440147249324,12.7244160106063,49.631947150255456,15.743855530497045,40.36556971661496,38.65484658532076
LA-INFR-01260,Irrigation Dam & Reservoir,Maharashtra,53.13,158,90,4,63.69,0,35.79,7.7,16.6,Medium Risk,64.75235587683757,6.083984717833891,29.157887004884486,23.303599294673056,27.749058648743272,24.61306863392369
LA-INFR-01261,Industrial Corridor,Odisha,65.02,188,222,0,50.45,2,82.81,5.0,20.4,Medium Risk,62.16654791460443,16.94683786726368,39.10168483678894,42.24010050850225,24.4728028562046,36.27141306330146
LA-INFR-01262,Industrial Corridor,West Bengal,357.96,153,271,3,81.33,5,91.21,5.1,59.7,High Risk,76.45652573035012,32.11950255615926,17.11171578131967,44.99038485241776,52.5196718614169,41.293331023221754
LA-INFR-01263,Dedicated Freight Corridor,Odisha,557.78,154,238,0,66.33,1,38.91,8.0,13.6,Medium Risk,77.35602706104892,9.035801448424156,30.387649150619897,19.91344041148535,27.601432715680893,29.5751798974952
LA-INFR-01264,Irrigation Dam & Reservoir,Odisha,130.48,160,309,3,24.63,2,16.63,9.0,65.9,Critical Risk,67.57690163745434,16.582474844195815,60.36452133151871,8.709156060182309,56.19151538687931,43.09748785628641
LA-INFR-01265,Dedicated Freight Corridor,Bihar,52.89,144,202,1,87.98,2,88.27,8.0,1.0,Low Risk,65.35509605061573,16.102752334354236,12.699735680076845,20.860940503029397,28.16756123156255,26.16506162519109
LA-INFR-01266,Urban Metro Rail,Bihar,268.23,159,200,0,77.39,4,92.83,7.4,14.8,Medium Risk,73.8478195450515,26.43662277316792,22.83593600248068,22.926134632270703,19.61067268601498,31.49603352962828
LA-INFR-01267,National Highway,Tamil Nadu,146.53,142,317,1,61.48,6,47.95,8.5,58.0,High Risk,63.01306740239794,43.53435244758549,31.24783242633476,13.822874351279257,45.63040617494116,39.05245845063431
LA-INFR-01268,Urban Metro Rail,Gujarat,94.07,142,190,3,68.48,3,28.26,4.9,49.5,High Risk,67.51723149445993,25.559564976107346,29.875655534371123,41.46902115162531,41.87004667042863,41.142223445766376
LA-INFR-01269,Industrial Corridor,Gujarat,239.88,152,215,1,78.87,1,98.91,6.2,13.5,Medium Risk,71.07335747682822,6.060049573818636,20.806719335045297,31.394099848490193,31.100850554004218,31.794599618781316
LA-INFR-01270,National Highway,Odisha,320.9,139,242,0,98.48,6,73.33,7.0,33.5,High Risk,74.19366597669125,43.309479928761554,6.456574404995036,29.616062151636275,31.880655442255982,36.08522049880465
LA-INFR-01271,Industrial Corridor,Odisha,192.26,141,269,2,41.63,1,59.1,4.3,46.5,High Risk,71.22518812400477,7.794985954747978,44.20562281678986,51.54053218333294,44.88534896706913,41.80342842286134
LA-INFR-01272,Irrigation Dam & Reservoir,Bihar,146.87,152,198,0,89.26,2,28.76,4.9,28.2,Medium Risk,70.17801775115379,19.594254980478794,12.910194965868847,44.57098121969522,20.04544813624208,33.523097984138126
LA-INFR-01273,Irrigation Dam & Reservoir,Bihar,199.84,177,288,4,25.69,1,86.96,7.9,53.1,High Risk,74.22686742412765,7.219943239997777,60.38347629592686,20.736849906624425,61.53973487196433,43.8872714112615
LA-INFR-01274,Irrigation Dam & Reservoir,Maharashtra,272.99,138,297,3,92.16,1,62.58,4.2,38.6,High Risk,78.73694681626193,12.684067505168471,11.585509661590786,47.81478204718694,54.64535064622059,37.62843425732845
LA-INFR-01275,Industrial Corridor,Odisha,20.0,133,245,0,60.25,3,31.71,4.3,49.5,High Risk,57.643547223927065,25.124502644125872,30.639860003012913,48.786125518416966,29.070945953649936,37.326202563382054
LA-INFR-01276,Irrigation Dam & Reservoir,West Bengal,48.93,141,272,2,63.49,5,42.34,8.6,47.0,High Risk,62.923175450401786,37.40076127734707,27.37735667969233,17.64634169046623,44.012607134659014,36.71685245724648
LA-INFR-01277,Urban Metro Rail,Gujarat,342.92,144,234,2,36.27,3,45.8,8.7,38.2,High Risk,76.08462907040854,26.504980198809683,52.667915263562975,14.292733967109411,34.81749690510339,40.03870556613003
LA-INFR-01278,National Highway,Bihar,436.85,151,266,0,98.62,4,90.84,7.5,12.8,Medium Risk,71.3158909036535,25.650348453265778,2.280487890121486,22.787885473020516,31.063176235390813,31.35481967493771
LA-INFR-01279,Industrial Corridor,Bihar,422.06,154,262,2,60.0,1,41.91,8.2,27.6,Medium Risk,82.27375831672215,13.866792276432603,33.46501793514892,19.243410589226308,45.770898887939545,38.52198663107332
LA-INFR-01280,Irrigation Dam & Reservoir,Bihar,218.83,148,220,4,89.84,5,71.74,7.1,53.8,High Risk,74.08734371635995,37.309280145851524,9.834121226591742,23.134262429175017,48.10399594858093,39.62564732564665
LA-INFR-01281,Dedicated Freight Corridor,Gujarat,65.8,162,195,2,47.16,0,60.66,5.4,22.7,Medium Risk,64.87679665828394,4.22932352761899,45.32987717026275,41.12034256711739,31.16184516395109,34.82815665920521
LA-INFR-01282,Industrial Corridor,Gujarat,487.28,146,299,4,41.73,4,27.71,4.1,75.4,Critical Risk,81.19262777964235,31.51622909009425,47.201040718302096,45.60268252567665,59.19986406975777,51.594147981384374
LA-INFR-01283,Dedicated Freight Corridor,West Bengal,188.49,138,290,0,38.06,2,16.08,6.9,24.0,Medium Risk,73.79258796413215,21.952677713092974,47.24094178288036,30.246888463169363,39.19548696528307,40.36960576711749
LA-INFR-01284,Dedicated Freight Corridor,Uttar Pradesh,50.0,142,242,3,21.31,2,59.02,5.0,53.9,High Risk,63.568990101561866,19.40489067168083,58.51969502667108,44.80147451445704,44.48566869949206,43.69783930362109
LA-INFR-01285,Urban Metro Rail,Uttar Pradesh,147.61,141,166,3,26.72,3,80.54,4.6,35.5,High Risk,69.03942787230163,24.875040539805614,55.21046075331887,46.114592382709816,31.6017134270688,42.97354436067951
LA-INFR-01286,Dedicated Freight Corridor,Maharashtra,278.66,128,268,2,71.02,4,68.9,3.5,63.0,Critical Risk,75.3540296550496,27.40994807909532,27.1408460895708,53.50498507901408,47.89582519585109,42.903609794417264
LA-INFR-01287,Industrial Corridor,West Bengal,116.08,150,327,1,36.99,4,71.01,3.2,70.6,Critical Risk,67.1104382188341,28.41474338145866,46.40480607651309,58.88835698559643,45.97301514222604,45.93786993567166
LA-INFR-01288,Irrigation Dam & Reservoir,Gujarat,145.56,154,260,1,94.33,1,70.23,3.4,23.7,Medium Risk,68.6149015606155,13.727585894485532,10.834481791154055,57.26891785141088,36.01439160847986,32.449574539766886
LA-INFR-01289,Urban Metro Rail,Odisha,89.36,180,258,4,68.67,2,74.7,6.9,39.9,High Risk,67.61802186631215,13.351769947638333,24.977364330366385,32.282967588219364,50.94403336783658,39.33185508312681
LA-INFR-01290,Urban Metro Rail,Maharashtra,295.17,154,281,3,82.63,2,73.07,3.0,46.4,High Risk,81.02840095874721,14.300855696995463,16.510354623392924,61.048631933787036,53.50380327886014,41.702194401373
LA-INFR-01291,Industrial Corridor,Uttar Pradesh,65.24,151,267,2,69.18,2,16.6,6.4,48.6,High Risk,64.0400466675663,20.94994733214716,20.686372950488973,31.681735715091214,42.751722693458504,34.47980424362426
LA-INFR-01292,Dedicated Freight Corridor,Gujarat,636.63,127,186,0,79.25,2,24.91,4.9,15.7,Medium Risk,79.55456316615758,19.410149086270657,18.19645092166941,43.5479839797272,23.31468590903195,34.024063146832816
LA-INFR-01293,Dedicated Freight Corridor,Odisha,531.41,150,253,4,62.5,2,50.18,7.3,43.5,High Risk,78.75764339509443,16.86490188398077,29.86312012129924,26.918507979900614,56.57020958438283,39.44215915948941
LA-INFR-01294,Industrial Corridor,Gujarat,20.0,160,252,1,69.74,0,24.25,7.1,12.2,Medium Risk,56.82399148863939,7.296874234065583,28.352881706369,27.949674210230544,35.56681597905455,27.888604621672055
LA-INFR-01295,Urban Metro Rail,Bihar,32.06,161,188,0,44.7,3,36.6,6.3,34.2,High Risk,63.30230656937124,26.332443478849832,44.67620871710198,33.8225199068871,18.240477509958282,34.25234742700423
LA-INFR-01296,National Highway,Tamil Nadu,27.51,153,283,1,39.28,3,77.51,3.3,59.5,High Risk,52.875691357970666,20.03378453877672,48.88790863761805,55.43350728119619,44.09870655187186,46.92398265745976
LA-INFR-01297,Urban Metro Rail,Uttar Pradesh,382.83,154,265,1,25.23,4,66.05,8.1,49.6,High Risk,77.40589400466779,29.969256072549683,54.655657158413,18.357144298224846,39.81480698722642,44.16968621308967
LA-INFR-01298,Irrigation Dam & Reservoir,Tamil Nadu,320.64,153,229,1,29.28,2,67.48,3.2,50.9,High Risk,75.31038103574328,13.29546539434326,54.37895186882614,59.58046350613786,33.70786629707693,45.24769863373045
LA-INFR-01299,Irrigation Dam & Reservoir,Gujarat,46.35,157,265,0,31.03,1,74.33,8.9,12.2,Medium Risk,61.135585616964484,5.642557574970379,55.9462227134231,10.169271204094645,34.79492296795203,35.43111920702567
LA-INFR-01300,Industrial Corridor,Odisha,202.18,164,330,2,90.98,5,37.82,4.7,75.8,Critical Risk,70.99811826579263,37.430318180474345,12.29751296919131,47.88708721594847,62.30598412289535,46.11718857612916
LA-INFR-01301,National Highway,Gujarat,20.0,144,252,0,42.23,3,91.6,7.8,15.9,Medium Risk,52.730125297111094,20.404534702753853,43.3294093994881,22.397289126735934,32.365263362139714,32.7539090427974
LA-INFR-01302,Industrial Corridor,Bihar,73.28,145,231,4,69.33,7,85.72,7.7,76.2,Critical Risk,69.60701714922514,47.110772149875366,24.675220066216234,25.047850382201506,49.975154686710695,41.58541769125773
LA-INFR-01303,National Highway,Maharashtra,758.08,143,188,1,95.41,2,66.28,7.8,8.8,Low Risk,76.29535898027298,19.996088812797968,7.599610165763051,23.1088546959056,29.542989539957155,29.19899472503917
LA-INFR-01304,Industrial Corridor,Tamil Nadu,80.48,162,266,3,68.46,3,62.01,6.2,53.1,High Risk,68.06456271131049,23.44274291268735,22.352767270422966,34.558563815752834,52.45345993125209,40.51899698734868
LA-INFR-01305,Urban Metro Rail,Uttar Pradesh,55.44,136,235,1,70.51,2,86.33,4.8,18.2,Medium Risk,65.70498784286883,14.047104332808281,27.194998641241106,44.6750992908404,34.80601902452852,33.12601075711828
LA-INFR-01306,Industrial Corridor,Tamil Nadu,322.31,143,269,2,57.16,5,87.51,9.8,35.8,High Risk,75.13404519787832,32.94411113674113,32.30425495233249,3.5646979591380115,45.296713337896136,39.36772559799022
LA-INFR-01307,Urban Metro Rail,Uttar Pradesh,118.17,141,230,4,92.8,3,93.13,5.4,35.3,High Risk,68.63597095228437,19.114731556816796,8.325872539030513,38.90278774769029,49.454028914232396,33.33695223237249
LA-INFR-01308,National Highway,Tamil Nadu,63.13,143,335,2,92.11,3,70.89,7.4,46.3,High Risk,56.96089477080783,22.227200791609953,10.092503937371179,25.634132582600035,56.09724813876654,32.78225230632323
LA-INFR-01309,Irrigation Dam & Reservoir,Maharashtra,113.04,142,292,2,89.4,0,83.28,9.6,1.0,Low Risk,66.22881182672036,5.126105827561961,7.311468877854667,6.151307762401685,51.12207085326759,30.654607223125048
LA-INFR-01310,National Highway,Odisha,625.62,127,184,0,95.71,3,20.73,7.3,6.2,Low Risk,72.2249132896945,27.26966233173387,5.756228555070537,24.25482967472526,19.191755747022828,28.531403226396638
LA-INFR-01311,National Highway,Tamil Nadu,62.96,165,223,4,74.39,2,75.65,3.0,62.5,Critical Risk,56.71529334673553,15.648041684839765,24.821601774866018,62.846045292944034,53.44603703855635,41.49301841792229
LA-INFR-01312,Dedicated Freight Corridor,Gujarat,267.79,142,261,3,52.93,1,76.45,7.9,18.5,Medium Risk,74.1774228444202,7.093894587106867,37.25631252720403,17.619050976205454,52.037730410989774,36.82498215870194
LA-INFR-01313,Urban Metro Rail,Maharashtra,208.11,140,215,2,78.24,0,75.49,5.7,8.0,Low Risk,71.46506423643034,1.9788033032495966,20.581943081327406,38.20181301975536,37.17619529393692,31.201268905082348
LA-INFR-01314,National Highway,Gujarat,194.69,159,243,0,52.61,1,87.91,4.8,20.3,Medium Risk,66.32137799958154,6.680965199824067,38.92193000392871,43.159223952876474,28.93665366938886,29.97648943879228
LA-INFR-01315,National Highway,West Bengal,20.0,129,217,1,76.48,2,93.03,4.4,1.0,Low Risk,48.22659783877405,15.673609300686824,19.35019258326526,43.56936582824264,30.978180683910182,29.521566947392486
LA-INFR-01316,Industrial Corridor,Maharashtra,59.6,139,274,4,57.52,4,78.34,7.7,52.6,High Risk,61.79897448532937,26.017531208659605,37.13649680752769,21.114024983301835,57.79115495397029,41.87496318373025
LA-INFR-01317,Dedicated Freight Corridor,Odisha,167.5,159,229,2,62.23,2,90.13,8.1,1.0,Low Risk,72.32994454114778,14.049084580716686,32.96526205295524,19.013134536523193,37.116638899873095,32.58421374964791
LA-INFR-01318,Industrial Corridor,Maharashtra,91.96,156,238,2,41.32,4,83.93,7.3,57.0,High Risk,69.71634192456214,24.864514307013877,45.90255241955332,25.61602053420289,40.378943192761035,42.717014887548764
LA-INFR-01319,Irrigation Dam & Reservoir,Bihar,25.0,152,219,1,40.92,4,88.22,3.0,59.7,High Risk,54.270336753482056,25.827559791520574,48.08732939478905,57.47816916046786,29.194409958982956,41.95212037384273
LA-INFR-01320,Dedicated Freight Corridor,Odisha,1244.73,160,242,0,53.51,3,50.54,8.3,26.6,Medium Risk,83.58863127240163,25.00903085992071,35.09993123528148,14.7710942135874,30.22018799808734,36.00324454950184
LA-INFR-01321,National Highway,Uttar Pradesh,192.84,164,222,2,46.05,3,48.09,6.8,50.6,High Risk,66.600176816042,23.469122361965905,43.213357279942606,30.32203350136784,37.23788616163305,37.39732055501716
LA-INFR-01322,Urban Metro Rail,Odisha,422.27,164,192,4,22.43,4,71.43,3.7,73.8,Critical Risk,77.45036509725168,28.079442921444848,58.161895537660016,54.329555385941774,46.264286657721016,48.570219615406195
LA-INFR-01323,Irrigation Dam & Reservoir,Maharashtra,34.89,155,170,1,52.44,2,83.87,5.6,1.0,Low Risk,58.94868592299128,18.35343843493063,36.45818746236112,40.179927743557556,27.527195442907196,34.375118727519144
LA-INFR-01324,National Highway,Bihar,547.48,145,319,0,75.98,4,79.73,8.8,31.5,High Risk,76.62215997241559,30.415655609777772,19.18366103284137,11.6713259561167,39.70332547771532,35.81512097817929
LA-INFR-01325,National Highway,Maharashtra,20.0,149,209,0,45.79,4,31.19,9.7,26.8,Medium Risk,55.122688841111966,32.57455168408479,44.5863404165928,7.811162906554675,25.1962494193511,32.44536948607708
LA-INFR-01326,Industrial Corridor,Bihar,977.79,135,226,3,32.03,6,39.85,8.3,66.7,Critical Risk,84.54123107844411,40.91526853133247,51.74030043917037,20.51575455523881,43.48300421077528,50.69016544153997
LA-INFR-01327,Irrigation Dam & Reservoir,Tamil Nadu,81.56,153,251,0,83.82,4,69.28,6.5,28.5,Medium Risk,63.89219887386735,30.240404259828075,13.052990876885335,33.86013528154481,29.307142871611603,33.22008211415709
LA-INFR-01328,Dedicated Freight Corridor,Gujarat,1314.72,152,259,2,98.59,5,64.7,5.4,60.0,Critical Risk,92.97524169092945,34.83409045080069,3.631183599273288,40.83786776774332,47.804573676128626,45.3247679552263
LA-INFR-01329,Dedicated Freight Corridor,Gujarat,244.09,161,277,0,85.31,1,12.29,3.7,46.1,High Risk,76.48956208059693,19.400330169817714,14.993966194747554,53.11655923165827,38.28345550278528,37.919589609269
LA-INFR-01330,Dedicated Freight Corridor,Maharashtra,183.14,170,284,2,38.73,3,93.44,8.9,44.9,High Risk,73.66850341021825,22.324292430904286,48.519893514902975,11.095466835961792,47.814154847849636,41.3385882454269
LA-INFR-01331,National Highway,Maharashtra,282.17,163,277,1,39.37,2,32.99,7.7,39.7,High Risk,66.51384730510235,17.225297115585235,45.54869241622576,19.744942145746545,39.50977908521056,38.304655550897664
LA-INFR-01332,Dedicated Freight Corridor,Gujarat,151.98,152,301,3,56.08,2,65.08,4.4,59.3,High Risk,72.08820523199749,16.5958052277011,32.617127279909255,48.51586202310905,54.91886834945986,45.45832012801573
LA-INFR-01333,Irrigation Dam & Reservoir,Odisha,285.74,158,245,1,80.7,1,81.64,3.1,31.2,High Risk,76.29834413270508,10.874522823033999,17.070856407827037,58.85964679600975,35.14929262418949,35.471702076892825
LA-INFR-01334,Urban Metro Rail,Maharashtra,168.48,151,199,1,96.45,5,93.06,5.2,32.2,High Risk,68.86692234383179,34.55884245616317,5.7172761574960065,42.473805006119946,24.234415788870297,33.77080828067342
LA-INFR-01335,National Highway,Uttar Pradesh,297.98,143,269,2,94.35,2,63.67,6.8,30.8,High Risk,70.29284495781486,15.441293684807858,8.768588630390198,31.97110393684492,47.348262688016945,35.23606552242421
LA-INFR-01336,National Highway,West Bengal,214.07,151,166,1,56.4,3,68.95,7.9,17.1,Medium Risk,70.99424213139206,21.73425773468952,35.30657315504735,22.391782916379693,21.381165770778125,33.12432951088823
LA-INFR-01337,Industrial Corridor,Uttar Pradesh,22.74,139,273,4,47.11,3,84.34,5.8,54.0,High Risk,59.65961405701032,21.416662805546594,39.996577189672664,36.67009151079462,57.523827701973666,43.02312507478889
LA-INFR-01338,National Highway,Maharashtra,509.94,158,246,3,65.7,3,40.32,4.8,50.3,High Risk,77.9033819108709,24.76913209634664,31.340024949201997,43.44288846563298,49.28091282465135,41.17339421006412
LA-INFR-01339,Urban Metro Rail,Bihar,241.35,164,239,0,26.2,4,41.04,3.9,65.3,Critical Risk,76.87144711754462,28.407255683772682,59.44003336312825,51.72536441013588,29.27652138224471,47.94068556825674
LA-INFR-01340,National Highway,Gujarat,599.86,139,256,1,32.59,3,79.39,8.3,24.6,Medium Risk,73.36108320817698,20.3883464873898,52.89357660264227,20.58397072050262,34.471524988325434,37.15643609537238
LA-INFR-01341,Urban Metro Rail,Tamil Nadu,421.62,184,221,4,34.26,4,20.5,7.8,73.8,Critical Risk,81.70335701848389,31.3079717831109,53.57761274203141,23.623500291788737,49.690936541053645,47.64627746293192
LA-INFR-01342,Urban Metro Rail,Odisha,146.59,161,124,4,67.98,2,89.0,3.6,42.2,High Risk,70.00304316806351,11.609472667350506,25.117473896570132,54.125386925658916,35.09262964822419,38.815965743354596
LA-INFR-01343,Dedicated Freight Corridor,Maharashtra,152.33,151,281,4,32.28,3,89.16,9.6,47.4,High Risk,65.48258995963171,24.153586728174336,51.11751944525369,3.9862819555681623,58.83500881909219,40.61224591225004
LA-INFR-01344,Industrial Corridor,Bihar,20.0,161,283,3,50.71,5,22.59,3.2,76.0,Critical Risk,57.80742421817209,34.00424727642107,37.73624733920422,57.8977743230922,51.595588050938105,48.23854109645248
LA-INFR-01345,Dedicated Freight Corridor,Uttar Pradesh,287.96,146,244,1,21.14,3,61.4,6.4,52.7,High Risk,76.12732981561417,21.19153569380142,61.28916690597439,31.26174413420143,35.089825221827454,43.986361482671334
LA-INFR-01346,Irrigation Dam & Reservoir,West Bengal,123.89,148,277,0,85.94,2,39.17,6.0,22.7,Medium Risk,71.10795503091687,19.9196213095896,9.385105556502413,36.715224586710576,35.16825327765359,32.70746057903693
LA-INFR-01347,Industrial Corridor,West Bengal,260.19,131,320,0,88.27,2,13.16,6.1,18.7,Medium Risk,73.44948477330064,19.760962858692327,16.825690545391193,37.26505944246019,44.62907284793752,34.9339712375318
LA-INFR-01348,Industrial Corridor,Odisha,263.38,170,196,1,30.44,1,64.43,9.1,8.0,Low Risk,74.27995084002971,9.673067584733902,51.79343397780504,12.703176731624142,30.310773275562546,34.1252703830441
LA-INFR-01349,Industrial Corridor,Maharashtra,20.0,145,216,2,96.78,5,57.41,7.3,27.8,Medium Risk,57.274729185965114,35.651351973454624,5.619099301075879,22.32112065586896,37.652651556764276,33.21419113289752
LA-INFR-01350,Dedicated Freight Corridor,Tamil Nadu,150.81,162,213,0,78.76,1,24.92,6.4,16.7,Medium Risk,70.88532202391141,13.944609324266272,19.221777979158524,31.61484814964398,27.77437045607499,32.52019801589152
LA-INFR-01351,Dedicated Freight Corridor,Uttar Pradesh,118.1,149,299,3,88.8,3,17.43,6.2,58.5,High Risk,69.78860603951904,32.03927381623374,12.281849350912669,33.50904486226478,53.346089449087636,39.157151959573774
LA-INFR-01352,Irrigation Dam & Reservoir,Gujarat,687.79,145,220,2,97.29,2,33.0,5.4,26.8,Medium Risk,81.85659412564485,17.70148060959715,4.032231818677629,41.4474686847396,36.01904664724473,33.98453101902383
LA-INFR-01353,Dedicated Freight Corridor,West Bengal,50.0,144,207,2,73.53,4,39.6,3.4,52.6,High Risk,60.07253108507245,30.89519257635228,23.780705138451754,53.420854999595896,38.12776393010305,41.082976809585034
LA-INFR-01354,Irrigation Dam & Reservoir,Uttar Pradesh,25.0,164,217,1,87.15,5,95.63,7.6,34.3,High Risk,54.434440265727496,33.433424800897896,11.925905729585896,22.770791350618968,31.542783180499942,25.653702456502607
LA-INFR-01355,Irrigation Dam & Reservoir,Uttar Pradesh,25.0,152,137,2,68.77,3,48.19,6.8,9.3,Low Risk,61.56032339263375,22.446731753096824,28.080990166330658,35.15400495243253,24.518446336702695,32.573347903688045
LA-INFR-01356,National Highway,West Bengal,49.86,163,214,1,81.23,2,26.96,8.9,14.0,Medium Risk,58.653391491083106,18.40586397356639,16.682391392771724,13.245617968816589,32.35538890768515,25.952518962909167
LA-INFR-01357,Irrigation Dam & Reservoir,West Bengal,25.0,136,261,0,54.81,1,74.49,10.0,15.1,Medium Risk,57.48092226416632,10.493321314124907,35.17327895157789,9.10641760103654,33.98086863741608,27.915026474712683
LA-INFR-01358,Industrial Corridor,Maharashtra,101.01,169,213,1,34.64,1,62.89,6.6,17.3,Medium Risk,66.55490207915807,13.031457849370426,51.14242184163081,31.797048865263633,26.4045336359944,34.96995348909144
LA-INFR-01359,National Highway,Tamil Nadu,151.42,146,273,1,55.39,0,46.73,7.1,16.2,Medium Risk,62.85166706515275,3.275054034254276,33.42628889470277,24.545562003207287,36.63277817492943,32.09865777584816
LA-INFR-01360,National Highway,Odisha,132.97,153,326,2,47.75,1,70.62,5.3,48.7,High Risk,68.44520249257376,11.50963082106782,36.802235384514844,40.31900606351231,52.57137959442842,37.024892205458876
LA-INFR-01361,National Highway,Tamil Nadu,433.14,168,281,3,29.34,1,39.18,8.5,32.5,High Risk,72.37525951164343,10.667731679914333,56.4863771163354,15.586312085161875,54.766530932347294,41.96972365821037
LA-INFR-01362,Urban Metro Rail,Bihar,301.21,138,372,3,70.81,2,19.09,4.2,59.2,High Risk,77.01888714244096,18.1048591761392,22.35925672813188,50.72068088903168,68.57289742740905,46.45670799984729
LA-INFR-01363,Dedicated Freight Corridor,West Bengal,50.0,150,251,4,38.37,5,41.93,3.7,81.8,Critical Risk,62.67759187355246,36.36255058230334,45.53922687072044,57.36742297391744,54.36136296082917,52.666226295842016
LA-INFR-01364,National Highway,Odisha,310.28,149,203,1,47.63,0,56.28,7.5,1.0,Low Risk,68.59468510083812,5.00990547808981,42.26588176570597,22.098805260359292,28.302776508880502,30.701235268273035
LA-INFR-01365,National Highway,Uttar Pradesh,520.45,142,224,3,20.01,3,89.77,9.2,32.1,High Risk,70.25904471192736,19.92995830917579,61.45757673506955,5.080404630851646,45.72450724111105,39.96694679314475
LA-INFR-01366,Industrial Corridor,Uttar Pradesh,330.77,145,229,4,39.5,3,52.03,4.7,67.8,Critical Risk,76.16326580451204,21.07576969767288,48.1289286416635,45.616349306580034,53.218135905534325,49.472725161756664
LA-INFR-01367,Industrial Corridor,Maharashtra,81.89,142,268,4,90.96,5,24.4,8.0,59.0,High Risk,66.85106409615891,38.81011920354539,8.63816206670916,19.09698415085007,56.970540194086006,41.939259039569166
LA-INFR-01368,Industrial Corridor,Odisha,184.48,142,247,2,36.87,4,57.53,5.2,67.0,Critical Risk,72.10064601829059,31.60289400045574,47.29157889639266,44.96180085186154,45.014306939310764,47.86594213205774
LA-INFR-01369,Urban Metro Rail,Uttar Pradesh,79.7,149,249,0,79.77,2,42.11,6.7,13.1,Medium Risk,67.27609154627832,15.953901475616018,16.941915719273567,30.16820632302666,34.489486688042305,34.14995224391014
LA-INFR-01370,National Highway,Gujarat,161.49,160,176,3,28.68,5,37.44,7.3,54.3,High Risk,63.08460924559287,35.982829466099055,56.32883395936891,24.60819787302797,35.70813488935716,40.83677619149032
LA-INFR-01371,Irrigation Dam & Reservoir,Uttar Pradesh,431.65,162,242,4,57.68,1,82.71,5.1,47.8,High Risk,81.62089262148257,11.950032865234512,34.703797349066846,46.09510491085702,52.323213340128895,39.193990503205995
LA-INFR-01372,Industrial Corridor,Uttar Pradesh,20.0,169,295,2,53.07,5,81.87,5.7,69.1,Critical Risk,58.824406691022084,34.2311698093784,40.70406299731628,42.546250920250884,47.35627159128084,44.430533860153176
LA-INFR-01373,Industrial Corridor,West Bengal,93.27,148,254,4,76.05,1,39.97,8.0,18.0,Medium Risk,68.15848756969575,11.735280397349387,24.920960387485728,19.91954126045456,54.51831207145589,36.77775533445902
LA-INFR-01374,National Highway,West Bengal,343.76,153,231,4,68.52,2,35.55,9.8,28.6,Medium Risk,70.86495347724204,19.16076034982137,25.816837241889832,4.424733169467073,49.84634211211255,31.763317941528374
LA-INFR-01375,Irrigation Dam & Reservoir,West Bengal,43.66,134,298,4,44.07,2,61.38,5.1,59.5,High Risk,58.420118836749296,16.77828966507345,41.85820730268304,42.846884848833525,61.614139360864684,41.233993329044154
LA-INFR-01376,Industrial Corridor,Maharashtra,113.3,148,234,0,70.32,3,12.73,8.4,27.1,Medium Risk,70.49646323214469,24.042182260214602,25.01519409532185,16.068522944744068,27.975082902640175,29.869995339940488
LA-INFR-01377,Irrigation Dam & Reservoir,Uttar Pradesh,528.6,141,189,1,95.46,3,41.75,4.6,24.4,Medium Risk,80.86055829466709,25.977918931134777,8.259285839403944,48.22558017509006,28.512370992450972,35.05866296435508
LA-INFR-01378,National Highway,Maharashtra,121.57,175,313,2,66.55,5,28.7,8.0,74.9,Critical Risk,63.43420914459516,40.916358961753765,29.231982957958266,19.053590311875624,53.84068237469003,42.4365633479145
LA-INFR-01379,Irrigation Dam & Reservoir,Uttar Pradesh,279.67,147,246,2,31.8,4,58.72,9.0,47.5,High Risk,74.90327619777825,29.74205303073923,55.30274187071241,11.961652035315195,42.018629031265974,41.40313764926577
LA-INFR-01380,Irrigation Dam & Reservoir,Uttar Pradesh,25.0,181,207,0,66.18,3,61.05,4.1,40.5,High Risk,59.613681043630585,19.860620906378085,27.275319880749706,54.44141309567282,21.980990125729164,35.31789263724954
LA-INFR-01381,National Highway,Tamil Nadu,157.79,168,249,1,90.48,3,45.15,4.9,54.8,High Risk,66.6133410908179,23.847198507554243,11.801999024375618,43.47314899880474,35.519315088986424,36.52323369544832
LA-INFR-01382,Industrial Corridor,Tamil Nadu,70.51,137,200,4,53.94,4,79.98,5.6,58.8,High Risk,63.348642953746385,27.01564150612483,38.923337927262565,38.43076392728657,46.31114794259889,37.469526701503725
LA-INFR-01383,Industrial Corridor,Gujarat,289.82,154,226,2,44.28,1,67.04,9.8,8.2,Low Risk,76.59918566921219,6.6859434854841115,44.82528087803199,3.561718417382397,35.901777358814066,33.91341639614747
LA-INFR-01384,Industrial Corridor,Tamil Nadu,181.75,128,185,1,45.2,4,28.85,8.1,28.9,Medium Risk,74.1338144159148,33.11693607481453,43.25056425809159,18.979777705967045,24.31850504821101,37.887588269359924
LA-INFR-01385,Industrial Corridor,Maharashtra,20.0,162,216,1,20.92,4,22.48,9.5,40.5,High Risk,57.404474224750544,31.458551100337075,59.99847171013095,8.571988266612186,28.9257333460992,38.090812550051965
LA-INFR-01386,Dedicated Freight Corridor,Maharashtra,264.96,167,181,1,28.94,2,39.23,5.1,34.5,High Risk,71.87953551568215,18.92367733756539,54.79436043755068,43.22774656735598,25.78680131546229,39.096235014999564
LA-INFR-01387,Industrial Corridor,Uttar Pradesh,134.99,167,271,4,86.18,4,74.54,3.3,60.2,Critical Risk,71.7604031162345,26.535051810473938,15.27369378763655,59.17374619240298,60.752940170499116,43.68169426534823
LA-INFR-01388,Industrial Corridor,Gujarat,334.22,156,173,4,67.74,1,12.42,5.8,36.7,High Risk,74.77643128458394,11.38599909746588,26.126029913000465,37.04682889123158,46.16100876509154,36.18408675162938
LA-INFR-01389,Irrigation Dam & Reservoir,Maharashtra,52.52,169,247,3,93.05,1,52.0,7.5,19.6,Medium Risk,64.99327511501603,10.45650055373604,6.814851825366093,23.647764154640768,50.00173817111551,32.38885497737287
LA-INFR-01390,Urban Metro Rail,Odisha,413.92,161,86,3,50.81,1,21.89,4.8,34.0,High Risk,81.05471021769993,12.155940889287686,40.516101827954216,47.23080253715896,26.315017109513015,38.377347495371005
LA-INFR-01391,Dedicated Freight Corridor,Tamil Nadu,150.62,137,280,0,99.86,5,18.7,6.0,46.4,High Risk,68.15123435820165,38.98432775109009,5.006822517629655,37.59749860346666,35.14570912844607,38.29246276288151
LA-INFR-01392,Urban Metro Rail,Tamil Nadu,74.92,169,224,3,87.95,3,56.63,5.1,48.5,High Risk,66.66766712761772,25.186398181988068,13.59837635894663,43.60838267363046,45.11820302270765,38.652779004351
LA-INFR-01393,Urban Metro Rail,Maharashtra,98.27,154,227,3,26.01,4,78.99,10.0,51.5,High Risk,70.33179845768335,25.49024439492453,56.41286868494053,5.242074354732901,41.23304612967959,39.51891335336044
LA-INFR-01394,Irrigation Dam & Reservoir,Uttar Pradesh,32.47,168,250,3,65.3,4,66.39,3.2,67.5,Critical Risk,57.34618711702559,28.969810341761228,28.662898116918313,58.887772541661086,48.844753691079205,44.38453568339878
LA-INFR-01395,Urban Metro Rail,Uttar Pradesh,512.32,145,163,2,43.71,1,17.71,8.9,10.7,Low Risk,79.8153148241542,12.830539208971588,44.5574517185279,14.003928722678648,29.307628825822327,34.481321640130815
LA-INFR-01396,National Highway,Odisha,131.29,172,178,3,50.12,1,41.35,3.6,47.8,High Risk,65.81193532070563,5.021704752401576,42.22605537031848,53.824688944116474,35.888876933491865,37.55275457954041
LA-INFR-01397,Industrial Corridor,Uttar Pradesh,125.65,141,255,4,89.12,1,31.1,7.6,32.3,High Risk,69.47133546757833,10.561742787800496,11.986750760040877,22.580688242082438,53.52226256500526,32.93757330818844
LA-INFR-01398,Industrial Corridor,Uttar Pradesh,224.64,142,247,1,82.78,4,77.88,7.2,17.9,Medium Risk,72.25642023995896,26.349600199448467,19.16085721383303,27.956332459482734,34.40771927434919,37.58874783587471
LA-INFR-01399,Urban Metro Rail,Odisha,193.18,144,251,3,61.48,1,28.37,9.8,18.8,Medium Risk,71.91619355725088,9.237964169517301,32.9683174033246,4.756696419698547,43.22159787493182,32.197160700775086
LA-INFR-01400,Urban Metro Rail,Bihar,107.27,170,248,4,43.39,5,33.47,3.9,68.9,Critical Risk,68.69650860014707,36.23137910565889,44.937596865793246,52.8558339905862,59.1380739730132,55.91214707396179
LA-INFR-01401,Dedicated Freight Corridor,Bihar,482.12,131,289,2,40.34,3,78.36,9.2,23.6,Medium Risk,76.84624794191696,23.946161188896895,48.1187156318166,6.736651104006633,49.261176199152665,44.31081177410319
LA-INFR-01402,Urban Metro Rail,Odisha,378.44,157,220,2,83.27,5,91.02,6.5,49.1,High Risk,74.33163708794831,31.780200989898134,15.04726182981695,34.21533478351337,38.16572064713731,34.54828689604281
LA-INFR-01403,Irrigation Dam & Reservoir,Tamil Nadu,63.7,161,183,0,95.27,3,66.72,5.3,15.7,Medium Risk,66.91164629358072,21.344031873544097,4.7965266729744425,43.44721442598723,19.31313233258803,29.852193995462798
LA-INFR-01404,Irrigation Dam & Reservoir,Odisha,260.08,147,196,1,41.27,2,54.85,10.0,4.6,Low Risk,73.56082553628673,12.901630167961185,45.079761381098265,3.0237042341934597,30.7827066198575,35.453108154002145
LA-INFR-01405,Industrial Corridor,Uttar Pradesh,26.04,146,211,0,66.67,4,28.31,8.3,14.9,Medium Risk,59.20706581753484,26.602132374936527,27.001548165646746,17.63294011711285,27.809749941344617,32.299171004717614
LA-INFR-01406,Irrigation Dam & Reservoir,Gujarat,42.08,158,247,2,72.78,4,34.27,6.6,44.1,High Risk,60.3022583085713,29.62750626037136,27.07893620140834,27.512798691580652,42.07475159992898,38.730793766305545
LA-INFR-01407,Industrial Corridor,Odisha,159.64,156,217,2,59.68,3,51.31,5.0,53.3,High Risk,72.25633494278362,24.629771486101458,32.03183058614394,43.16380685013081,34.38015503108371,40.515071939670854
LA-INFR-01408,Industrial Corridor,Bihar,126.88,148,264,4,67.59,4,86.19,9.2,38.3,High Risk,68.1305958919374,28.42888124833543,28.640802813922942,10.444834580817249,57.58582593644581,41.21557634361355
LA-INFR-01409,Irrigation Dam & Reservoir,Gujarat,288.46,144,305,0,79.27,3,71.19,8.9,21.1,Medium Risk,74.68773499537276,21.39772068804034,16.368786906897554,17.02580204567372,39.564492301401174,35.156450373089065
LA-INFR-01410,National Highway,Uttar Pradesh,139.74,149,219,4,91.01,2,66.36,6.8,23.2,Medium Risk,64.32472576867337,16.612592944089826,10.2518190905913,30.770935134022537,47.94671844364656,32.164379254531816
LA-INFR-01411,Dedicated Freight Corridor,Uttar Pradesh,50.0,149,260,0,69.94,2,96.3,3.5,26.8,Medium Risk,64.16156036493015,15.355819713603811,28.1642155756923,58.71478830958001,34.31963186809529,35.83890054532966
LA-INFR-01412,Industrial Corridor,West Bengal,20.0,137,261,3,71.43,5,48.85,9.6,45.1,High Risk,52.26330559229485,34.16028259261923,24.43558799190181,6.3641768851555645,48.95452923701284,32.7933735724444
LA-INFR-01413,Industrial Corridor,West Bengal,47.31,116,227,4,89.67,6,44.76,9.0,59.8,High Risk,64.04582882951928,44.41220032099174,8.954695868675739,10.510434578295301,52.80855826306189,37.694115145298724
LA-INFR-01414,Industrial Corridor,Odisha,20.0,161,196,0,75.65,4,89.63,9.3,18.0,Medium Risk,56.311569316666095,26.485191975110947,22.467873622396144,10.394514675109697,21.558333359401825,28.608731505753635
LA-INFR-01415,Irrigation Dam & Reservoir,Bihar,490.02,162,255,3,96.05,4,41.47,5.9,56.9,High Risk,80.17504094741047,27.63738483790872,5.757934606843923,35.98566400200493,47.580826860426804,40.78904683027953
LA-INFR-01416,Industrial Corridor,Odisha,20.0,155,176,3,92.09,4,94.81,3.8,46.9,High Risk,53.513910384738026,25.66436022091211,8.14409389248848,52.8621847607214,36.54741999502746,29.634653166813404
LA-INFR-01417,Urban Metro Rail,Tamil Nadu,86.21,155,232,0,82.78,3,12.42,6.4,37.0,High Risk,66.20487854978968,21.955172976296428,14.219839840860805,32.63582014283629,27.400068517878335,32.40493560854821
LA-INFR-01418,Dedicated Freight Corridor,Tamil Nadu,191.04,120,161,2,20.97,3,65.92,9.6,22.7,Medium Risk,68.72990377569448,19.752255550560466,62.21153121557454,4.768642798369944,29.140052827398787,37.46106488514205
LA-INFR-01419,Irrigation Dam & Reservoir,Maharashtra,33.42,153,380,0,79.58,2,42.92,6.1,48.0,High Risk,60.636138207175726,18.694595693190927,19.626146302774586,36.56355834856408,50.83914128852431,35.36894196315119
LA-INFR-01420,National Highway,Odisha,20.0,147,187,1,86.32,3,46.18,5.7,23.5,Medium Risk,50.232023282501245,25.7501910493954,13.27875744483827,40.56185483953079,28.180446627915657,31.611997775024175
LA-INFR-01421,Industrial Corridor,Maharashtra,22.88,131,224,4,66.66,3,33.03,3.3,65.3,Critical Risk,58.25884611849341,20.769595962270387,26.87193099729441,57.94502261056173,49.52894099735983,39.57305104154337
LA-INFR-01422,National Highway,West Bengal,37.54,158,308,1,35.86,4,29.01,5.9,69.9,Critical Risk,56.96296854476857,30.137071887561326,51.21608331237056,35.78389540327359,44.85636134341586,40.01696400797968
LA-INFR-01423,Industrial Corridor,Uttar Pradesh,252.08,153,113,0,42.76,4,69.26,9.4,9.8,Low Risk,71.2698128739544,25.00684980365657,42.41233007189282,8.763933674598276,8.753121831160643,28.953281187888777
LA-INFR-01424,National Highway,Odisha,43.98,152,277,1,86.25,2,62.61,9.8,22.5,Medium Risk,57.4732243414432,16.287159797791517,15.37486641707219,4.366150675561503,42.436358895795784,28.910922739802846
LA-INFR-01425,Industrial Corridor,West Bengal,458.23,163,245,1,29.69,4,57.47,6.9,59.3,High Risk,76.5264374693514,26.96082226005649,53.86382469315714,29.99812472132436,38.19864673134747,42.58770754994029
LA-INFR-01426,National Highway,Uttar Pradesh,88.86,148,233,2,78.27,7,54.49,5.6,71.9,Critical Risk,61.40450864980894,49.644851121315966,18.051480994096224,35.90623983630845,39.10962887712409,42.67411420587364
LA-INFR-01427,National Highway,Uttar Pradesh,397.63,157,337,0,21.65,2,20.42,6.6,48.7,High Risk,71.72237105821591,20.59857536704057,61.622911172590804,34.74455644871735,44.04767423815687,42.95579840079328
LA-INFR-01428,Industrial Corridor,Gujarat,445.26,136,198,1,77.87,4,80.85,5.7,30.5,High Risk,72.45295592546086,29.884247594215235,23.12251054056089,36.834532231138496,30.480234672694923,38.423662074592116
LA-INFR-01429,Urban Metro Rail,Uttar Pradesh,59.26,137,227,3,22.0,0,43.27,9.5,13.0,Medium Risk,64.30809121746528,3.7783402734857905,57.18440275617954,10.118602806741738,43.634779647514875,35.505915396678056
LA-INFR-01430,Urban Metro Rail,Odisha,179.51,133,253,0,43.69,3,35.71,9.5,18.6,Medium Risk,71.08160538696717,23.771673610170954,45.029687616942596,5.193502340041308,31.10166344105323,36.46838964011566
LA-INFR-01431,Irrigation Dam & Reservoir,Odisha,40.01,155,353,1,91.22,2,99.87,9.9,11.6,Low Risk,64.16419954044605,12.87300299753907,9.53086761290303,3.816532868595759,51.382377589191066,30.671951910193055
LA-INFR-01432,Dedicated Freight Corridor,Odisha,360.8,162,245,3,39.44,1,79.7,5.2,40.3,High Risk,74.0388244296477,9.434313875743955,45.61605869104713,39.54587681254757,48.622694231132996,42.15102158915478
LA-INFR-01433,Urban Metro Rail,Bihar,477.23,161,286,1,75.82,1,48.39,4.6,31.0,High Risk,80.07036688589221,7.765604409108763,18.611065293990052,46.81623453767976,43.41228013231513,39.2636397761612
LA-INFR-01434,National Highway,Bihar,380.88,176,245,4,86.0,2,97.49,9.2,28.4,Medium Risk,73.64970623816176,15.898782278438443,17.491309906164442,11.412082902544237,51.32502108211825,36.06897466096771
LA-INFR-01435,Urban Metro Rail,Odisha,203.22,155,309,2,82.44,5,57.22,6.4,64.8,Critical Risk,71.95466789064915,35.22261091666701,13.172668848615276,31.637239685412926,54.62413779060024,41.04591241151423
LA-INFR-01436,Industrial Corridor,West Bengal,183.1,163,240,3,64.88,4,21.06,8.1,53.6,High Risk,69.00324423754255,32.321110039922026,32.840458159415405,19.945063589336996,48.34806193360031,41.73078583613217
LA-INFR-01437,Dedicated Freight Corridor,Maharashtra,170.92,155,245,3,40.25,4,90.53,5.1,67.6,Critical Risk,71.22916902645738,24.126346468707247,50.336889482262315,42.37990022735699,49.938081698319074,47.45252481594467
LA-INFR-01438,Irrigation Dam & Reservoir,Tamil Nadu,67.64,142,212,4,44.06,5,15.73,9.1,61.9,Critical Risk,63.0952408724265,38.58255232334199,43.220593123575455,10.27662084295424,50.07481438587052,41.607897058666374
LA-INFR-01439,Irrigation Dam & Reservoir,Tamil Nadu,226.93,146,243,3,58.48,4,45.99,3.6,68.4,Critical Risk,72.42065197299017,29.14929636344357,35.35547076011672,49.93632462322414,48.79186973569139,45.005759508185314
LA-INFR-01440,National Highway,Bihar,179.95,145,221,3,78.18,1,93.48,7.6,16.0,Medium Risk,61.03445063432437,9.621012563105893,18.12990345168581,23.547916500298804,46.325867987094014,31.18549703266861
LA-INFR-01441,National Highway,Uttar Pradesh,58.11,166,206,2,85.55,5,35.2,7.3,48.1,High Risk,62.197401127658225,36.149847439219855,18.253677923472228,25.75178348193748,33.277803824546446,34.471848514017495
LA-INFR-01442,Urban Metro Rail,Odisha,73.13,164,348,0,36.57,2,53.7,9.9,10.0,Low Risk,63.33449419538802,17.789968806856066,51.052628475421635,6.881672857970685,45.3556181470984,35.91625667730654
LA-INFR-01443,Urban Metro Rail,Odisha,20.46,146,224,4,59.69,4,54.91,5.6,57.9,High Risk,57.44098497282183,29.676117593390764,32.07890839444556,40.38951410841949,50.44697171054,39.227657646853245
LA-INFR-01444,Irrigation Dam & Reservoir,Tamil Nadu,206.5,146,270,3,81.34,3,85.43,8.2,22.4,Medium Risk,76.61573586961774,19.838400437527994,17.60285128912522,20.066028033659446,49.20624880764743,36.4855995829761
LA-INFR-01445,Industrial Corridor,Bihar,291.08,147,265,0,41.72,2,65.18,9.6,1.4,Low Risk,73.61010230169282,14.883915888923845,45.38304150798114,8.29510981777085,32.30581250561327,36.595233581630424
LA-INFR-01446,Dedicated Freight Corridor,Bihar,150.52,139,248,4,43.71,4,54.97,3.5,70.0,Critical Risk,68.78771963779016,29.96348449146655,42.84818987210109,54.82479394592825,55.59821657251519,46.116863176231625
LA-INFR-01447,National Highway,Gujarat,264.56,162,176,3,53.47,4,34.55,4.0,61.9,Critical Risk,67.38740182890683,30.703406060708904,35.94861354660177,55.39969159352225,38.134898932936004,39.8128779231662
LA-INFR-01448,National Highway,Tamil Nadu,80.94,162,197,3,95.06,5,33.87,5.4,61.6,Critical Risk,64.14425687174652,40.40927534382732,5.7266194797899095,39.825838026584485,41.421186703296954,36.72475080252949
LA-INFR-01449,Industrial Corridor,Odisha,167.12,156,283,0,75.64,3,64.87,5.3,34.4,High Risk,68.54700844164203,21.546007194309095,21.882242574183437,41.18087249913754,34.81852766062275,34.51819293465201
LA-INFR-01450,National Highway,Bihar,315.45,167,202,4,69.1,0,31.71,3.4,36.4,High Risk,75.32465611499461,2.116294035108086,26.290383676621598,56.419457744507135,43.61442794688704,40.445671063624054
LA-INFR-01451,Urban Metro Rail,Odisha,411.3,146,150,3,44.62,1,62.38,7.3,13.4,Medium Risk,77.57078919878714,10.525627018496982,42.3211547954419,24.950095977701846,32.14127679258601,34.40395324908706
LA-INFR-01452,Dedicated Freight Corridor,Maharashtra,338.48,128,304,2,63.53,4,90.95,6.6,41.5,High Risk,73.69493789904878,28.067445421139894,28.45320128368849,31.156345834863664,47.829256763762885,40.04900386611204
LA-INFR-01453,Industrial Corridor,Uttar Pradesh,713.28,133,181,0,72.67,2,98.24,9.5,2.5,Low Risk,82.73500566379596,14.110997627743998,23.72958974900946,8.712189688146042,20.128240467316928,28.770887219422693
LA-INFR-01454,Urban Metro Rail,Gujarat,20.45,159,227,1,83.08,4,68.89,9.7,9.3,Low Risk,55.01341517446175,31.254086991664057,17.229514999830975,7.27365014147904,31.12025904697651,30.874332189850985
LA-INFR-01455,Urban Metro Rail,Odisha,72.01,168,224,1,54.53,3,61.1,8.2,25.3,Medium Risk,64.08295648759884,24.738344792037758,38.645640811224006,18.19263637102814,30.324306890939216,33.43819271784567
LA-INFR-01456,National Highway,Tamil Nadu,71.46,167,182,1,55.4,4,83.58,8.1,23.3,Medium Risk,61.62704895909132,30.021133140134367,33.258370294806774,17.037290933690368,27.344432355848344,33.46871811883863
LA-INFR-01457,Irrigation Dam & Reservoir,Uttar Pradesh,155.74,161,268,2,91.38,2,53.85,9.7,18.6,Medium Risk,67.30845376612344,15.588635794113161,14.70734138849296,2.598179809864797,47.55067391481185,28.781415359249564
LA-INFR-01458,Dedicated Freight Corridor,Bihar,230.61,130,211,2,55.84,6,92.39,8.9,40.7,High Risk,74.71272345769313,43.475715036828106,34.45544290567067,13.7500380106769,35.41875162391325,40.15947922520661
LA-INFR-01459,National Highway,West Bengal,108.95,141,304,3,44.95,4,60.64,3.7,72.0,Critical Risk,63.19486361871934,30.683991045593025,45.5186577942505,54.96004907132347,58.39130539304441,50.01785996387106
LA-INFR-01460,Dedicated Freight Corridor,West Bengal,395.92,149,203,1,68.92,7,88.22,4.9,67.7,Critical Risk,78.13456432772588,45.001667583077975,30.17996019390067,42.9660870325729,28.79319960134351,42.693565982309586
LA-INFR-01461,Industrial Corridor,West Bengal,54.56,160,218,1,86.94,6,48.88,9.2,30.8,High Risk,61.769314258153365,42.4324642984924,14.66426787020129,12.516741555788169,27.64278988142651,34.35193528818644
LA-INFR-01462,Irrigation Dam & Reservoir,Tamil Nadu,82.57,165,191,1,55.03,1,54.06,7.7,9.9,Low Risk,61.18095811179672,9.304792487254877,36.98335668170103,22.511994033700105,25.60058884679048,30.080266491032248
LA-INFR-01463,Industrial Corridor,West Bengal,139.69,173,182,4,33.14,2,18.04,6.4,53.1,High Risk,70.08936200193591,18.98551609547393,51.723985215175695,36.3002730368539,46.33225519134844,43.483564734966144
LA-INFR-01464,Irrigation Dam & Reservoir,Gujarat,915.61,170,240,1,54.0,3,39.5,5.9,55.8,High Risk,83.89022777870998,27.61613179861458,34.50161781566395,36.27261505049059,33.657438751217605,44.915779463234976
LA-INFR-01465,Urban Metro Rail,Uttar Pradesh,223.24,155,218,3,50.35,5,81.62,7.2,54.4,High Risk,76.9000202330433,32.822453010389395,40.04775067635932,24.67757204421252,47.859691644971434,45.22839504372956
LA-INFR-01466,Industrial Corridor,Odisha,128.32,166,293,3,61.1,2,82.79,9.8,23.0,Medium Risk,67.09237338159389,18.305215807253887,35.67665914384816,8.135985023042583,53.56411502816271,38.278728772595706
LA-INFR-01467,Dedicated Freight Corridor,West Bengal,393.81,147,164,3,60.3,4,94.18,5.5,28.2,Medium Risk,81.94097877994821,26.357803247969933,30.354038872354938,38.28845201580547,34.34306307205166,40.03245428772064
LA-INFR-01468,Dedicated Freight Corridor,Gujarat,303.29,162,216,3,54.2,4,65.03,4.2,64.4,Critical Risk,78.34353661108103,31.178974666757217,42.13899507145832,52.116012272480035,42.31140619316384,46.969322032145854
LA-INFR-01469,Irrigation Dam & Reservoir,Tamil Nadu,263.81,173,203,4,72.76,3,95.46,9.9,19.7,Medium Risk,75.4025863121345,18.679034507822738,26.326345312165817,4.43127337804342,43.76985711639483,29.58208577002813
LA-INFR-01470,Irrigation Dam & Reservoir,Uttar Pradesh,140.27,163,269,3,54.91,7,13.32,9.0,84.0,Critical Risk,66.55805327326601,51.39412403333347,33.41168983228552,10.114426518284048,51.33377542567017,42.73092173366875
LA-INFR-01471,Industrial Corridor,Tamil Nadu,20.0,152,194,3,84.16,1,49.21,7.1,15.3,Medium Risk,55.66818148813351,12.944293327630156,15.590004351593635,26.313295467108237,40.63100194130948,30.356294650376032
LA-INFR-01472,Industrial Corridor,Bihar,334.38,161,273,4,67.39,2,19.54,5.6,64.1,Critical Risk,78.39533526607804,21.280215933921788,28.247925538060166,44.04401329113243,61.060489687526925,46.95934301087298
LA-INFR-01473,Urban Metro Rail,Maharashtra,143.21,148,275,1,98.56,3,94.21,6.2,24.6,Medium Risk,69.57083447526517,22.728701232188055,5.023263408574497,32.474694750059925,43.07808053869191,31.25839838378346
LA-INFR-01474,National Highway,Tamil Nadu,171.5,126,230,0,75.21,1,31.51,7.4,16.4,Medium Risk,65.51141690943237,13.63806274894868,23.41060193911796,18.787789363216785,27.40657435453283,28.287246660444996
LA-INFR-01475,Industrial Corridor,Odisha,219.73,145,255,1,72.71,1,71.73,5.9,10.4,Low Risk,74.2023181007509,9.253853557597488,26.064099120044098,36.72369103431141,37.61852997571079,34.55110730474925
LA-INFR-01476,Dedicated Freight Corridor,West Bengal,78.75,138,318,0,92.92,2,94.96,4.0,18.2,Medium Risk,65.11191290101048,11.90404369525345,11.873634384106943,50.02015312475613,42.37175876040371,35.46596219029842
LA-INFR-01477,Irrigation Dam & Reservoir,West Bengal,41.63,145,269,1,77.17,3,99.58,8.3,18.0,Medium Risk,59.704979753097206,16.024574284556003,17.964226494046358,15.234217619516947,37.55545728004004,26.594925798036336
LA-INFR-01478,Dedicated Freight Corridor,Gujarat,50.0,146,182,2,86.42,2,42.52,6.2,26.3,Medium Risk,64.66664968270352,16.839131491739366,12.201433898860694,34.784224733099265,31.510334954955052,27.59473783132025
LA-INFR-01479,Urban Metro Rail,Odisha,10.0,149,233,3,73.77,6,41.52,7.8,56.5,High Risk,52.536945421608245,38.90044098856483,24.771101556764524,22.31903304752896,44.300005393306805,37.552345384580434
LA-INFR-01480,Irrigation Dam & Reservoir,Bihar,671.07,133,271,3,50.08,3,53.31,5.1,59.1,High Risk,81.83806739613867,19.973022034472795,38.99738145048498,39.128302254886314,53.00823576198988,46.82566024499424
LA-INFR-01481,Irrigation Dam & Reservoir,Bihar,333.08,164,224,0,99.64,2,62.1,6.6,9.9,Low Risk,77.04868944866783,13.106925669670078,6.242777850267432,27.156053612593347,27.73329002698668,27.922010826640008
LA-INFR-01482,Irrigation Dam & Reservoir,Tamil Nadu,77.06,168,324,3,71.74,5,25.94,8.3,71.7,Critical Risk,66.91663709788807,38.58852332517259,26.32756622037685,18.197782370953757,57.044089786204005,37.44094602841295
LA-INFR-01483,Urban Metro Rail,Odisha,303.31,143,246,4,87.39,0,93.12,4.2,26.5,Medium Risk,76.84724296493681,0.0,13.566249270128456,48.96308700558269,55.052773869115725,35.46616121826902
LA-INFR-01484,National Highway,Uttar Pradesh,65.27,138,240,1,41.3,1,87.91,9.4,2.6,Low Risk,59.66927195029796,8.606845115472758,43.82472605333658,10.23535713085893,33.24170665958428,31.693221369930587
LA-INFR-01485,Irrigation Dam & Reservoir,West Bengal,495.07,160,117,3,70.89,1,97.72,7.9,8.0,Low Risk,79.19654366293493,1.886829066370173,23.865524226964347,18.544960424792823,26.791572772328937,27.98064063933628
LA-INFR-01486,Industrial Corridor,Odisha,313.11,167,246,0,30.57,1,97.55,9.4,6.8,Low Risk,72.89267919036101,6.899785062841435,57.108944378103324,13.065267780259703,32.28071542914196,36.90888387165083
LA-INFR-01487,Urban Metro Rail,West Bengal,82.2,135,198,2,28.77,5,67.02,3.3,65.5,Critical Risk,65.03457607987191,35.02601793491577,51.810273965492115,59.55456428062302,32.019353216604316,44.564121225616326
LA-INFR-01488,Irrigation Dam & Reservoir,Odisha,639.49,139,218,2,65.26,1,14.68,7.0,22.8,Medium Risk,79.71236372690319,12.46864008185711,32.61854900398442,26.135515148664762,39.592693184676136,34.79067879467823
LA-INFR-01489,Dedicated Freight Corridor,Maharashtra,263.47,158,257,2,37.36,3,76.95,4.6,65.1,Critical Risk,74.29448165314817,18.880929201364786,50.25894800708247,46.276197031851524,45.07018806656719,47.772312459586914
LA-INFR-01490,National Highway,Gujarat,219.93,153,224,0,27.52,1,49.85,5.5,11.5,Low Risk,68.09673414492595,5.768362224192771,54.828060091667936,40.072065516807456,28.194738042951787,34.71380672824179
LA-INFR-01491,Irrigation Dam & Reservoir,Tamil Nadu,68.61,141,141,0,98.72,2,85.0,9.8,16.3,Medium Risk,64.11239850895869,15.380454638167915,3.3379016855675854,3.0772704407773857,11.594383858505353,19.386915280078668
LA-INFR-01492,Industrial Corridor,Uttar Pradesh,126.43,144,180,2,47.73,1,53.93,4.2,24.9,Medium Risk,69.03457980658624,12.36650945307854,38.32885629025016,45.50780287095155,31.59044103583367,36.78006106149325
LA-INFR-01493,Urban Metro Rail,Odisha,39.0,172,295,4,82.62,1,33.68,9.0,39.9,High Risk,59.321470967750436,14.025382260339498,17.117380724980514,11.832667623375109,60.25188623598736,34.05514522304117
LA-INFR-01494,Urban Metro Rail,Odisha,349.27,142,210,4,51.63,1,50.79,8.9,22.0,Medium Risk,77.44171641294358,12.85505980477022,35.92162495722783,12.765546327925545,45.796370314880626,37.57475389022238
LA-INFR-01495,National Highway,Uttar Pradesh,60.07,154,271,3,95.91,2,94.33,9.1,13.4,Medium Risk,59.41935580846284,13.987208648616647,7.981159104169171,12.957528423709316,48.64405590351484,26.80381098890445
LA-INFR-01496,National Highway,West Bengal,77.57,158,282,1,78.0,1,13.31,5.0,34.5,High Risk,59.80888303106638,12.549644941338988,18.277090561081156,45.21505504647722,38.09336112419982,31.266931690789345
LA-INFR-01497,Industrial Corridor,West Bengal,173.48,149,288,2,33.01,4,57.47,5.4,61.1,Critical Risk,70.51642294355699,28.753699857750732,54.158755853315895,41.463756053906685,47.60769183179483,46.44524339596663
LA-INFR-01498,Industrial Corridor,Gujarat,441.76,149,342,0,34.9,5,45.57,6.4,77.7,Critical Risk,80.53509680679973,36.21056686149087,47.46177015178791,32.99760117975094,44.683879865875646,49.9952271976688
LA-INFR-01499,Dedicated Freight Corridor,West Bengal,51.81,127,233,0,30.24,6,18.24,6.1,58.0,High Risk,65.20635919672421,49.22390483878309,54.27575862169516,31.742857430175608,28.992803656930295,46.78370309260222
