project_id,project_type,state,land_area_hectares,affected_families_count,sec4_to_sec19_days,pending_inter_dept_nocs,compensation_disbursed_pct,pending_court_cases,rehabilitation_progress_pct,stakeholder_responsiveness_score,days_delayed,delay_risk_category
LA-INFR-00000,Railway Corridor,Uttar Pradesh,89.25,154,225,2,58.82,3,47.88,5.1,483,2
LA-INFR-00001,Metro Rail,Bihar,17.3,46,117,1,77.41,1,63.1,7.5,186,1
LA-INFR-00002,Industrial Park,Odisha,177.69,289,164,2,37.35,8,13.51,5.0,889,2
LA-INFR-00003,Railway Corridor,Uttar Pradesh,28.7,62,278,1,48.85,6,22.51,4.3,675,2
LA-INFR-00004,National Highway,Odisha,48.85,94,217,2,23.1,12,0.0,2.3,1000,2
LA-INFR-00005,National Highway,Maharashtra,130.46,223,239,4,71.01,9,34.57,6.4,932,2
LA-INFR-00006,National Highway,West Bengal,11.96,32,229,1,57.04,5,43.87,6.5,541,2
LA-INFR-00007,Irrigation Dam,Odisha,192.31,304,308,3,71.35,6,46.28,3.9,747,2
LA-INFR-00008,Industrial Park,Maharashtra,420.92,652,206,0,74.8,14,22.91,1.6,1000,2
LA-INFR-00009,Industrial Park,Bihar,128.54,213,246,0,36.46,7,10.16,5.2,768,2
LA-INFR-00010,National Highway,Maharashtra,140.33,224,251,3,79.3,6,44.61,7.9,685,2
LA-INFR-00011,Metro Rail,West Bengal,50.2,85,339,1,80.44,2,65.46,8.1,335,2
LA-INFR-00012,Irrigation Dam,Bihar,524.59,811,326,3,34.5,24,0.0,1.0,1000,2
LA-INFR-00013,National Highway,Tamil Nadu,34.27,72,313,2,87.19,6,62.66,6.0,587,2
LA-INFR-00014,National Highway,Maharashtra,51.98,101,186,1,41.75,4,24.78,5.4,543,2
LA-INFR-00015,National Highway,Uttar Pradesh,10.85,31,254,1,90.7,1,74.89,9.2,190,1
LA-INFR-00016,National Highway,Maharashtra,10.42,30,238,0,70.58,2,62.04,8.1,269,1
LA-INFR-00017,Railway Corridor,Uttar Pradesh,142.65,238,223,1,84.65,5,59.31,7.3,506,2
LA-INFR-00018,Railway Corridor,Tamil Nadu,41.41,81,229,0,89.38,1,72.54,9.3,159,1
LA-INFR-00019,National Highway,Odisha,28.08,56,198,0,80.8,3,59.87,8.4,297,1
LA-INFR-00020,Industrial Park,Tamil Nadu,169.1,273,275,1,66.01,10,27.72,4.0,921,2
LA-INFR-00021,National Highway,Bihar,11.74,30,187,2,46.04,2,33.96,7.5,424,2
LA-INFR-00022,National Highway,Gujarat,154.01,250,245,0,78.14,7,46.62,5.4,630,2
LA-INFR-00023,Railway Corridor,West Bengal,168.34,267,267,2,72.08,12,30.43,4.1,1000,2
LA-INFR-00024,Railway Corridor,Gujarat,30.53,61,299,1,48.21,5,27.96,6.3,618,2
LA-INFR-00025,Irrigation Dam,Bihar,296.95,467,398,4,68.68,7,45.23,5.3,934,2
LA-INFR-00026,National Highway,Uttar Pradesh,155.98,250,258,1,70.55,5,48.89,5.9,571,2
LA-INFR-00027,Railway Corridor,Maharashtra,126.25,213,198,1,63.47,5,40.34,5.9,565,2
LA-INFR-00028,Railway Corridor,West Bengal,86.85,152,190,2,56.84,6,30.63,5.9,674,2
LA-INFR-00029,National Highway,Maharashtra,76.93,136,173,2,61.15,3,44.04,8.1,456,2
LA-INFR-00030,Industrial Park,Uttar Pradesh,511.76,789,168,1,80.36,17,15.94,1.0,1000,2
LA-INFR-00031,National Highway,Bihar,261.47,412,229,2,69.79,10,31.62,4.1,965,2
LA-INFR-00032,National Highway,Tamil Nadu,136.14,225,193,1,68.57,6,46.11,5.9,607,2
LA-INFR-00033,Metro Rail,Tamil Nadu,25.02,48,289,1,73.55,3,61.08,8.5,388,2
LA-INFR-00034,Metro Rail,Maharashtra,90.23,154,201,0,79.28,5,57.25,5.6,451,2
LA-INFR-00035,Irrigation Dam,Uttar Pradesh,405.74,630,354,2,82.78,13,52.42,2.0,1000,2
LA-INFR-00036,National Highway,Tamil Nadu,144.46,239,216,1,61.41,7,35.89,6.7,710,2
LA-INFR-00037,National Highway,Gujarat,30.68,60,159,1,86.36,0,69.06,8.5,117,1
LA-INFR-00038,Industrial Park,West Bengal,725.23,1118,284,2,68.01,14,21.28,2.0,1000,2
LA-INFR-00039,Railway Corridor,Gujarat,73.59,137,264,2,50.52,3,42.12,7.9,521,2
LA-INFR-00040,National Highway,West Bengal,163.03,265,270,2,33.39,4,16.73,4.5,691,2
LA-INFR-00041,Railway Corridor,Tamil Nadu,22.04,56,259,0,86.12,7,49.18,5.1,560,2
LA-INFR-00042,National Highway,Maharashtra,25.29,60,192,1,76.26,2,53.59,7.5,294,1
LA-INFR-00043,Metro Rail,Tamil Nadu,12.94,39,192,2,54.15,6,30.25,6.2,652,2
LA-INFR-00044,National Highway,Tamil Nadu,96.66,158,252,0,82.82,4,57.47,5.6,404,2
LA-INFR-00045,Industrial Park,Tamil Nadu,635.74,979,307,2,72.1,13,24.84,2.0,1000,2
LA-INFR-00046,National Highway,Bihar,25.85,56,249,1,40.99,6,17.01,7.1,688,2
LA-INFR-00047,Railway Corridor,Bihar,78.95,144,278,2,78.3,5,62.81,6.0,554,2
LA-INFR-00048,Railway Corridor,Uttar Pradesh,63.87,120,203,2,84.35,4,68.1,6.6,436,2
LA-INFR-00049,National Highway,Bihar,262.82,410,284,3,61.68,11,19.69,2.9,1000,2
LA-INFR-00050,Metro Rail,Maharashtra,14.08,40,209,1,89.84,5,63.78,5.1,429,2
LA-INFR-00051,Irrigation Dam,Odisha,442.51,678,362,1,71.77,12,33.24,2.6,1000,2
LA-INFR-00052,Metro Rail,Maharashtra,22.15,54,211,0,73.95,2,61.15,8.4,257,1
LA-INFR-00053,Irrigation Dam,Maharashtra,210.15,335,394,3,62.15,6,39.52,5.0,820,2
LA-INFR-00054,Railway Corridor,Bihar,83.82,147,275,1,77.71,2,69.85,7.0,327,2
LA-INFR-00055,Metro Rail,Tamil Nadu,31.04,68,156,1,82.42,3,61.32,8.4,317,2
LA-INFR-00056,National Highway,Bihar,45.61,85,296,1,80.13,3,67.88,8.9,376,2
LA-INFR-00057,National Highway,Uttar Pradesh,99.55,172,348,3,82.33,8,48.13,3.3,817,2
LA-INFR-00058,National Highway,Tamil Nadu,54.89,104,212,0,81.73,2,56.34,5.1,257,1
LA-INFR-00059,National Highway,Uttar Pradesh,32.85,70,223,1,90.19,0,75.33,7.3,128,1
LA-INFR-00060,Railway Corridor,Gujarat,21.7,47,291,3,62.2,7,30.34,4.2,774,2
LA-INFR-00061,National Highway,Gujarat,12.31,50,233,1,40.93,3,34.54,7.3,478,2
LA-INFR-00062,Irrigation Dam,Bihar,621.45,943,349,2,35.8,15,0.0,2.0,1000,2
LA-INFR-00063,Railway Corridor,Uttar Pradesh,47.41,89,324,0,83.79,1,70.89,7.5,215,1
LA-INFR-00064,National Highway,West Bengal,19.62,47,162,1,58.4,7,39.04,6.1,641,2
LA-INFR-00065,Railway Corridor,Maharashtra,137.74,229,190,0,55.76,8,22.29,2.7,747,2
LA-INFR-00066,National Highway,Bihar,78.59,140,250,0,83.26,1,69.96,7.0,201,1
LA-INFR-00067,Irrigation Dam,Uttar Pradesh,1027.69,1557,269,2,72.87,13,26.74,2.7,1000,2
LA-INFR-00068,National Highway,Gujarat,52.02,101,211,2,37.08,6,15.11,6.6,736,2
LA-INFR-00069,Metro Rail,Maharashtra,79.9,139,210,2,87.1,6,62.08,5.5,565,2
LA-INFR-00070,Irrigation Dam,Tamil Nadu,188.78,309,398,3,78.75,5,58.62,6.4,690,2
LA-INFR-00071,National Highway,West Bengal,108.82,185,264,1,68.91,3,48.88,6.5,440,2
LA-INFR-00072,National Highway,Bihar,70.57,121,145,1,82.94,4,53.29,6.4,395,2
LA-INFR-00073,Irrigation Dam,Maharashtra,170.62,271,315,4,60.71,10,26.63,3.7,1000,2
LA-INFR-00074,Industrial Park,Gujarat,531.76,814,195,2,65.55,9,22.74,4.2,1000,2
LA-INFR-00075,Industrial Park,Bihar,253.97,406,219,1,58.5,6,36.26,5.7,702,2
LA-INFR-00076,Irrigation Dam,Tamil Nadu,1777.88,2688,295,1,62.27,17,8.71,2.6,1000,2
LA-INFR-00077,National Highway,Uttar Pradesh,45.02,85,252,0,32.55,4,22.93,6.8,551,2
LA-INFR-00078,Railway Corridor,Bihar,28.0,64,195,0,94.02,2,77.96,7.0,183,1
LA-INFR-00079,National Highway,Bihar,240.37,377,259,1,71.26,6,56.17,6.1,655,2
LA-INFR-00080,Irrigation Dam,Maharashtra,1383.01,2096,349,3,38.64,9,0.82,4.6,1000,2
LA-INFR-00081,Industrial Park,Maharashtra,262.3,409,181,2,62.03,11,30.11,4.2,1000,2
LA-INFR-00082,National Highway,Odisha,73.99,126,299,3,74.0,2,56.77,6.8,437,2
LA-INFR-00083,National Highway,Uttar Pradesh,51.23,98,300,0,80.77,4,60.87,6.9,407,2
LA-INFR-00084,National Highway,Maharashtra,11.96,38,244,1,53.31,4,36.76,6.9,507,2
LA-INFR-00085,National Highway,Bihar,66.85,116,218,0,61.52,4,50.1,5.0,441,2
LA-INFR-00086,Industrial Park,West Bengal,120.3,192,177,1,62.94,6,33.15,5.2,622,2
LA-INFR-00087,Industrial Park,Maharashtra,70.83,128,283,1,79.22,3,72.98,6.6,378,2
LA-INFR-00088,Irrigation Dam,Tamil Nadu,466.89,724,391,2,85.58,15,21.3,1.7,1000,2
LA-INFR-00089,Railway Corridor,Maharashtra,61.97,104,189,2,89.12,2,73.81,6.2,289,1
LA-INFR-00090,National Highway,Maharashtra,25.01,56,195,1,73.95,2,63.43,4.7,288,1
LA-INFR-00091,Industrial Park,Maharashtra,459.65,713,252,1,91.88,12,51.86,4.2,1000,2
LA-INFR-00092,Irrigation Dam,Odisha,255.78,408,291,1,71.21,10,26.95,1.8,951,2
LA-INFR-00093,Railway Corridor,Maharashtra,71.11,125,198,1,74.83,7,36.5,7.2,638,2
LA-INFR-00094,Irrigation Dam,Maharashtra,323.73,513,297,4,84.25,18,28.38,1.0,1000,2
LA-INFR-00095,Railway Corridor,Bihar,87.58,153,179,0,92.18,4,72.18,5.7,331,2
LA-INFR-00096,Railway Corridor,Odisha,56.17,105,193,0,66.86,2,44.65,5.6,301,2
LA-INFR-00097,Railway Corridor,Uttar Pradesh,101.88,169,275,1,57.7,7,28.39,3.5,733,2
LA-INFR-00098,National Highway,Bihar,26.56,63,142,1,45.3,5,22.08,5.1,570,2
LA-INFR-00099,National Highway,Maharashtra,21.05,53,251,0,85.14,1,79.3,7.8,163,1
LA-INFR-00100,National Highway,Bihar,224.74,361,242,2,61.92,6,35.91,7.0,731,2
LA-INFR-00101,Industrial Park,Tamil Nadu,66.48,117,278,1,59.78,2,46.88,5.7,393,2
LA-INFR-00102,National Highway,Tamil Nadu,249.13,388,242,0,85.34,9,48.53,4.8,765,2
LA-INFR-00103,Railway Corridor,Uttar Pradesh,102.21,173,211,2,77.08,6,59.73,3.7,602,2
LA-INFR-00104,Metro Rail,Uttar Pradesh,33.06,75,189,2,50.43,4,37.92,5.5,540,2
LA-INFR-00105,National Highway,Maharashtra,25.11,48,279,0,85.08,1,77.03,8.1,176,1
LA-INFR-00106,Railway Corridor,Uttar Pradesh,27.25,62,254,3,40.42,5,22.39,5.0,706,2
LA-INFR-00107,Irrigation Dam,Maharashtra,429.35,658,325,3,86.21,4,66.55,7.9,667,2
LA-INFR-00108,National Highway,West Bengal,33.11,79,275,2,55.46,2,39.37,8.0,441,2
LA-INFR-00109,National Highway,Gujarat,21.01,52,207,3,75.93,2,66.69,7.7,363,2
LA-INFR-00110,National Highway,Gujarat,28.3,61,229,2,56.56,8,25.02,4.2,793,2
LA-INFR-00111,National Highway,Odisha,12.18,40,199,2,38.96,4,16.66,5.5,589,2
LA-INFR-00112,Metro Rail,Tamil Nadu,27.73,61,256,2,47.43,3,32.95,6.3,517,2
LA-INFR-00113,Irrigation Dam,West Bengal,475.05,728,300,3,25.11,10,0.0,4.2,1000,2
LA-INFR-00114,Industrial Park,Uttar Pradesh,301.06,463,215,1,69.77,12,33.52,3.4,1000,2
LA-INFR-00115,Irrigation Dam,Tamil Nadu,639.45,986,317,2,77.9,11,41.4,2.8,1000,2
LA-INFR-00116,Irrigation Dam,Bihar,81.8,135,363,1,46.02,6,18.48,4.9,741,2
LA-INFR-00117,National Highway,Bihar,66.9,126,249,1,61.19,6,42.27,4.1,625,2
LA-INFR-00118,Irrigation Dam,West Bengal,360.44,556,294,0,53.23,12,0.0,5.5,1000,2
LA-INFR-00119,Railway Corridor,Uttar Pradesh,110.87,189,250,0,60.67,7,35.68,4.3,672,2
LA-INFR-00120,Irrigation Dam,Uttar Pradesh,226.96,367,276,1,66.83,12,20.7,1.5,1000,2
LA-INFR-00121,Irrigation Dam,Gujarat,790.75,1201,459,1,72.28,13,19.03,1.0,1000,2
LA-INFR-00122,National Highway,Maharashtra,142.8,228,204,1,29.59,9,0.0,3.7,945,2
LA-INFR-00123,National Highway,Bihar,86.06,149,282,3,69.52,6,51.89,6.0,693,2
LA-INFR-00124,National Highway,Gujarat,14.55,37,240,0,51.95,6,31.02,5.5,595,2
LA-INFR-00125,Railway Corridor,Tamil Nadu,51.93,89,242,3,49.07,1,43.06,7.4,423,2
LA-INFR-00126,Irrigation Dam,Bihar,1094.62,1656,291,1,67.85,6,47.92,6.3,1000,2
LA-INFR-00127,Irrigation Dam,Uttar Pradesh,290.54,453,392,4,62.09,13,15.7,3.4,1000,2
LA-INFR-00128,National Highway,Uttar Pradesh,65.09,121,232,1,38.53,3,32.56,5.9,506,2
LA-INFR-00129,Railway Corridor,Odisha,61.91,115,253,1,77.31,0,68.47,8.3,192,1
LA-INFR-00130,Railway Corridor,Tamil Nadu,51.01,92,225,0,38.69,2,13.07,7.3,419,2
LA-INFR-00131,National Highway,Bihar,25.86,56,236,0,58.63,3,51.81,6.2,377,2
LA-INFR-00132,National Highway,Maharashtra,68.68,126,185,0,77.18,4,42.72,7.8,399,2
LA-INFR-00133,National Highway,Maharashtra,47.01,84,222,1,67.07,5,44.03,5.2,527,2
LA-INFR-00134,Metro Rail,Gujarat,54.93,98,209,1,26.94,7,7.01,4.6,790,2
LA-INFR-00135,National Highway,Uttar Pradesh,10.87,36,194,3,59.35,1,38.66,7.1,369,2
LA-INFR-00136,Railway Corridor,Tamil Nadu,22.79,49,236,1,30.69,3,17.9,7.7,526,2
LA-INFR-00137,Industrial Park,Maharashtra,108.81,181,248,2,69.81,7,41.01,6.3,720,2
LA-INFR-00138,Railway Corridor,Tamil Nadu,51.38,93,242,0,84.39,1,77.54,9.0,174,1
LA-INFR-00139,Metro Rail,Gujarat,18.71,49,224,2,71.3,5,51.58,6.8,539,2
LA-INFR-00140,Metro Rail,Tamil Nadu,45.19,90,250,2,48.78,5,22.2,5.9,651,2
LA-INFR-00141,National Highway,Maharashtra,48.01,97,242,1,83.14,2,65.58,8.2,292,1
LA-INFR-00142,Railway Corridor,Tamil Nadu,144.31,235,234,1,81.3,5,52.81,6.4,526,2
LA-INFR-00143,National Highway,West Bengal,40.41,84,238,1,76.03,2,53.15,7.1,320,2
LA-INFR-00144,National Highway,Bihar,68.84,123,289,1,89.55,6,59.34,5.1,550,2
LA-INFR-00145,National Highway,Odisha,100.8,170,169,1,56.84,7,37.57,5.0,682,2
LA-INFR-00146,Industrial Park,Tamil Nadu,826.37,1259,214,1,74.87,13,30.61,2.3,1000,2
LA-INFR-00147,Railway Corridor,Odisha,163.41,259,246,1,74.77,11,36.42,4.0,933,2
LA-INFR-00148,National Highway,Tamil Nadu,127.1,212,150,2,58.93,7,25.99,5.0,734,2
LA-INFR-00149,National Highway,Maharashtra,39.79,81,299,3,75.23,2,51.95,7.7,427,2
LA-INFR-00150,Metro Rail,Uttar Pradesh,11.94,37,242,1,60.28,5,42.09,6.5,542,2
LA-INFR-00151,National Highway,Uttar Pradesh,26.48,55,277,0,78.97,3,67.12,6.8,324,2
LA-INFR-00152,National Highway,Gujarat,29.73,66,285,1,59.02,4,41.93,5.9,510,2
LA-INFR-00153,Railway Corridor,West Bengal,43.7,94,250,3,67.87,3,55.89,5.9,484,2
LA-INFR-00154,Metro Rail,Tamil Nadu,38.05,80,118,2,79.31,3,60.71,6.7,353,2
LA-INFR-00155,National Highway,Uttar Pradesh,42.38,82,237,0,87.71,2,73.21,7.5,226,1
LA-INFR-00156,Industrial Park,Maharashtra,234.19,365,240,2,64.67,6,36.6,4.2,724,2
LA-INFR-00157,Irrigation Dam,West Bengal,202.91,324,295,1,39.99,10,7.92,2.2,1000,2
LA-INFR-00158,National Highway,Bihar,149.0,243,140,1,88.44,7,57.67,5.1,587,2
LA-INFR-00159,Industrial Park,Uttar Pradesh,157.3,257,253,2,72.18,6,49.99,4.7,665,2
LA-INFR-00160,Railway Corridor,Tamil Nadu,78.25,132,167,1,76.55,8,48.81,5.8,669,2
LA-INFR-00161,Industrial Park,Maharashtra,924.18,1405,333,1,49.65,7,21.92,6.5,1000,2
LA-INFR-00162,Industrial Park,Uttar Pradesh,386.94,597,243,0,77.95,4,60.72,5.4,525,2
LA-INFR-00163,Railway Corridor,Bihar,87.96,144,297,1,73.43,6,44.61,3.9,617,2
LA-INFR-00164,National Highway,Maharashtra,158.24,259,231,3,77.89,7,58.08,5.8,733,2
LA-INFR-00165,Irrigation Dam,Gujarat,775.11,1187,387,2,44.99,21,0.0,1.0,1000,2
LA-INFR-00166,National Highway,Uttar Pradesh,42.52,85,232,1,41.52,4,26.84,6.8,556,2
LA-INFR-00167,National Highway,Maharashtra,35.35,80,280,1,76.21,5,49.79,6.8,519,2
LA-INFR-00168,National Highway,Uttar Pradesh,51.37,95,128,1,92.72,1,81.67,7.2,143,1
LA-INFR-00169,Railway Corridor,West Bengal,174.23,273,274,1,36.85,12,0.0,3.0,1000,2
LA-INFR-00170,Industrial Park,Bihar,1396.8,2122,263,2,46.92,17,0.0,2.0,1000,2
LA-INFR-00171,National Highway,Tamil Nadu,19.04,47,222,1,92.66,0,72.73,8.4,119,1
LA-INFR-00172,Railway Corridor,Maharashtra,158.35,250,209,0,90.43,12,40.0,5.2,893,2
LA-INFR-00173,National Highway,Maharashtra,26.66,61,215,1,41.59,1,36.28,7.9,351,2
LA-INFR-00174,Industrial Park,Bihar,195.53,313,244,1,60.03,7,39.99,5.5,739,2
LA-INFR-00175,National Highway,Odisha,14.02,42,290,2,63.38,3,49.87,7.7,465,2
LA-INFR-00176,Industrial Park,Odisha,663.6,1011,203,1,73.16,15,19.25,4.1,1000,2
LA-INFR-00177,Railway Corridor,Maharashtra,54.18,102,144,1,63.62,4,40.43,7.1,453,2
LA-INFR-00178,Metro Rail,Bihar,21.54,49,354,2,67.82,4,46.48,6.1,546,2
LA-INFR-00179,National Highway,Gujarat,88.03,154,263,1,90.3,1,69.43,6.9,233,1
LA-INFR-00180,National Highway,Uttar Pradesh,78.24,135,210,3,77.95,7,47.17,5.4,705,2
LA-INFR-00181,National Highway,Odisha,48.15,90,289,0,63.32,2,62.0,6.1,323,2
LA-INFR-00182,Metro Rail,Maharashtra,8.85,38,276,3,63.57,5,42.85,6.6,626,2
LA-INFR-00183,Irrigation Dam,Gujarat,343.62,535,374,3,54.13,17,0.0,1.5,1000,2
LA-INFR-00184,National Highway,West Bengal,71.31,129,206,1,62.81,3,38.23,7.3,430,2
LA-INFR-00185,Industrial Park,Gujarat,130.1,218,263,1,81.76,5,65.61,4.2,516,2
LA-INFR-00186,Irrigation Dam,Tamil Nadu,530.63,808,404,3,55.61,16,9.66,2.9,1000,2
LA-INFR-00187,Railway Corridor,Uttar Pradesh,91.51,162,143,3,79.63,3,63.74,5.7,421,2
LA-INFR-00188,Railway Corridor,Gujarat,44.09,83,241,1,65.88,4,50.36,5.1,470,2
LA-INFR-00189,National Highway,Uttar Pradesh,18.79,50,244,2,62.49,4,40.9,4.4,522,2
LA-INFR-00190,National Highway,Uttar Pradesh,69.72,118,243,2,72.17,3,54.57,6.2,439,2
LA-INFR-00191,Irrigation Dam,West Bengal,1577.13,2386,352,3,78.96,15,39.54,2.2,1000,2
LA-INFR-00192,Metro Rail,West Bengal,24.98,54,289,3,65.89,3,47.96,6.7,504,2
LA-INFR-00193,Industrial Park,Gujarat,378.32,580,219,1,59.21,18,8.44,1.5,1000,2
LA-INFR-00194,National Highway,Uttar Pradesh,25.44,71,229,2,35.91,2,36.59,8.5,472,2
LA-INFR-00195,National Highway,West Bengal,168.94,279,245,2,62.01,10,28.02,5.4,960,2
LA-INFR-00196,Industrial Park,West Bengal,278.83,430,221,1,73.26,14,23.33,2.1,1000,2
LA-INFR-00197,Irrigation Dam,Maharashtra,250.39,395,280,3,72.65,10,28.76,3.9,1000,2
LA-INFR-00198,Irrigation Dam,Uttar Pradesh,737.5,1125,360,2,75.66,20,10.79,1.0,1000,2
LA-INFR-00199,Irrigation Dam,Uttar Pradesh,718.66,1090,361,4,61.37,22,0.0,1.0,1000,2
LA-INFR-00200,Industrial Park,Uttar Pradesh,68.57,118,211,1,85.95,5,61.82,8.0,463,2
LA-INFR-00201,National Highway,Gujarat,21.33,45,223,0,76.98,6,48.9,5.9,507,2
LA-INFR-00202,National Highway,Tamil Nadu,31.87,72,90,1,75.86,2,63.78,7.7,245,1
LA-INFR-00203,Irrigation Dam,West Bengal,179.08,281,410,4,54.24,12,15.16,3.9,1000,2
LA-INFR-00204,Industrial Park,Gujarat,656.83,1006,275,2,57.18,12,15.29,4.4,1000,2
LA-INFR-00205,National Highway,Uttar Pradesh,23.78,55,163,1,86.01,0,83.29,7.8,101,1
LA-INFR-00206,National Highway,Odisha,103.23,174,196,2,74.34,3,57.81,7.3,426,2
LA-INFR-00207,Industrial Park,Bihar,383.5,594,302,2,84.96,12,39.71,3.8,1000,2
LA-INFR-00208,National Highway,Odisha,11.73,42,172,2,59.07,4,35.54,4.8,506,2
LA-INFR-00209,National Highway,Maharashtra,69.55,125,253,0,76.92,3,59.18,6.3,347,2
LA-INFR-00210,Railway Corridor,Gujarat,258.76,411,205,1,63.16,14,14.52,2.2,1000,2
LA-INFR-00211,Industrial Park,Uttar Pradesh,64.55,115,250,3,75.73,3,46.87,7.8,481,2
LA-INFR-00212,Industrial Park,Uttar Pradesh,132.61,225,232,0,51.44,10,18.86,7.5,897,2
LA-INFR-00213,National Highway,West Bengal,60.69,115,215,1,89.84,3,76.44,6.4,316,2
LA-INFR-00214,Industrial Park,Uttar Pradesh,587.19,896,249,1,44.42,17,0.0,1.0,1000,2
LA-INFR-00215,National Highway,Tamil Nadu,101.97,174,205,1,84.68,2,65.56,7.6,294,1
LA-INFR-00216,National Highway,Bihar,68.45,111,140,3,61.62,2,48.92,5.5,410,2
LA-INFR-00217,Industrial Park,West Bengal,223.65,352,183,1,91.45,9,57.57,2.6,746,2
LA-INFR-00218,Industrial Park,Uttar Pradesh,510.95,782,177,0,70.17,19,5.88,1.0,1000,2
LA-INFR-00219,Irrigation Dam,Maharashtra,349.08,542,269,1,23.26,17,0.0,1.0,1000,2
LA-INFR-00220,Industrial Park,Uttar Pradesh,132.27,230,248,2,82.65,5,52.04,7.1,567,2
LA-INFR-00221,Railway Corridor,Bihar,299.5,477,221,1,65.57,6,41.37,5.2,698,2
LA-INFR-00222,National Highway,Maharashtra,211.2,335,247,1,88.11,11,52.45,2.3,901,2
LA-INFR-00223,Railway Corridor,Uttar Pradesh,339.89,530,256,3,79.37,16,23.46,1.0,1000,2
LA-INFR-00224,National Highway,Uttar Pradesh,11.12,32,267,1,67.02,4,48.01,7.6,467,2
LA-INFR-00225,National Highway,Maharashtra,57.33,105,250,1,83.6,1,74.17,6.9,226,1
LA-INFR-00226,Metro Rail,Tamil Nadu,42.93,85,181,0,82.94,3,69.42,6.5,281,1
LA-INFR-00227,Railway Corridor,Odisha,62.9,110,258,4,86.41,0,79.41,7.7,278,1
LA-INFR-00228,Irrigation Dam,Maharashtra,664.64,1014,361,2,63.11,13,11.61,2.2,1000,2
LA-INFR-00229,Industrial Park,Tamil Nadu,1441.5,2186,339,1,45.13,18,0.0,1.1,1000,2
LA-INFR-00230,Irrigation Dam,Tamil Nadu,715.13,1083,350,2,58.86,13,10.83,4.6,1000,2
LA-INFR-00231,Railway Corridor,Bihar,116.67,189,249,3,80.09,4,56.48,7.0,539,2
LA-INFR-00232,Railway Corridor,West Bengal,269.33,433,225,3,77.68,15,19.51,2.8,1000,2
LA-INFR-00233,Railway Corridor,Bihar,82.31,143,232,2,66.31,3,50.25,5.8,461,2
LA-INFR-00234,National Highway,Bihar,106.44,181,229,2,82.2,8,47.29,5.2,734,2
LA-INFR-00235,Industrial Park,Maharashtra,54.32,98,208,1,77.18,1,65.0,9.0,235,1
LA-INFR-00236,National Highway,Tamil Nadu,98.99,172,238,1,62.58,6,33.34,5.4,641,2
LA-INFR-00237,National Highway,Tamil Nadu,34.27,74,261,2,84.64,1,77.65,7.6,255,1
LA-INFR-00238,Industrial Park,Maharashtra,593.4,903,209,2,50.19,13,4.22,3.6,1000,2
LA-INFR-00239,National Highway,Uttar Pradesh,29.26,58,271,2,37.02,6,11.68,7.1,754,2
LA-INFR-00240,Metro Rail,Gujarat,68.06,119,265,0,68.25,5,37.98,7.2,518,2
LA-INFR-00241,Metro Rail,Bihar,13.5,38,185,2,62.91,3,56.03,5.5,416,2
LA-INFR-00242,Metro Rail,Bihar,45.51,88,181,1,92.35,4,63.35,6.7,365,2
LA-INFR-00243,Railway Corridor,Gujarat,329.26,506,252,2,81.01,12,38.34,2.6,1000,2
LA-INFR-00244,National Highway,West Bengal,28.61,60,200,0,90.86,0,85.08,7.7,63,0
LA-INFR-00245,Metro Rail,Tamil Nadu,47.69,86,177,2,48.01,3,32.27,5.5,492,2
LA-INFR-00246,Railway Corridor,West Bengal,185.03,297,315,1,56.78,8,29.19,4.5,844,2
LA-INFR-00247,Metro Rail,Odisha,11.82,34,181,2,50.11,1,44.58,6.7,339,2
LA-INFR-00248,Metro Rail,Bihar,8.28,29,153,1,57.33,0,55.8,7.8,195,1
LA-INFR-00249,Irrigation Dam,Bihar,183.28,291,310,3,39.45,7,17.52,5.7,918,2
LA-INFR-00250,National Highway,Uttar Pradesh,82.04,150,241,2,69.41,6,42.9,5.9,647,2
LA-INFR-00251,Railway Corridor,Gujarat,92.78,160,233,3,47.67,2,34.9,8.1,511,2
LA-INFR-00252,Irrigation Dam,Tamil Nadu,236.4,374,444,3,82.21,10,54.23,3.5,1000,2
LA-INFR-00253,National Highway,Maharashtra,40.94,81,191,2,45.32,2,40.26,5.5,433,2
LA-INFR-00254,National Highway,Odisha,174.2,282,241,1,57.89,11,15.61,5.2,1000,2
LA-INFR-00255,Railway Corridor,Bihar,277.18,431,286,2,91.19,12,47.72,3.7,1000,2
LA-INFR-00256,Metro Rail,Maharashtra,22.06,48,197,1,76.89,3,62.17,7.4,341,2
LA-INFR-00257,Industrial Park,Bihar,938.15,1425,265,1,81.55,21,10.3,1.0,1000,2
LA-INFR-00258,Railway Corridor,Bihar,181.02,294,138,2,60.8,8,39.5,5.1,790,2
LA-INFR-00259,National Highway,Odisha,15.26,44,317,1,77.38,0,69.12,9.0,198,1
LA-INFR-00260,Industrial Park,Uttar Pradesh,598.64,919,279,1,64.92,16,10.02,1.0,1000,2
LA-INFR-00261,Metro Rail,Odisha,16.82,43,195,4,73.24,3,61.03,7.6,469,2
LA-INFR-00262,National Highway,Tamil Nadu,76.35,125,271,1,34.52,9,0.0,4.8,932,2
LA-INFR-00263,Railway Corridor,Maharashtra,82.74,143,295,1,60.48,3,42.8,6.9,470,2
LA-INFR-00264,Irrigation Dam,Gujarat,570.33,875,285,2,75.92,15,30.68,1.5,1000,2
LA-INFR-00265,Industrial Park,Bihar,86.05,149,200,2,66.6,8,35.79,5.1,766,2
LA-INFR-00266,Industrial Park,Uttar Pradesh,322.49,501,297,0,54.09,10,14.66,3.8,996,2
LA-INFR-00267,Industrial Park,Bihar,181.12,297,233,0,76.34,6,51.58,6.5,575,2
LA-INFR-00268,Railway Corridor,Odisha,46.64,85,251,1,66.64,3,51.69,6.3,411,2
LA-INFR-00269,National Highway,Uttar Pradesh,46.02,81,233,1,65.42,5,50.56,5.0,527,2
LA-INFR-00270,Irrigation Dam,Maharashtra,228.93,360,394,3,68.52,10,37.11,4.6,1000,2
LA-INFR-00271,Irrigation Dam,Maharashtra,312.56,492,375,2,88.51,12,44.68,5.3,1000,2
LA-INFR-00272,Irrigation Dam,Uttar Pradesh,258.51,406,355,4,66.99,4,56.58,6.7,711,2
LA-INFR-00273,Metro Rail,West Bengal,51.88,101,124,2,87.09,2,78.77,7.1,260,1
LA-INFR-00274,Railway Corridor,Bihar,67.03,115,262,2,81.7,4,63.32,8.2,472,2
LA-INFR-00275,Railway Corridor,Uttar Pradesh,86.55,147,266,0,88.05,4,63.01,6.9,386,2
LA-INFR-00276,Irrigation Dam,Maharashtra,253.78,404,288,3,44.32,7,27.84,5.1,915,2
LA-INFR-00277,Industrial Park,Uttar Pradesh,172.8,277,171,2,74.16,4,61.08,8.1,500,2
LA-INFR-00278,Industrial Park,Gujarat,605.95,931,255,2,26.8,20,0.0,1.0,1000,2
LA-INFR-00279,Irrigation Dam,Uttar Pradesh,364.32,565,359,2,63.89,15,9.53,1.7,1000,2
LA-INFR-00280,Irrigation Dam,Gujarat,401.69,623,251,3,80.18,10,35.5,4.3,1000,2
LA-INFR-00281,National Highway,Bihar,38.17,76,188,3,72.26,3,50.66,9.6,450,2
LA-INFR-00282,Railway Corridor,Maharashtra,272.95,431,245,2,62.11,12,26.25,2.3,1000,2
LA-INFR-00283,National Highway,Odisha,115.94,192,263,0,27.55,5,10.24,4.9,672,2
LA-INFR-00284,Railway Corridor,Bihar,96.88,159,200,1,82.64,5,56.05,6.2,485,2
LA-INFR-00285,National Highway,West Bengal,16.87,45,222,2,79.61,0,75.43,9.5,187,1
LA-INFR-00286,Railway Corridor,Gujarat,139.12,225,186,0,85.53,3,72.18,7.7,310,2
LA-INFR-00287,Railway Corridor,Maharashtra,241.35,392,296,2,73.64,12,36.96,2.5,1000,2
LA-INFR-00288,National Highway,Maharashtra,67.91,115,238,2,77.8,2,67.07,6.1,348,2
LA-INFR-00289,Railway Corridor,West Bengal,635.86,977,196,0,79.78,17,24.01,1.0,1000,2
LA-INFR-00290,National Highway,Uttar Pradesh,54.34,95,172,2,82.4,6,52.04,5.7,562,2
LA-INFR-00291,National Highway,Maharashtra,10.43,38,166,1,50.72,2,40.14,7.5,358,2
LA-INFR-00292,Irrigation Dam,Maharashtra,684.23,1043,440,3,61.34,16,7.05,1.4,1000,2
LA-INFR-00293,Railway Corridor,Maharashtra,137.57,224,221,2,63.14,8,21.09,4.5,821,2
LA-INFR-00294,National Highway,West Bengal,49.7,89,210,1,64.39,6,41.74,5.3,593,2
LA-INFR-00295,Railway Corridor,Maharashtra,173.99,278,219,1,90.29,5,57.72,6.6,503,2
LA-INFR-00296,Irrigation Dam,Bihar,758.88,1159,318,3,73.73,17,18.96,1.5,1000,2
LA-INFR-00297,National Highway,Tamil Nadu,36.69,80,224,1,65.41,1,53.94,8.2,279,1
LA-INFR-00298,Industrial Park,Bihar,628.45,967,231,1,46.79,19,0.0,1.0,1000,2
LA-INFR-00299,National Highway,Maharashtra,122.1,204,230,1,87.27,5,61.04,4.1,491,2
LA-INFR-00300,National Highway,West Bengal,155.31,261,166,1,87.54,5,60.74,6.0,480,2
LA-INFR-00301,Railway Corridor,Maharashtra,85.17,144,274,1,80.63,2,65.43,6.5,324,2
LA-INFR-00302,Railway Corridor,West Bengal,45.92,84,202,1,67.24,1,62.15,9.2,257,1
LA-INFR-00303,Industrial Park,Odisha,62.29,116,197,1,53.3,4,30.55,5.3,516,2
LA-INFR-00304,Industrial Park,Bihar,332.16,520,194,1,75.98,13,29.44,1.0,1000,2
LA-INFR-00305,Metro Rail,Bihar,14.33,39,177,0,74.09,2,71.24,8.0,227,1
LA-INFR-00306,Railway Corridor,Bihar,112.53,192,243,1,92.71,1,77.09,7.8,220,1
LA-INFR-00307,National Highway,Uttar Pradesh,26.13,59,274,0,88.79,5,64.83,6.1,422,2
LA-INFR-00308,Irrigation Dam,Odisha,324.92,506,313,4,82.59,13,39.54,3.2,1000,2
LA-INFR-00309,National Highway,Odisha,32.22,66,137,1,36.92,6,26.15,5.5,645,2
LA-INFR-00310,Railway Corridor,Uttar Pradesh,521.92,806,178,0,70.42,10,41.14,3.5,957,2
LA-INFR-00311,National Highway,Tamil Nadu,29.82,60,207,1,69.62,3,52.96,7.0,378,2
LA-INFR-00312,National Highway,Gujarat,194.02,318,168,1,61.84,7,36.62,4.1,709,2
LA-INFR-00313,Metro Rail,Gujarat,24.29,59,200,0,51.71,5,30.5,7.5,526,2
LA-INFR-00314,Irrigation Dam,Bihar,423.56,659,322,3,76.84,22,8.62,1.0,1000,2
LA-INFR-00315,Industrial Park,Bihar,51.08,99,229,0,72.49,6,46.65,4.4,537,2
LA-INFR-00316,Railway Corridor,Uttar Pradesh,22.19,64,157,1,70.66,0,72.11,8.4,152,1
LA-INFR-00317,National Highway,Gujarat,25.18,54,259,2,59.04,0,43.48,7.2,295,1
LA-INFR-00318,National Highway,Maharashtra,83.37,151,313,1,64.31,2,54.95,8.4,395,2
LA-INFR-00319,National Highway,Tamil Nadu,22.7,54,301,1,90.0,3,75.74,4.8,335,2
LA-INFR-00320,Railway Corridor,Uttar Pradesh,172.66,278,200,0,94.13,6,54.12,4.0,510,2
LA-INFR-00321,Industrial Park,Uttar Pradesh,258.41,404,263,0,52.01,10,8.63,3.6,969,2
LA-INFR-00322,Industrial Park,Bihar,194.49,302,257,1,56.38,14,15.32,2.5,1000,2
LA-INFR-00323,National Highway,Gujarat,11.74,40,227,1,38.41,3,28.17,6.1,488,2
LA-INFR-00324,Metro Rail,Maharashtra,11.17,37,238,0,53.66,2,46.25,6.9,332,2
LA-INFR-00325,Industrial Park,Tamil Nadu,150.96,240,264,1,83.63,9,56.66,6.1,769,2
LA-INFR-00326,Railway Corridor,Maharashtra,123.36,210,274,0,60.29,9,25.53,3.7,820,2
LA-INFR-00327,Industrial Park,Maharashtra,477.04,728,189,2,62.15,21,1.29,1.0,1000,2
LA-INFR-00328,Railway Corridor,Bihar,393.94,606,267,1,72.47,16,31.85,1.4,1000,2
LA-INFR-00329,National Highway,Bihar,133.56,216,313,0,41.26,5,28.47,4.9,642,2
LA-INFR-00330,Railway Corridor,Uttar Pradesh,25.94,59,274,2,49.63,4,34.84,7.0,576,2
LA-INFR-00331,Irrigation Dam,Uttar Pradesh,628.3,964,426,4,59.07,13,13.89,3.3,1000,2
LA-INFR-00332,National Highway,Maharashtra,15.59,40,100,1,87.67,0,79.95,7.9,72,0
LA-INFR-00333,National Highway,Uttar Pradesh,81.05,139,259,1,51.57,3,38.29,7.2,482,2
LA-INFR-00334,National Highway,Gujarat,20.92,51,243,1,63.48,1,54.27,6.5,283,1
LA-INFR-00335,National Highway,Gujarat,102.61,170,281,0,62.58,5,35.81,6.9,555,2
LA-INFR-00336,Irrigation Dam,Uttar Pradesh,686.63,1046,293,1,95.91,20,28.45,1.0,1000,2
LA-INFR-00337,Industrial Park,Tamil Nadu,60.29,106,204,2,60.98,5,41.04,7.7,585,2
LA-INFR-00338,Railway Corridor,Gujarat,83.42,148,275,1,57.14,9,31.25,4.1,845,2
LA-INFR-00339,National Highway,Maharashtra,127.46,216,177,1,66.61,4,50.8,5.9,477,2
LA-INFR-00340,Railway Corridor,Odisha,142.39,241,242,1,72.57,7,40.66,5.0,687,2
LA-INFR-00341,Railway Corridor,Gujarat,70.03,132,229,1,83.05,1,66.26,8.2,235,1
LA-INFR-00342,National Highway,Maharashtra,19.19,51,220,2,48.16,3,34.32,8.2,496,2
LA-INFR-00343,Railway Corridor,Maharashtra,20.34,48,258,1,63.45,2,46.76,7.6,358,2
LA-INFR-00344,Railway Corridor,Gujarat,147.24,241,174,0,67.58,6,43.54,7.7,569,2
LA-INFR-00345,Industrial Park,Bihar,302.2,473,190,0,55.68,9,19.73,3.6,875,2
LA-INFR-00346,Industrial Park,Maharashtra,195.89,310,223,3,52.39,6,35.54,5.4,775,2
LA-INFR-00347,National Highway,Uttar Pradesh,167.39,269,169,0,64.85,3,52.29,5.7,391,2
LA-INFR-00348,Railway Corridor,Bihar,45.84,97,291,2,51.7,7,30.49,4.7,772,2
LA-INFR-00349,Industrial Park,Tamil Nadu,276.65,429,190,2,77.78,7,48.18,4.5,735,2
LA-INFR-00350,Railway Corridor,West Bengal,21.22,47,269,1,81.96,2,68.76,5.7,289,1
LA-INFR-00351,Irrigation Dam,Gujarat,960.69,1463,306,3,67.07,20,4.95,1.0,1000,2
LA-INFR-00352,Industrial Park,Uttar Pradesh,144.7,240,265,1,92.47,6,67.05,6.2,554,2
LA-INFR-00353,National Highway,Bihar,113.26,203,149,1,92.68,8,62.96,4.4,622,2
LA-INFR-00354,National Highway,Bihar,44.31,93,300,2,27.84,7,0.65,5.5,870,2
LA-INFR-00355,Industrial Park,Bihar,632.83,968,286,2,29.88,21,0.0,1.0,1000,2
LA-INFR-00356,National Highway,Maharashtra,102.56,174,202,1,89.78,1,74.87,7.4,209,1
LA-INFR-00357,Railway Corridor,Gujarat,281.75,438,188,1,86.26,7,67.07,5.7,652,2
LA-INFR-00358,Metro Rail,Odisha,39.46,79,252,2,84.53,0,77.05,8.0,194,1
LA-INFR-00359,Railway Corridor,Bihar,58.43,107,153,3,48.71,6,31.36,5.6,707,2
LA-INFR-00360,Railway Corridor,Tamil Nadu,238.16,376,231,2,52.04,7,23.63,3.3,830,2
LA-INFR-00361,Industrial Park,Uttar Pradesh,158.67,259,189,1,81.11,6,53.93,6.4,573,2
LA-INFR-00362,Railway Corridor,Bihar,34.66,89,217,0,60.08,2,46.75,8.5,319,2
LA-INFR-00363,Railway Corridor,Tamil Nadu,28.6,62,197,0,80.09,0,63.28,9.0,115,1
LA-INFR-00364,Metro Rail,Bihar,14.46,35,190,1,67.02,2,41.13,6.7,325,2
LA-INFR-00365,Railway Corridor,Gujarat,21.07,47,315,2,71.9,0,63.27,9.0,259,1
LA-INFR-00366,Metro Rail,Tamil Nadu,9.4,34,269,1,84.43,0,66.54,8.4,162,1
LA-INFR-00367,Metro Rail,Uttar Pradesh,33.93,70,156,1,59.76,3,46.21,5.9,392,2
LA-INFR-00368,National Highway,West Bengal,65.21,123,186,2,80.45,5,56.61,5.7,514,2
LA-INFR-00369,National Highway,Maharashtra,65.93,114,272,0,90.63,2,61.48,7.1,255,1
LA-INFR-00370,National Highway,Uttar Pradesh,37.25,77,278,3,70.73,5,45.99,3.7,616,2
LA-INFR-00371,National Highway,Uttar Pradesh,150.9,244,160,1,65.13,10,28.49,4.2,868,2
LA-INFR-00372,National Highway,Bihar,51.98,91,264,0,84.82,3,74.39,5.7,305,2
LA-INFR-00373,Industrial Park,West Bengal,223.26,355,243,2,68.37,14,17.25,1.3,1000,2
LA-INFR-00374,National Highway,Bihar,369.82,570,132,3,49.88,12,0.69,3.4,1000,2
LA-INFR-00375,National Highway,West Bengal,50.81,95,209,2,88.25,4,58.58,6.1,434,2
LA-INFR-00376,Irrigation Dam,Tamil Nadu,723.81,1105,343,2,77.49,17,16.14,1.0,1000,2
LA-INFR-00377,National Highway,Uttar Pradesh,53.18,104,232,2,39.43,8,6.56,5.0,870,2
LA-INFR-00378,Irrigation Dam,Odisha,554.05,845,283,2,42.71,8,13.41,3.9,1000,2
LA-INFR-00379,National Highway,Uttar Pradesh,100.0,171,191,2,69.03,8,38.98,3.9,759,2
LA-INFR-00380,National Highway,Uttar Pradesh,103.24,170,198,1,64.85,1,58.05,8.8,289,1
LA-INFR-00381,Industrial Park,Bihar,157.23,258,203,1,93.05,8,62.58,5.0,658,2
LA-INFR-00382,Industrial Park,Uttar Pradesh,154.92,256,204,1,94.52,6,64.06,5.9,533,2
LA-INFR-00383,Irrigation Dam,Maharashtra,202.54,325,343,2,81.58,8,52.57,6.4,813,2
LA-INFR-00384,Industrial Park,Tamil Nadu,342.41,536,245,1,63.49,9,22.5,4.2,931,2
LA-INFR-00385,Irrigation Dam,Bihar,298.51,468,438,3,60.44,7,34.08,4.6,944,2
LA-INFR-00386,National Highway,Bihar,18.39,50,273,3,47.43,3,34.75,6.2,558,2
LA-INFR-00387,National Highway,Gujarat,232.8,364,295,1,76.84,11,36.78,5.5,975,2
LA-INFR-00388,Irrigation Dam,Tamil Nadu,557.92,862,325,0,85.05,15,26.37,1.9,1000,2
LA-INFR-00389,Irrigation Dam,Odisha,848.08,1286,299,1,95.01,13,41.87,1.9,1000,2
LA-INFR-00390,Metro Rail,Maharashtra,27.01,58,270,1,74.4,4,58.19,6.5,444,2
LA-INFR-00391,Railway Corridor,Tamil Nadu,194.85,307,229,0,90.78,7,58.61,4.6,593,2
LA-INFR-00392,Railway Corridor,Odisha,54.43,104,266,1,56.52,4,41.82,6.0,519,2
LA-INFR-00393,Irrigation Dam,Tamil Nadu,1388.68,2101,305,3,72.21,13,22.95,4.4,1000,2
LA-INFR-00394,National Highway,West Bengal,13.15,34,262,2,35.24,4,33.98,6.5,602,2
LA-INFR-00395,Metro Rail,Uttar Pradesh,40.58,69,221,1,74.95,3,57.06,5.5,368,2
LA-INFR-00396,Irrigation Dam,Maharashtra,503.92,784,326,1,75.5,17,22.92,1.0,1000,2
LA-INFR-00397,Railway Corridor,Bihar,182.06,293,211,2,79.63,8,59.55,2.9,748,2
LA-INFR-00398,Irrigation Dam,Uttar Pradesh,1288.2,1955,374,3,77.81,16,27.58,1.0,1000,2
LA-INFR-00399,Irrigation Dam,Odisha,979.5,1493,388,2,55.16,16,0.0,2.6,1000,2
LA-INFR-00400,National Highway,Uttar Pradesh,21.31,51,211,1,67.8,1,57.53,6.9,256,1
LA-INFR-00401,Metro Rail,Gujarat,26.83,58,247,0,65.44,1,39.36,10.0,260,1
LA-INFR-00402,Railway Corridor,Gujarat,206.3,325,247,0,56.22,7,17.89,2.6,740,2
LA-INFR-00403,Irrigation Dam,Uttar Pradesh,555.94,860,386,4,77.42,20,9.59,1.0,1000,2
LA-INFR-00404,National Highway,Uttar Pradesh,226.66,364,279,2,56.53,9,20.97,4.5,958,2
LA-INFR-00405,Irrigation Dam,Odisha,258.01,406,440,2,69.39,9,29.86,4.5,991,2
LA-INFR-00406,Railway Corridor,Gujarat,152.38,247,206,1,64.17,10,27.93,4.6,891,2
LA-INFR-00407,National Highway,Bihar,63.58,113,303,2,66.26,8,32.69,4.5,803,2
LA-INFR-00408,Metro Rail,Uttar Pradesh,23.34,62,235,2,66.83,1,52.29,8.9,316,2
LA-INFR-00409,National Highway,Bihar,20.03,56,175,1,52.85,3,43.58,5.6,416,2
LA-INFR-00410,National Highway,Tamil Nadu,104.71,173,197,2,65.55,5,37.55,5.8,592,2
LA-INFR-00411,Metro Rail,Uttar Pradesh,9.65,31,253,1,85.59,1,77.51,6.5,199,1
LA-INFR-00412,Metro Rail,West Bengal,33.92,76,266,2,77.72,2,65.15,6.7,350,2
LA-INFR-00413,Railway Corridor,Maharashtra,56.73,99,179,2,90.29,1,85.09,7.3,207,1
LA-INFR-00414,Industrial Park,Maharashtra,343.47,531,191,0,41.17,6,16.68,6.2,752,2
LA-INFR-00415,Railway Corridor,Uttar Pradesh,159.82,259,203,1,85.89,2,64.57,6.2,314,2
LA-INFR-00416,National Highway,Uttar Pradesh,81.8,139,186,2,33.15,4,14.66,6.1,627,2
LA-INFR-00417,National Highway,Uttar Pradesh,15.15,49,135,2,52.71,4,35.24,6.4,509,2
LA-INFR-00418,Industrial Park,Bihar,715.21,1089,119,0,44.16,13,5.68,2.9,1000,2
LA-INFR-00419,Irrigation Dam,Uttar Pradesh,1008.84,1528,330,3,42.53,12,6.3,2.1,1000,2
LA-INFR-00420,Irrigation Dam,Maharashtra,1009.19,1530,362,3,43.8,20,0.0,1.0,1000,2
LA-INFR-00421,Irrigation Dam,Uttar Pradesh,1234.02,1870,382,4,24.94,16,0.0,2.8,1000,2
LA-INFR-00422,National Highway,Gujarat,65.13,123,161,1,69.14,4,53.71,7.6,436,2
LA-INFR-00423,Railway Corridor,Bihar,143.58,238,162,1,67.06,8,41.63,4.5,727,2
LA-INFR-00424,National Highway,Bihar,101.11,171,203,0,70.41,9,38.0,4.9,741,2
LA-INFR-00425,Railway Corridor,Tamil Nadu,103.29,177,230,1,76.48,7,49.27,5.0,645,2
LA-INFR-00426,Railway Corridor,Gujarat,114.53,193,280,2,62.51,4,45.45,7.5,569,2
LA-INFR-00427,Irrigation Dam,Uttar Pradesh,102.79,178,385,3,79.77,0,73.14,8.7,330,2
LA-INFR-00428,Railway Corridor,Tamil Nadu,219.86,347,211,1,92.45,8,60.56,3.6,689,2
LA-INFR-00429,National Highway,West Bengal,119.11,199,248,1,64.8,6,35.34,5.4,644,2
LA-INFR-00430,National Highway,Tamil Nadu,19.95,50,187,2,76.43,0,60.7,7.3,200,1
LA-INFR-00431,Irrigation Dam,Maharashtra,90.35,156,353,3,52.8,2,37.13,7.1,542,2
LA-INFR-00432,Industrial Park,Tamil Nadu,239.65,378,226,0,66.95,6,39.93,4.4,632,2
LA-INFR-00433,National Highway,Maharashtra,48.31,88,300,2,46.64,3,36.26,6.7,540,2
LA-INFR-00434,National Highway,Tamil Nadu,153.09,249,254,2,79.21,7,48.93,5.0,707,2
LA-INFR-00435,Industrial Park,West Bengal,332.1,522,191,1,91.83,9,56.66,4.3,794,2
LA-INFR-00436,National Highway,Uttar Pradesh,30.31,62,191,0,64.4,3,49.31,7.1,349,2
LA-INFR-00437,Irrigation Dam,Odisha,198.25,313,333,4,69.77,2,59.28,5.7,548,2
LA-INFR-00438,Industrial Park,Maharashtra,104.4,170,151,0,99.38,6,69.31,6.4,431,2
LA-INFR-00439,National Highway,Odisha,35.33,70,218,0,34.68,4,15.59,7.2,537,2
LA-INFR-00440,National Highway,Bihar,81.0,140,222,0,75.75,3,50.94,8.2,352,2
LA-INFR-00441,Metro Rail,Uttar Pradesh,33.81,67,253,1,75.88,4,57.96,6.3,436,2
LA-INFR-00442,Railway Corridor,Maharashtra,92.21,159,260,1,42.49,5,8.27,6.3,666,2
LA-INFR-00443,Railway Corridor,Gujarat,110.92,190,234,2,62.11,8,32.71,5.8,806,2
LA-INFR-00444,Irrigation Dam,Maharashtra,1516.07,2289,268,2,92.06,12,51.29,2.5,1000,2
LA-INFR-00445,Metro Rail,Maharashtra,139.18,227,168,0,59.61,7,31.9,5.7,657,2
LA-INFR-00446,Metro Rail,Uttar Pradesh,27.23,62,199,3,81.54,2,69.22,6.5,345,2
LA-INFR-00447,Irrigation Dam,Tamil Nadu,572.69,871,382,2,65.82,13,18.09,3.3,1000,2
LA-INFR-00448,Railway Corridor,Bihar,77.65,138,260,0,66.81,1,57.1,8.0,261,1
LA-INFR-00449,National Highway,Maharashtra,314.73,489,217,0,92.39,9,55.34,3.5,756,2
LA-INFR-00450,Irrigation Dam,Uttar Pradesh,644.96,984,467,4,55.06,15,8.03,2.5,1000,2
LA-INFR-00451,Railway Corridor,Uttar Pradesh,47.17,89,308,2,58.26,4,39.01,6.0,571,2
LA-INFR-00452,Railway Corridor,Uttar Pradesh,467.91,714,291,0,92.61,12,41.41,3.0,1000,2
LA-INFR-00453,Metro Rail,Bihar,84.72,149,265,0,88.97,2,75.71,8.0,248,1
LA-INFR-00454,National Highway,West Bengal,111.06,183,252,1,70.92,6,45.19,6.7,614,2
LA-INFR-00455,Railway Corridor,Uttar Pradesh,84.83,145,249,2,82.64,2,64.89,7.6,350,2
LA-INFR-00456,National Highway,Uttar Pradesh,27.4,57,139,1,81.02,2,70.15,7.2,240,1
LA-INFR-00457,Railway Corridor,Uttar Pradesh,22.2,54,177,1,72.0,3,65.78,7.5,342,2
LA-INFR-00458,National Highway,Gujarat,11.23,35,218,0,84.42,3,69.33,6.5,279,1
LA-INFR-00459,National Highway,Gujarat,54.54,100,236,1,91.32,3,77.17,7.7,316,2
LA-INFR-00460,National Highway,Odisha,52.2,108,223,1,71.6,4,53.2,5.8,451,2
LA-INFR-00461,Industrial Park,Uttar Pradesh,91.23,160,243,1,50.06,8,28.2,4.6,797,2
LA-INFR-00462,Industrial Park,Maharashtra,183.65,294,124,1,59.33,12,20.66,2.3,1000,2
LA-INFR-00463,Railway Corridor,Uttar Pradesh,54.79,102,255,0,64.13,1,51.93,7.5,263,1
LA-INFR-00464,Metro Rail,Uttar Pradesh,31.09,62,233,0,72.92,1,65.61,9.1,205,1
LA-INFR-00465,Railway Corridor,Bihar,121.76,202,220,1,90.24,5,68.37,7.5,470,2
LA-INFR-00466,National Highway,West Bengal,43.09,90,276,0,42.23,1,33.03,9.2,345,2
LA-INFR-00467,Irrigation Dam,Odisha,411.1,631,297,3,81.0,9,52.12,3.8,979,2
LA-INFR-00468,National Highway,Odisha,106.12,184,218,0,77.81,4,51.7,9.1,416,2
LA-INFR-00469,Metro Rail,Uttar Pradesh,55.06,102,244,1,57.56,3,44.66,8.0,444,2
LA-INFR-00470,National Highway,Tamil Nadu,60.93,107,187,0,89.95,2,72.8,8.2,208,1
LA-INFR-00471,Metro Rail,Uttar Pradesh,12.72,36,129,2,67.72,4,40.92,6.6,459,2
LA-INFR-00472,National Highway,Maharashtra,108.37,178,172,2,53.05,9,21.33,2.8,875,2
LA-INFR-00473,Irrigation Dam,West Bengal,233.39,377,346,3,71.49,12,26.27,2.6,1000,2
LA-INFR-00474,Railway Corridor,Maharashtra,91.05,159,217,1,79.8,10,38.9,3.6,819,2
LA-INFR-00475,Metro Rail,Bihar,36.34,74,229,3,70.14,2,51.83,7.1,410,2
LA-INFR-00476,National Highway,Uttar Pradesh,30.94,71,197,1,56.95,5,46.3,5.6,536,2
LA-INFR-00477,Railway Corridor,Tamil Nadu,99.08,165,164,2,75.43,1,52.59,7.6,294,1
LA-INFR-00478,Metro Rail,West Bengal,8.66,33,236,2,84.33,1,62.09,8.1,254,1
LA-INFR-00479,Railway Corridor,Uttar Pradesh,40.23,85,221,3,61.47,5,42.94,6.1,622,2
LA-INFR-00480,Industrial Park,Odisha,609.77,930,261,1,27.76,16,0.0,1.4,1000,2
LA-INFR-00481,Industrial Park,Uttar Pradesh,77.59,127,192,0,57.06,4,32.41,6.1,466,2
LA-INFR-00482,Railway Corridor,Bihar,115.21,190,128,0,36.8,7,9.13,6.6,715,2
LA-INFR-00483,Industrial Park,West Bengal,248.31,388,99,1,65.87,8,38.42,4.4,749,2
LA-INFR-00484,Railway Corridor,Tamil Nadu,148.12,239,209,1,57.77,5,35.62,6.8,597,2
LA-INFR-00485,Metro Rail,Gujarat,21.44,52,236,1,61.21,1,56.07,7.6,284,1
LA-INFR-00486,National Highway,Uttar Pradesh,10.6,33,218,1,57.87,3,42.86,4.9,416,2
LA-INFR-00487,National Highway,Tamil Nadu,175.98,278,201,2,49.65,6,24.07,7.9,738,2
LA-INFR-00488,Metro Rail,Tamil Nadu,5.33,35,150,1,49.79,8,13.52,6.0,744,2
LA-INFR-00489,Irrigation Dam,Gujarat,551.83,847,255,2,56.05,13,11.12,5.1,1000,2
LA-INFR-00490,Railway Corridor,Maharashtra,89.03,155,248,2,80.07,5,53.86,6.9,552,2
LA-INFR-00491,Industrial Park,West Bengal,76.48,134,218,1,81.41,3,69.24,6.9,353,2
LA-INFR-00492,National Highway,Tamil Nadu,26.11,61,211,0,68.1,5,51.07,6.6,465,2
LA-INFR-00493,National Highway,Uttar Pradesh,18.89,42,152,2,46.69,3,31.79,6.3,474,2
LA-INFR-00494,Railway Corridor,Bihar,69.44,124,181,0,72.58,5,50.14,5.1,460,2
LA-INFR-00495,Railway Corridor,Uttar Pradesh,185.94,296,232,2,69.04,11,27.28,5.7,1000,2
LA-INFR-00496,Railway Corridor,Tamil Nadu,72.36,128,244,2,61.87,6,35.03,5.3,671,2
LA-INFR-00497,National Highway,Odisha,63.51,113,221,1,52.56,4,29.95,6.5,528,2
LA-INFR-00498,Metro Rail,Tamil Nadu,14.47,47,298,1,78.12,2,64.65,7.7,315,2
LA-INFR-00499,Metro Rail,Tamil Nadu,13.1,42,201,1,55.54,4,36.54,6.2,485,2
LA-INFR-00500,Industrial Park,Bihar,220.19,351,294,2,69.56,3,61.06,7.8,520,2
LA-INFR-00501,Railway Corridor,Maharashtra,136.61,222,240,1,61.7,7,32.77,5.1,718,2
LA-INFR-00502,National Highway,Uttar Pradesh,90.62,156,235,1,60.72,0,66.67,10.0,240,1
LA-INFR-00503,Irrigation Dam,Bihar,208.19,328,396,4,76.51,10,47.9,2.1,1000,2
LA-INFR-00504,Industrial Park,Uttar Pradesh,216.7,346,198,3,72.93,8,38.04,4.1,840,2
LA-INFR-00505,National Highway,Maharashtra,43.91,82,213,3,62.75,5,41.1,7.1,617,2
LA-INFR-00506,Metro Rail,Bihar,6.59,28,168,2,45.6,2,27.27,5.6,424,2
LA-INFR-00507,Irrigation Dam,Uttar Pradesh,99.59,173,396,3,80.18,1,67.07,7.8,400,2
LA-INFR-00508,Metro Rail,Uttar Pradesh,24.57,51,246,0,25.11,5,9.47,5.7,634,2
LA-INFR-00509,Industrial Park,Bihar,136.71,226,284,1,46.3,9,15.7,4.3,915,2
LA-INFR-00510,Industrial Park,Maharashtra,109.15,179,240,2,89.88,7,55.85,6.4,649,2
LA-INFR-00511,Railway Corridor,Gujarat,170.56,272,285,1,78.92,6,52.65,5.7,622,2
LA-INFR-00512,Metro Rail,Odisha,9.76,33,192,1,73.97,2,63.07,6.4,281,1
LA-INFR-00513,Irrigation Dam,West Bengal,564.13,868,399,1,46.24,16,0.0,2.6,1000,2
LA-INFR-00514,National Highway,Maharashtra,72.47,129,210,1,85.02,4,71.26,6.6,396,2
LA-INFR-00515,National Highway,West Bengal,50.89,94,230,2,84.51,4,63.61,5.0,446,2
LA-INFR-00516,Railway Corridor,Odisha,25.86,52,266,1,58.47,2,38.69,6.5,384,2
LA-INFR-00517,Irrigation Dam,West Bengal,436.31,672,466,4,55.45,16,0.0,1.5,1000,2
LA-INFR-00518,Metro Rail,Maharashtra,8.09,33,271,2,74.62,0,65.28,8.8,228,1
LA-INFR-00519,National Highway,Tamil Nadu,83.44,140,275,2,30.64,3,12.63,6.7,612,2
LA-INFR-00520,Railway Corridor,Odisha,20.65,62,202,1,61.44,1,44.2,8.6,286,1
LA-INFR-00521,Railway Corridor,Tamil Nadu,477.78,735,237,1,69.98,19,3.85,1.0,1000,2
LA-INFR-00522,Metro Rail,Tamil Nadu,29.55,60,225,2,73.97,2,64.56,6.5,340,2
LA-INFR-00523,Irrigation Dam,Bihar,282.24,445,420,1,51.39,11,10.94,3.7,1000,2
LA-INFR-00524,Irrigation Dam,Bihar,866.15,1313,342,0,45.18,14,0.31,3.1,1000,2
LA-INFR-00525,Railway Corridor,Maharashtra,33.98,68,296,1,61.48,4,50.52,6.2,499,2
LA-INFR-00526,Railway Corridor,Tamil Nadu,179.73,283,164,1,85.19,7,57.59,4.1,616,2
LA-INFR-00527,National Highway,Maharashtra,14.42,35,299,2,89.07,0,75.5,8.2,192,1
LA-INFR-00528,National Highway,Bihar,143.6,240,186,1,73.54,6,48.06,4.7,593,2
LA-INFR-00529,Irrigation Dam,Uttar Pradesh,477.3,735,392,3,69.87,12,24.7,4.7,1000,2
LA-INFR-00530,Irrigation Dam,Bihar,176.07,280,306,2,70.97,8,42.39,5.9,825,2
LA-INFR-00531,Metro Rail,Maharashtra,22.13,53,260,1,51.45,0,47.23,7.8,269,1
LA-INFR-00532,Metro Rail,Tamil Nadu,11.27,33,181,0,74.11,2,59.28,7.7,241,1
LA-INFR-00533,Railway Corridor,West Bengal,29.79,62,281,0,38.88,2,29.39,7.1,413,2
LA-INFR-00534,Irrigation Dam,Maharashtra,429.36,658,392,2,28.9,13,0.0,4.3,1000,2
LA-INFR-00535,Metro Rail,Maharashtra,5.41,31,199,1,67.92,2,47.14,5.6,317,2
LA-INFR-00536,Irrigation Dam,Maharashtra,536.11,819,378,1,53.17,18,0.0,1.0,1000,2
LA-INFR-00537,National Highway,Odisha,15.68,39,277,0,78.3,4,62.84,5.4,387,2
LA-INFR-00538,Railway Corridor,Bihar,96.53,166,183,1,52.04,10,21.98,4.4,897,2
LA-INFR-00539,National Highway,Bihar,49.13,96,178,3,47.57,4,31.75,4.5,596,2
LA-INFR-00540,Metro Rail,Maharashtra,58.59,106,176,1,76.22,3,64.31,7.1,347,2
LA-INFR-00541,Industrial Park,Tamil Nadu,69.42,119,169,1,84.0,8,60.18,6.7,634,2
LA-INFR-00542,National Highway,Odisha,90.35,157,176,2,46.66,6,21.73,5.1,706,2
LA-INFR-00543,Industrial Park,Odisha,56.86,108,276,2,36.04,6,10.78,4.1,772,2
LA-INFR-00544,Industrial Park,Tamil Nadu,317.45,494,257,1,74.61,12,34.82,3.9,1000,2
LA-INFR-00545,Railway Corridor,Maharashtra,131.09,215,145,2,78.44,5,62.59,5.7,520,2
LA-INFR-00546,National Highway,Maharashtra,193.55,303,204,0,97.23,9,57.15,5.3,687,2
LA-INFR-00547,Industrial Park,Maharashtra,60.47,112,172,1,89.32,4,75.76,7.5,361,2
LA-INFR-00548,Railway Corridor,Uttar Pradesh,22.26,54,273,2,72.83,2,57.66,8.2,368,2
LA-INFR-00549,Irrigation Dam,Maharashtra,401.96,617,327,3,84.76,19,20.41,1.0,1000,2
LA-INFR-00550,Railway Corridor,Uttar Pradesh,87.56,146,152,3,85.32,6,56.97,7.4,595,2
LA-INFR-00551,Irrigation Dam,Uttar Pradesh,127.01,215,358,3,43.32,8,16.24,5.6,969,2
LA-INFR-00552,Railway Corridor,Gujarat,30.75,60,260,1,70.1,2,51.84,6.5,339,2
LA-INFR-00553,Railway Corridor,Tamil Nadu,26.48,60,182,1,94.35,3,81.06,6.1,272,1
LA-INFR-00554,Irrigation Dam,Odisha,126.93,210,336,2,71.63,5,41.29,7.3,638,2
LA-INFR-00555,Railway Corridor,West Bengal,183.34,295,184,0,68.38,5,41.88,6.7,527,2
LA-INFR-00556,National Highway,Maharashtra,16.64,47,292,0,92.76,1,86.97,6.9,149,1
LA-INFR-00557,National Highway,West Bengal,127.24,210,208,3,29.31,8,13.69,4.4,946,2
LA-INFR-00558,Irrigation Dam,Uttar Pradesh,617.45,946,313,1,67.82,13,19.4,2.7,1000,2
LA-INFR-00559,Industrial Park,Tamil Nadu,92.8,158,227,1,72.49,3,63.91,7.6,391,2
LA-INFR-00560,Industrial Park,Uttar Pradesh,95.15,157,219,1,83.42,3,72.55,6.6,350,2
LA-INFR-00561,National Highway,Gujarat,200.57,315,264,1,70.59,4,53.57,7.7,525,2
LA-INFR-00562,National Highway,Uttar Pradesh,15.73,43,290,2,65.53,5,41.58,6.4,590,2
LA-INFR-00563,National Highway,Uttar Pradesh,25.76,55,291,1,66.35,6,48.74,7.0,603,2
LA-INFR-00564,Railway Corridor,Gujarat,51.09,94,210,2,54.35,5,32.97,4.9,610,2
LA-INFR-00565,Railway Corridor,Maharashtra,46.56,87,245,2,30.23,2,23.53,8.7,514,2
LA-INFR-00566,Railway Corridor,Tamil Nadu,92.36,170,304,1,72.22,8,30.19,6.0,766,2
LA-INFR-00567,Railway Corridor,West Bengal,58.84,110,306,1,58.9,4,39.0,6.5,534,2
LA-INFR-00568,Metro Rail,Odisha,22.91,53,186,1,36.25,4,17.57,5.9,553,2
LA-INFR-00569,National Highway,Gujarat,63.54,116,259,2,74.68,3,58.84,8.1,433,2
LA-INFR-00570,Railway Corridor,Gujarat,227.07,361,251,1,66.45,8,34.24,4.3,806,2
LA-INFR-00571,Irrigation Dam,Maharashtra,504.1,772,396,1,65.46,17,5.37,1.2,1000,2
LA-INFR-00572,Railway Corridor,Odisha,230.65,358,292,2,60.89,14,12.78,2.9,1000,2
LA-INFR-00573,Industrial Park,Tamil Nadu,322.05,502,177,1,57.23,12,11.63,2.1,1000,2
LA-INFR-00574,Irrigation Dam,Tamil Nadu,88.56,157,315,3,38.83,7,5.67,5.0,900,2
LA-INFR-00575,Metro Rail,Maharashtra,35.55,74,275,2,72.39,3,53.91,5.9,440,2
LA-INFR-00576,National Highway,Tamil Nadu,235.0,368,237,0,81.69,10,42.39,2.4,834,2
LA-INFR-00577,Metro Rail,Gujarat,5.24,29,118,1,78.51,3,65.41,8.9,296,1
LA-INFR-00578,Railway Corridor,Gujarat,178.29,290,146,0,79.71,11,37.71,2.9,847,2
LA-INFR-00579,National Highway,Bihar,114.14,187,263,2,67.2,11,29.43,4.2,988,2
LA-INFR-00580,Railway Corridor,Maharashtra,305.18,477,271,3,35.42,15,0.0,4.1,1000,2
LA-INFR-00581,Metro Rail,Uttar Pradesh,61.4,111,162,0,88.76,4,67.8,5.8,327,2
LA-INFR-00582,Railway Corridor,Odisha,43.12,79,284,2,69.93,4,42.29,5.1,526,2
LA-INFR-00583,National Highway,West Bengal,58.42,103,220,1,80.76,0,69.54,9.8,167,1
LA-INFR-00584,Industrial Park,Bihar,230.54,361,178,2,69.05,13,9.53,1.9,1000,2
LA-INFR-00585,National Highway,Maharashtra,33.29,72,201,2,55.08,3,34.62,6.4,476,2
LA-INFR-00586,National Highway,Bihar,14.68,40,168,0,66.88,2,47.83,6.6,270,1
LA-INFR-00587,National Highway,Bihar,145.6,243,199,1,59.11,6,38.27,5.8,647,2
LA-INFR-00588,National Highway,Gujarat,107.37,178,136,0,91.33,3,74.95,5.0,260,1
LA-INFR-00589,National Highway,Tamil Nadu,19.02,46,226,3,74.21,2,66.13,7.8,374,2
LA-INFR-00590,National Highway,Uttar Pradesh,99.97,177,259,1,38.99,5,13.49,6.5,673,2
LA-INFR-00591,Industrial Park,Bihar,641.56,982,162,3,36.89,11,4.31,4.5,1000,2
LA-INFR-00592,National Highway,Maharashtra,41.57,86,230,1,85.38,2,67.96,8.0,276,1
LA-INFR-00593,National Highway,Gujarat,27.58,63,189,1,55.32,2,52.76,7.7,347,2
LA-INFR-00594,Irrigation Dam,Uttar Pradesh,939.9,1429,383,2,53.39,14,5.15,2.1,1000,2
LA-INFR-00595,Railway Corridor,Bihar,54.4,97,114,2,79.46,2,73.54,7.3,281,1
LA-INFR-00596,Industrial Park,Uttar Pradesh,205.44,335,265,0,80.11,11,53.48,2.9,887,2
LA-INFR-00597,National Highway,Tamil Nadu,66.43,120,139,1,29.01,8,4.23,5.0,826,2
LA-INFR-00598,National Highway,Tamil Nadu,15.73,42,219,0,51.54,1,52.29,6.8,263,1
LA-INFR-00599,National Highway,West Bengal,48.54,97,194,2,75.01,1,62.85,7.7,276,1
LA-INFR-00600,National Highway,Uttar Pradesh,22.92,55,211,2,80.39,3,69.91,6.4,370,2
LA-INFR-00601,National Highway,Uttar Pradesh,24.02,52,153,0,67.56,1,57.48,6.8,194,1
LA-INFR-00602,National Highway,Maharashtra,74.96,130,313,1,80.0,3,65.83,7.9,397,2
LA-INFR-00603,National Highway,Tamil Nadu,155.32,252,165,1,62.15,3,49.46,7.6,435,2
LA-INFR-00604,National Highway,Maharashtra,41.03,77,169,1,89.4,0,79.57,8.1,106,1
LA-INFR-00605,Railway Corridor,Tamil Nadu,43.58,83,319,1,62.49,3,39.83,5.1,462,2
LA-INFR-00606,National Highway,Odisha,72.77,138,246,3,61.1,7,27.2,4.3,785,2
LA-INFR-00607,Railway Corridor,Odisha,135.8,219,167,2,66.94,8,42.05,4.7,764,2
LA-INFR-00608,Railway Corridor,Bihar,134.25,226,223,0,97.53,4,76.72,6.9,349,2
LA-INFR-00609,Industrial Park,Bihar,361.18,573,218,1,74.33,15,26.75,2.5,1000,2
LA-INFR-00610,National Highway,Maharashtra,56.14,100,145,1,80.54,2,63.98,7.4,263,1
LA-INFR-00611,Irrigation Dam,Tamil Nadu,228.56,356,312,3,56.72,8,25.31,4.8,944,2
LA-INFR-00612,Industrial Park,Odisha,756.61,1159,228,2,75.29,16,17.98,1.4,1000,2
LA-INFR-00613,National Highway,Uttar Pradesh,35.69,73,293,1,70.09,2,48.73,6.6,359,2
LA-INFR-00614,Irrigation Dam,Bihar,221.19,342,340,2,60.74,12,16.93,4.9,1000,2
LA-INFR-00615,Metro Rail,Odisha,26.59,59,224,1,74.07,2,59.09,8.2,305,2
LA-INFR-00616,National Highway,Odisha,168.77,273,189,1,62.56,5,41.26,6.6,579,2
LA-INFR-00617,National Highway,Uttar Pradesh,134.43,215,284,1,78.21,3,60.13,5.7,420,2
LA-INFR-00618,Irrigation Dam,Tamil Nadu,328.88,508,395,2,80.61,8,55.36,3.6,882,2
LA-INFR-00619,Industrial Park,Maharashtra,241.51,386,269,2,71.37,11,28.33,3.6,1000,2
LA-INFR-00620,National Highway,Maharashtra,36.56,79,235,0,78.58,2,68.91,6.7,252,1
LA-INFR-00621,National Highway,Gujarat,30.61,61,150,1,50.83,1,44.25,6.5,293,1
LA-INFR-00622,Railway Corridor,Odisha,183.73,299,284,1,85.81,9,50.39,4.5,794,2
LA-INFR-00623,Railway Corridor,West Bengal,151.33,246,232,2,66.41,6,45.53,3.7,674,2
LA-INFR-00624,Industrial Park,Maharashtra,198.0,324,214,2,61.88,9,27.0,4.3,901,2
LA-INFR-00625,Railway Corridor,Odisha,59.15,102,252,2,53.22,6,27.28,6.1,699,2
LA-INFR-00626,Railway Corridor,Bihar,113.84,186,241,0,92.2,7,60.17,5.7,560,2
LA-INFR-00627,Industrial Park,Uttar Pradesh,943.53,1433,176,1,83.31,15,31.01,1.0,1000,2
LA-INFR-00628,National Highway,Bihar,24.02,49,213,2,46.62,5,17.78,4.1,637,2
LA-INFR-00629,National Highway,Maharashtra,54.63,109,134,2,85.48,4,64.09,6.2,408,2
LA-INFR-00630,Industrial Park,West Bengal,556.61,853,234,1,41.71,15,0.0,1.4,1000,2
LA-INFR-00631,Irrigation Dam,Tamil Nadu,365.59,563,416,2,28.63,7,4.64,4.0,1000,2
LA-INFR-00632,Railway Corridor,Maharashtra,399.94,616,140,0,30.68,17,0.0,1.0,1000,2
LA-INFR-00633,Railway Corridor,Maharashtra,133.32,218,236,2,73.67,5,53.61,5.1,580,2
LA-INFR-00634,National Highway,Maharashtra,37.16,72,263,2,88.5,2,74.09,7.1,311,2
LA-INFR-00635,Railway Corridor,Maharashtra,22.64,63,270,0,82.0,6,47.68,5.4,518,2
LA-INFR-00636,Railway Corridor,Tamil Nadu,103.33,180,192,1,62.39,10,33.45,2.8,865,2
LA-INFR-00637,National Highway,Odisha,94.41,171,174,1,68.38,11,41.61,2.6,890,2
LA-INFR-00638,National Highway,Maharashtra,93.37,159,200,1,69.79,6,52.43,5.3,581,2
LA-INFR-00639,Railway Corridor,Maharashtra,159.64,258,289,2,64.7,7,36.16,4.4,776,2
LA-INFR-00640,National Highway,Tamil Nadu,60.9,123,144,0,95.15,1,78.2,7.9,114,1
LA-INFR-00641,National Highway,Odisha,144.83,239,169,1,88.9,5,72.58,6.6,458,2
LA-INFR-00642,National Highway,Uttar Pradesh,48.68,98,207,1,52.71,3,39.15,7.3,446,2
LA-INFR-00643,National Highway,Uttar Pradesh,184.15,291,181,2,51.17,6,32.7,4.5,719,2
LA-INFR-00644,National Highway,Tamil Nadu,24.48,59,227,0,73.78,3,52.44,7.1,335,2
LA-INFR-00645,Irrigation Dam,Uttar Pradesh,1013.98,1544,420,2,47.85,17,0.0,1.6,1000,2
LA-INFR-00646,Railway Corridor,Maharashtra,185.68,291,169,0,94.41,3,77.9,8.3,292,1
LA-INFR-00647,Industrial Park,West Bengal,156.45,257,222,2,67.45,9,40.63,6.4,856,2
LA-INFR-00648,Irrigation Dam,Tamil Nadu,846.69,1292,349,3,88.54,14,41.78,3.6,1000,2
LA-INFR-00649,Railway Corridor,Tamil Nadu,35.47,75,213,2,17.87,5,1.92,5.5,734,2
LA-INFR-00650,National Highway,West Bengal,175.58,280,151,1,79.38,6,62.9,4.8,558,2
LA-INFR-00651,Railway Corridor,Tamil Nadu,47.06,91,198,0,83.53,1,70.83,7.4,166,1
LA-INFR-00652,Railway Corridor,Uttar Pradesh,168.81,272,198,0,74.65,3,65.85,6.2,362,2
LA-INFR-00653,Industrial Park,Uttar Pradesh,120.06,198,261,1,92.28,4,73.88,8.5,414,2
LA-INFR-00654,Railway Corridor,Maharashtra,150.6,249,250,2,61.07,8,34.68,5.8,828,2
LA-INFR-00655,National Highway,Maharashtra,173.6,273,152,1,65.79,4,62.08,7.0,471,2
LA-INFR-00656,National Highway,Tamil Nadu,43.95,91,210,2,41.3,4,14.46,7.2,603,2
LA-INFR-00657,Railway Corridor,Odisha,428.41,662,204,0,68.81,12,18.98,4.6,1000,2
LA-INFR-00658,Industrial Park,Gujarat,135.79,229,327,0,90.37,7,66.21,5.8,602,2
LA-INFR-00659,Railway Corridor,Tamil Nadu,67.22,125,244,3,47.49,4,35.32,6.2,626,2
LA-INFR-00660,Railway Corridor,Maharashtra,55.82,106,176,2,67.0,2,54.94,7.9,361,2
LA-INFR-00661,Metro Rail,Maharashtra,6.88,26,191,2,53.29,3,44.56,7.5,453,2
LA-INFR-00662,Industrial Park,Odisha,123.07,199,211,2,85.85,4,59.68,5.3,468,2
LA-INFR-00663,National Highway,Tamil Nadu,45.26,87,248,3,72.29,5,59.84,8.4,586,2
LA-INFR-00664,National Highway,Tamil Nadu,63.34,115,254,0,62.95,3,54.59,6.2,386,2
LA-INFR-00665,National Highway,West Bengal,18.99,44,240,0,79.11,0,79.63,9.5,111,1
LA-INFR-00666,National Highway,West Bengal,10.2,32,219,0,84.12,1,64.84,7.4,164,1
LA-INFR-00667,National Highway,Odisha,26.89,61,223,2,79.68,3,68.05,8.0,381,2
LA-INFR-00668,National Highway,Maharashtra,83.16,140,223,1,90.98,3,72.89,6.9,328,2
LA-INFR-00669,National Highway,West Bengal,16.27,48,140,1,69.58,2,68.56,5.8,268,1
LA-INFR-00670,National Highway,Odisha,153.74,247,226,2,81.56,4,62.71,7.5,494,2
LA-INFR-00671,Irrigation Dam,Uttar Pradesh,92.67,165,321,2,64.33,4,41.46,7.9,578,2
LA-INFR-00672,National Highway,Tamil Nadu,23.73,50,147,0,75.46,2,64.84,7.2,222,1
LA-INFR-00673,Railway Corridor,Uttar Pradesh,191.12,310,350,1,80.0,5,48.54,6.9,600,2
LA-INFR-00674,Railway Corridor,Gujarat,262.01,412,245,0,86.75,7,62.36,4.5,632,2
LA-INFR-00675,Metro Rail,Maharashtra,23.66,52,230,1,68.7,2,53.7,7.3,326,2
LA-INFR-00676,National Highway,Tamil Nadu,134.78,224,211,0,69.17,9,34.36,5.5,766,2
LA-INFR-00677,Railway Corridor,Maharashtra,108.34,178,266,0,58.61,10,24.0,4.4,875,2
LA-INFR-00678,Metro Rail,West Bengal,16.09,45,171,2,60.53,3,43.91,7.3,433,2
LA-INFR-00679,Irrigation Dam,Maharashtra,1602.4,2420,334,1,68.48,16,21.77,2.6,1000,2
LA-INFR-00680,Irrigation Dam,Uttar Pradesh,316.71,490,302,1,78.34,13,30.09,4.5,1000,2
LA-INFR-00681,National Highway,Bihar,195.2,315,266,1,82.39,6,58.74,6.7,610,2
LA-INFR-00682,National Highway,Gujarat,27.05,57,188,2,72.96,3,59.47,7.1,393,2
LA-INFR-00683,Industrial Park,Uttar Pradesh,285.38,440,285,2,84.26,4,64.04,6.4,561,2
LA-INFR-00684,Metro Rail,Maharashtra,12.53,34,225,2,83.47,1,68.18,7.8,245,1
LA-INFR-00685,Railway Corridor,West Bengal,175.58,287,268,2,78.26,12,23.04,1.9,1000,2
LA-INFR-00686,Railway Corridor,Bihar,285.96,449,249,3,72.26,13,31.57,3.1,1000,2
LA-INFR-00687,National Highway,Gujarat,14.43,40,282,0,64.01,3,43.42,5.7,388,2
LA-INFR-00688,Irrigation Dam,Maharashtra,100.93,167,303,2,31.78,6,20.65,5.2,798,2
LA-INFR-00689,National Highway,Tamil Nadu,26.73,59,275,2,82.87,0,71.49,8.8,209,1
LA-INFR-00690,National Highway,Uttar Pradesh,87.55,148,136,1,75.25,4,62.07,6.0,408,2
LA-INFR-00691,Railway Corridor,Maharashtra,134.64,223,232,1,81.7,6,56.18,7.0,577,2
LA-INFR-00692,Railway Corridor,Tamil Nadu,95.6,166,202,0,73.46,4,62.03,6.4,403,2
LA-INFR-00693,National Highway,Tamil Nadu,22.87,56,159,2,62.4,3,49.06,8.0,420,2
LA-INFR-00694,National Highway,West Bengal,138.6,224,185,2,29.95,8,5.35,4.5,909,2
LA-INFR-00695,Industrial Park,Uttar Pradesh,192.55,307,197,1,60.63,2,42.79,7.1,414,2
LA-INFR-00696,National Highway,Bihar,216.26,344,220,1,87.21,2,76.29,8.4,326,2
LA-INFR-00697,Railway Corridor,Bihar,142.94,238,203,0,64.32,3,53.53,6.6,396,2
LA-INFR-00698,National Highway,Gujarat,87.98,143,234,2,15.33,7,0.0,5.6,890,2
LA-INFR-00699,Railway Corridor,Uttar Pradesh,88.52,151,188,0,93.92,6,72.03,5.2,451,2
LA-INFR-00700,Railway Corridor,Uttar Pradesh,55.48,106,206,1,44.7,6,24.29,3.3,666,2
LA-INFR-00701,National Highway,Uttar Pradesh,45.12,81,215,2,62.71,1,59.51,7.0,316,2
LA-INFR-00702,National Highway,Tamil Nadu,20.87,48,239,1,50.91,3,37.41,8.3,453,2
LA-INFR-00703,National Highway,Uttar Pradesh,251.19,392,272,1,42.06,12,7.4,3.5,1000,2
LA-INFR-00704,National Highway,Gujarat,16.07,40,272,0,58.57,3,45.03,7.7,395,2
LA-INFR-00705,Metro Rail,Uttar Pradesh,55.37,102,241,1,41.94,11,15.03,4.5,997,2
LA-INFR-00706,National Highway,Odisha,69.08,118,251,2,66.44,3,49.11,7.6,463,2
LA-INFR-00707,Irrigation Dam,Maharashtra,144.78,244,365,4,47.26,4,30.07,8.0,753,2
LA-INFR-00708,National Highway,Tamil Nadu,75.12,125,214,1,51.04,7,21.62,4.9,722,2
LA-INFR-00709,Industrial Park,Gujarat,742.33,1143,275,1,58.43,12,14.65,4.7,1000,2
LA-INFR-00710,Irrigation Dam,Maharashtra,252.56,396,304,2,63.03,8,30.14,5.5,890,2
LA-INFR-00711,Railway Corridor,Gujarat,306.76,482,127,1,85.09,11,53.88,4.0,898,2
LA-INFR-00712,Railway Corridor,Bihar,30.47,62,177,1,69.89,1,70.37,5.5,225,1
LA-INFR-00713,Railway Corridor,Gujarat,212.99,333,300,1,89.74,11,47.17,4.0,924,2
LA-INFR-00714,National Highway,Tamil Nadu,225.65,359,215,0,61.47,10,32.43,4.9,885,2
LA-INFR-00715,Metro Rail,Uttar Pradesh,35.26,64,243,0,63.18,3,47.06,7.0,377,2
LA-INFR-00716,Irrigation Dam,Maharashtra,172.28,277,336,1,64.09,11,26.84,4.9,1000,2
LA-INFR-00717,Metro Rail,Uttar Pradesh,15.0,42,258,1,62.43,2,57.87,8.5,345,2
LA-INFR-00718,National Highway,Maharashtra,10.67,31,233,1,36.45,4,19.64,6.1,563,2
LA-INFR-00719,Industrial Park,Maharashtra,239.09,374,226,1,86.73,9,46.06,4.5,795,2
LA-INFR-00720,Metro Rail,Maharashtra,22.01,54,260,0,83.88,3,68.85,6.5,302,2
LA-INFR-00721,National Highway,Bihar,25.77,57,206,0,75.59,2,57.99,6.8,255,1
LA-INFR-00722,National Highway,West Bengal,52.68,99,248,1,55.63,4,38.25,6.5,517,2
LA-INFR-00723,Industrial Park,Maharashtra,120.51,201,221,1,76.35,8,46.36,5.0,712,2
LA-INFR-00724,Railway Corridor,Maharashtra,275.26,425,224,1,79.4,12,38.87,1.1,1000,2
LA-INFR-00725,Irrigation Dam,Tamil Nadu,139.84,233,309,3,71.49,6,49.81,5.6,723,2
LA-INFR-00726,National Highway,Maharashtra,37.96,79,219,0,63.42,2,52.62,7.6,303,2
LA-INFR-00727,Irrigation Dam,Maharashtra,153.48,249,322,3,52.31,9,24.38,4.5,991,2
LA-INFR-00728,National Highway,Maharashtra,21.69,51,286,1,67.83,2,62.86,7.1,339,2
LA-INFR-00729,National Highway,Gujarat,70.31,114,145,2,83.95,1,76.82,6.6,223,1
LA-INFR-00730,National Highway,Odisha,37.17,78,274,0,70.5,2,62.73,5.9,295,1
LA-INFR-00731,Irrigation Dam,Uttar Pradesh,479.01,730,262,0,83.33,11,37.55,3.1,1000,2
LA-INFR-00732,Industrial Park,Tamil Nadu,241.53,390,256,3,77.18,8,46.6,3.0,853,2
LA-INFR-00733,Railway Corridor,Bihar,67.19,119,188,1,59.7,0,55.83,8.0,227,1
LA-INFR-00734,Railway Corridor,Tamil Nadu,90.57,157,258,2,56.24,10,32.26,3.2,942,2
LA-INFR-00735,Irrigation Dam,Tamil Nadu,227.29,355,343,1,64.11,9,19.74,4.6,924,2
LA-INFR-00736,Railway Corridor,Tamil Nadu,49.72,102,158,1,87.64,1,80.33,7.0,171,1
LA-INFR-00737,Irrigation Dam,Uttar Pradesh,145.17,244,417,3,64.31,7,39.66,3.3,859,2
LA-INFR-00738,Railway Corridor,Maharashtra,61.5,117,268,0,65.76,3,53.89,5.8,385,2
LA-INFR-00739,Railway Corridor,Bihar,75.89,130,255,1,55.44,3,34.11,7.0,474,2
LA-INFR-00740,Railway Corridor,Odisha,71.7,125,197,0,95.52,6,68.97,6.4,447,2
LA-INFR-00741,National Highway,Tamil Nadu,100.08,165,270,3,83.54,2,78.58,6.9,385,2
LA-INFR-00742,Industrial Park,Odisha,482.77,745,165,1,50.95,23,0.0,1.0,1000,2
LA-INFR-00743,Railway Corridor,Gujarat,129.89,212,118,3,51.97,2,44.37,7.0,457,2
LA-INFR-00744,National Highway,Maharashtra,46.04,88,151,0,70.52,1,57.56,7.4,195,1
LA-INFR-00745,Irrigation Dam,Tamil Nadu,407.86,637,303,2,85.99,20,25.79,1.0,1000,2
LA-INFR-00746,Railway Corridor,Tamil Nadu,122.44,201,192,1,71.53,5,53.59,6.0,524,2
LA-INFR-00747,Railway Corridor,Gujarat,26.25,63,208,1,78.67,1,70.19,7.0,215,1
LA-INFR-00748,Metro Rail,Gujarat,42.14,77,210,2,91.84,1,75.95,9.0,220,1
LA-INFR-00749,Industrial Park,Tamil Nadu,240.92,388,197,1,65.58,5,43.3,5.3,602,2
LA-INFR-00750,National Highway,Uttar Pradesh,43.35,81,124,0,52.72,5,30.64,6.2,499,2
LA-INFR-00751,Metro Rail,West Bengal,13.55,40,239,3,46.42,3,28.41,5.7,552,2
LA-INFR-00752,Industrial Park,Maharashtra,153.67,249,216,1,71.17,4,51.3,6.2,490,2
LA-INFR-00753,National Highway,West Bengal,73.22,136,195,0,80.92,2,57.09,6.2,259,1
LA-INFR-00754,National Highway,Gujarat,20.04,52,299,1,57.51,0,55.39,7.4,259,1
LA-INFR-00755,Irrigation Dam,Uttar Pradesh,104.66,180,337,2,54.33,6,28.82,6.6,748,2
LA-INFR-00756,Industrial Park,Tamil Nadu,307.99,493,232,1,29.19,9,0.0,4.4,1000,2
LA-INFR-00757,Railway Corridor,Bihar,51.03,97,269,1,79.34,5,49.24,6.8,512,2
LA-INFR-00758,Irrigation Dam,Bihar,264.98,416,275,2,75.57,6,52.11,5.4,706,2
LA-INFR-00759,Irrigation Dam,Uttar Pradesh,164.52,269,348,4,63.34,3,57.65,7.5,619,2
LA-INFR-00760,National Highway,West Bengal,12.94,40,269,1,82.45,2,66.7,8.0,288,1
LA-INFR-00761,National Highway,Gujarat,41.44,88,225,2,63.81,2,58.3,7.9,380,2
LA-INFR-00762,National Highway,Gujarat,83.25,139,164,1,34.91,8,10.31,5.8,820,2
LA-INFR-00763,Industrial Park,Maharashtra,468.39,719,205,0,66.88,9,32.4,4.9,904,2
LA-INFR-00764,National Highway,Odisha,105.17,175,239,1,60.48,5,49.17,5.6,568,2
LA-INFR-00765,Railway Corridor,West Bengal,39.98,81,124,3,81.66,4,52.86,5.0,460,2
LA-INFR-00766,Irrigation Dam,Uttar Pradesh,117.56,199,282,1,69.27,4,51.07,5.6,507,2
LA-INFR-00767,Irrigation Dam,Maharashtra,1048.92,1590,448,2,64.19,10,26.01,4.4,1000,2
LA-INFR-00768,National Highway,Uttar Pradesh,49.52,94,254,0,52.23,8,24.6,5.9,743,2
LA-INFR-00769,Irrigation Dam,Gujarat,251.32,393,424,2,67.34,10,24.83,4.5,1000,2
LA-INFR-00770,National Highway,Tamil Nadu,48.37,93,273,0,61.95,3,50.78,6.5,394,2
LA-INFR-00771,Irrigation Dam,West Bengal,990.85,1508,369,2,69.58,16,6.49,1.2,1000,2
LA-INFR-00772,National Highway,Uttar Pradesh,44.12,83,214,2,78.08,2,67.49,7.2,328,2
LA-INFR-00773,Railway Corridor,West Bengal,247.99,395,249,1,75.08,12,29.05,3.8,1000,2
LA-INFR-00774,Irrigation Dam,Maharashtra,930.66,1422,422,4,79.18,22,7.57,1.0,1000,2
LA-INFR-00775,National Highway,Uttar Pradesh,10.35,36,271,2,84.81,1,69.8,7.1,258,1
LA-INFR-00776,National Highway,Tamil Nadu,31.48,69,238,2,62.44,4,39.93,5.6,526,2
LA-INFR-00777,Industrial Park,Maharashtra,231.36,360,221,1,59.15,7,40.18,4.5,745,2
LA-INFR-00778,Industrial Park,Odisha,423.09,643,254,2,82.77,17,32.0,1.0,1000,2
LA-INFR-00779,Industrial Park,Uttar Pradesh,880.12,1339,203,0,31.42,17,0.0,1.1,1000,2
LA-INFR-00780,Industrial Park,Tamil Nadu,723.56,1106,254,2,63.22,10,27.69,3.2,1000,2
LA-INFR-00781,Railway Corridor,Bihar,134.77,224,195,1,59.83,14,15.72,1.8,1000,2
LA-INFR-00782,National Highway,Tamil Nadu,159.32,251,212,1,84.31,9,48.55,5.1,759,2
LA-INFR-00783,National Highway,Maharashtra,83.61,147,178,2,79.26,7,50.17,5.8,648,2
LA-INFR-00784,National Highway,Maharashtra,86.9,146,208,1,66.83,2,57.76,8.9,342,2
LA-INFR-00785,Metro Rail,Gujarat,10.48,36,195,1,68.66,1,61.53,7.9,238,1
LA-INFR-00786,Railway Corridor,Uttar Pradesh,48.84,89,314,0,60.48,4,40.18,5.0,486,2
LA-INFR-00787,Railway Corridor,Odisha,60.71,114,185,1,66.02,3,53.05,5.3,392,2
LA-INFR-00788,Railway Corridor,Gujarat,61.79,114,249,3,63.31,2,49.66,7.3,448,2
LA-INFR-00789,Metro Rail,Uttar Pradesh,51.75,97,182,1,81.77,1,68.82,7.6,208,1
LA-INFR-00790,National Highway,Uttar Pradesh,102.69,175,232,0,62.6,5,37.65,5.7,534,2
LA-INFR-00791,Railway Corridor,Tamil Nadu,81.35,141,244,2,39.26,4,19.67,5.2,630,2
LA-INFR-00792,Railway Corridor,Gujarat,42.29,75,137,0,57.3,4,40.86,5.4,419,2
LA-INFR-00793,Industrial Park,Gujarat,163.59,265,160,1,60.94,12,11.2,4.3,1000,2
LA-INFR-00794,National Highway,Bihar,21.42,62,182,1,50.37,4,25.54,7.4,508,2
LA-INFR-00795,Irrigation Dam,West Bengal,250.65,391,284,1,52.48,14,4.39,2.7,1000,2
LA-INFR-00796,Metro Rail,Maharashtra,8.56,35,234,1,70.56,2,57.52,7.8,314,2
LA-INFR-00797,Railway Corridor,Gujarat,232.32,374,242,2,50.46,10,10.17,2.9,1000,2
LA-INFR-00798,Industrial Park,Gujarat,397.52,613,176,1,83.92,16,36.29,1.9,1000,2
LA-INFR-00799,Metro Rail,Maharashtra,33.04,62,236,0,75.7,2,58.4,6.6,268,1
LA-INFR-00800,Industrial Park,Uttar Pradesh,273.46,426,208,1,65.98,12,20.11,4.4,1000,2
LA-INFR-00801,National Highway,Maharashtra,118.93,200,225,1,65.96,3,46.68,7.3,438,2
LA-INFR-00802,Railway Corridor,Uttar Pradesh,104.1,180,198,3,75.0,10,42.25,2.5,905,2
LA-INFR-00803,Industrial Park,Odisha,149.43,246,254,2,80.92,9,54.31,3.2,816,2
LA-INFR-00804,Railway Corridor,Uttar Pradesh,77.09,135,311,2,53.82,1,40.6,7.5,413,2
LA-INFR-00805,Industrial Park,Maharashtra,108.91,187,268,1,82.16,7,57.15,4.3,639,2
LA-INFR-00806,Metro Rail,Uttar Pradesh,24.82,53,299,1,72.07,2,60.2,8.3,338,2
LA-INFR-00807,Metro Rail,Gujarat,5.24,26,159,1,40.88,1,29.98,5.7,329,2
LA-INFR-00808,Railway Corridor,Tamil Nadu,237.05,376,196,1,38.65,10,6.1,3.9,1000,2
LA-INFR-00809,National Highway,Bihar,64.37,117,258,2,87.73,3,63.36,5.2,395,2
LA-INFR-00810,Metro Rail,Maharashtra,30.13,69,305,2,71.0,1,59.65,7.2,327,2
LA-INFR-00811,Irrigation Dam,Gujarat,931.19,1414,382,1,78.99,14,24.08,1.2,1000,2
LA-INFR-00812,National Highway,Odisha,17.53,49,178,0,62.61,6,36.66,5.5,540,2
LA-INFR-00813,Metro Rail,Uttar Pradesh,11.07,34,208,2,67.6,6,43.18,4.7,608,2
LA-INFR-00814,Irrigation Dam,Maharashtra,842.26,1278,366,2,87.58,17,35.3,1.0,1000,2
LA-INFR-00815,Railway Corridor,Maharashtra,133.84,226,221,1,96.65,3,78.25,7.9,329,2
LA-INFR-00816,Railway Corridor,Maharashtra,144.81,241,190,1,81.56,10,38.42,3.6,826,2
LA-INFR-00817,Railway Corridor,Tamil Nadu,293.86,462,215,2,47.15,15,0.0,1.0,1000,2
LA-INFR-00818,National Highway,Gujarat,23.52,51,229,1,84.45,2,59.63,7.0,279,1
LA-INFR-00819,National Highway,Bihar,43.7,82,175,0,73.15,4,58.11,7.8,376,2
LA-INFR-00820,Irrigation Dam,Odisha,205.12,330,399,3,73.67,6,44.25,6.0,786,2
LA-INFR-00821,National Highway,Bihar,13.41,47,208,3,43.19,5,33.37,6.9,663,2
LA-INFR-00822,National Highway,West Bengal,195.58,318,226,2,70.74,5,53.24,5.4,610,2
LA-INFR-00823,Railway Corridor,West Bengal,105.48,184,281,0,50.73,5,31.2,6.6,593,2
LA-INFR-00824,Railway Corridor,Maharashtra,28.74,68,223,2,62.68,3,45.93,6.3,451,2
LA-INFR-00825,Metro Rail,Uttar Pradesh,14.78,43,279,1,62.31,4,41.93,6.7,493,2
LA-INFR-00826,National Highway,Tamil Nadu,11.56,32,178,1,53.43,1,43.27,8.8,291,1
LA-INFR-00827,National Highway,Maharashtra,165.21,264,251,1,35.68,5,17.07,4.9,698,2
LA-INFR-00828,Industrial Park,Uttar Pradesh,316.66,494,271,1,67.27,15,13.52,1.0,1000,2
LA-INFR-00829,Railway Corridor,Bihar,27.58,61,188,0,56.48,2,47.61,6.8,309,2
LA-INFR-00830,National Highway,Gujarat,25.6,62,221,2,70.07,1,67.41,7.9,285,1
LA-INFR-00831,Railway Corridor,Bihar,55.54,101,222,2,86.3,1,75.18,9.2,246,1
LA-INFR-00832,National Highway,Odisha,37.1,76,240,1,75.98,3,64.91,6.9,365,2
LA-INFR-00833,National Highway,Bihar,27.7,56,253,0,66.92,4,41.61,7.0,435,2
LA-INFR-00834,Railway Corridor,West Bengal,182.23,282,184,1,33.5,11,0.0,2.9,1000,2
LA-INFR-00835,Railway Corridor,Tamil Nadu,103.36,168,226,0,77.11,5,54.82,5.3,473,2
LA-INFR-00836,Metro Rail,Odisha,38.27,75,309,0,82.08,5,51.89,6.3,472,2
LA-INFR-00837,Railway Corridor,Bihar,88.41,153,282,2,51.88,5,30.42,7.6,664,2
LA-INFR-00838,Railway Corridor,Tamil Nadu,303.75,477,269,1,69.17,14,24.53,2.4,1000,2
LA-INFR-00839,Industrial Park,Tamil Nadu,313.31,486,220,0,90.51,7,47.0,5.5,651,2
LA-INFR-00840,National Highway,Bihar,125.7,198,336,1,78.23,9,42.41,3.7,818,2
LA-INFR-00841,Industrial Park,Maharashtra,679.77,1044,281,3,83.76,18,19.12,1.0,1000,2
LA-INFR-00842,National Highway,Maharashtra,131.78,224,231,1,80.26,5,58.58,7.1,517,2
LA-INFR-00843,Metro Rail,Maharashtra,7.34,37,241,1,85.48,2,75.46,5.7,258,1
LA-INFR-00844,National Highway,Odisha,18.27,43,207,1,71.66,0,67.99,7.2,170,1
LA-INFR-00845,Railway Corridor,Uttar Pradesh,108.97,189,249,0,84.56,7,59.96,5.0,582,2
LA-INFR-00846,National Highway,Uttar Pradesh,63.12,107,259,3,40.82,4,30.64,6.5,650,2
LA-INFR-00847,Metro Rail,West Bengal,7.49,33,265,0,35.54,4,18.17,6.3,540,2
LA-INFR-00848,Railway Corridor,Uttar Pradesh,36.23,80,220,2,81.32,3,52.05,7.6,399,2
LA-INFR-00849,Railway Corridor,Bihar,78.73,136,156,0,79.26,3,65.7,9.8,298,1
LA-INFR-00850,National Highway,Maharashtra,51.71,102,242,1,64.3,2,46.83,6.1,363,2
LA-INFR-00851,Industrial Park,Gujarat,333.22,516,265,2,85.06,16,29.97,1.9,1000,2
LA-INFR-00852,National Highway,Odisha,68.99,125,181,2,69.11,3,46.11,6.1,434,2
LA-INFR-00853,Irrigation Dam,Odisha,661.47,1012,345,3,72.01,11,28.11,4.5,1000,2
LA-INFR-00854,National Highway,Bihar,29.76,65,297,1,83.57,5,63.11,7.8,488,2
LA-INFR-00855,National Highway,West Bengal,58.82,102,169,0,95.83,1,81.03,7.5,115,1
LA-INFR-00856,National Highway,Maharashtra,84.01,146,215,3,83.52,2,60.82,8.2,379,2
LA-INFR-00857,Railway Corridor,Maharashtra,81.34,142,304,2,51.39,3,30.47,5.8,551,2
LA-INFR-00858,Railway Corridor,Maharashtra,22.43,59,237,1,81.17,3,69.69,8.1,340,2
LA-INFR-00859,National Highway,Tamil Nadu,65.9,116,203,1,64.43,2,50.22,8.9,347,2
LA-INFR-00860,Irrigation Dam,Bihar,322.77,508,349,3,21.49,15,0.0,1.9,1000,2
LA-INFR-00861,Railway Corridor,Bihar,442.3,682,271,2,62.14,9,25.87,5.1,1000,2
LA-INFR-00862,Railway Corridor,Maharashtra,108.7,186,219,1,72.46,5,42.62,4.8,541,2
LA-INFR-00863,Railway Corridor,Bihar,49.64,87,259,1,34.58,3,20.78,6.2,532,2
LA-INFR-00864,Railway Corridor,West Bengal,102.95,170,241,2,91.81,4,76.81,6.9,437,2
LA-INFR-00865,Railway Corridor,Bihar,28.0,65,245,0,87.37,2,68.74,9.6,230,1
LA-INFR-00866,National Highway,West Bengal,12.37,49,263,1,91.46,2,66.87,5.4,265,1
LA-INFR-00867,National Highway,Uttar Pradesh,94.02,156,215,1,28.46,8,5.48,5.0,866,2
LA-INFR-00868,Irrigation Dam,Odisha,426.53,659,302,3,88.33,6,61.91,6.9,778,2
LA-INFR-00869,Metro Rail,Tamil Nadu,7.83,37,253,1,89.06,0,81.1,9.8,127,1
LA-INFR-00870,Railway Corridor,Uttar Pradesh,59.42,111,223,1,69.62,6,46.55,5.4,585,2
LA-INFR-00871,National Highway,Uttar Pradesh,68.4,128,207,0,88.48,3,61.91,8.1,297,1
LA-INFR-00872,Industrial Park,Tamil Nadu,71.59,138,256,0,40.47,4,23.86,7.1,545,2
LA-INFR-00873,Railway Corridor,Odisha,96.55,160,293,0,83.31,2,70.19,9.0,284,1
LA-INFR-00874,National Highway,Bihar,154.62,255,222,0,64.96,13,19.25,2.6,1000,2
LA-INFR-00875,National Highway,Uttar Pradesh,31.75,63,230,0,43.39,4,26.8,6.5,505,2
LA-INFR-00876,Industrial Park,Odisha,857.77,1296,170,0,69.15,15,23.02,1.4,1000,2
LA-INFR-00877,Industrial Park,Tamil Nadu,158.74,257,218,1,71.08,12,30.17,2.9,998,2
LA-INFR-00878,National Highway,Bihar,16.34,42,241,2,52.31,5,35.22,5.7,611,2
LA-INFR-00879,National Highway,Bihar,171.44,275,228,0,70.26,7,41.45,4.4,655,2
LA-INFR-00880,National Highway,Uttar Pradesh,38.16,76,211,2,89.87,2,62.09,9.0,302,2
LA-INFR-00881,Industrial Park,Tamil Nadu,346.99,535,266,0,51.78,12,8.97,3.3,1000,2
LA-INFR-00882,National Highway,Uttar Pradesh,39.39,85,232,2,64.04,4,45.51,5.9,517,2
LA-INFR-00883,National Highway,Gujarat,65.01,115,359,2,73.69,2,59.35,6.8,415,2
LA-INFR-00884,Irrigation Dam,Bihar,324.51,509,360,2,54.73,11,15.88,2.1,1000,2
LA-INFR-00885,National Highway,Bihar,81.16,143,92,0,74.75,4,56.34,7.0,357,2
LA-INFR-00886,Industrial Park,Tamil Nadu,816.06,1240,174,1,92.04,15,42.58,1.1,1000,2
LA-INFR-00887,National Highway,Gujarat,30.09,64,256,2,73.42,3,52.79,6.2,429,2
LA-INFR-00888,National Highway,Odisha,112.63,183,197,1,79.63,6,52.64,6.7,562,2
LA-INFR-00889,National Highway,Bihar,15.0,36,200,1,74.62,1,71.84,7.1,213,1
LA-INFR-00890,Industrial Park,West Bengal,586.49,895,168,3,51.95,17,0.0,1.7,1000,2
LA-INFR-00891,Irrigation Dam,Tamil Nadu,214.37,343,326,2,90.24,5,64.83,5.4,595,2
LA-INFR-00892,Irrigation Dam,Bihar,383.23,592,359,2,89.71,16,21.83,1.1,1000,2
LA-INFR-00893,Railway Corridor,Maharashtra,108.67,183,249,0,59.91,5,37.63,5.4,550,2
LA-INFR-00894,Industrial Park,Bihar,134.52,223,179,1,56.84,7,30.67,5.0,708,2
LA-INFR-00895,National Highway,Uttar Pradesh,19.96,53,270,1,66.8,2,45.04,5.8,357,2
LA-INFR-00896,National Highway,Gujarat,14.11,36,170,1,83.83,3,67.49,7.6,304,2
LA-INFR-00897,Irrigation Dam,Uttar Pradesh,893.38,1367,371,3,69.05,14,16.75,5.2,1000,2
LA-INFR-00898,National Highway,Gujarat,18.21,57,246,1,79.9,1,74.31,8.2,220,1
LA-INFR-00899,National Highway,Bihar,32.47,66,183,2,86.9,1,77.59,6.7,217,1
LA-INFR-00900,National Highway,Tamil Nadu,53.34,102,177,1,87.23,4,63.8,7.1,379,2
LA-INFR-00901,National Highway,Bihar,63.31,114,249,2,58.08,7,30.23,3.7,745,2
LA-INFR-00902,National Highway,Maharashtra,103.6,176,202,1,67.89,7,47.86,4.4,657,2
LA-INFR-00903,Railway Corridor,Uttar Pradesh,45.01,79,220,1,53.46,2,41.54,6.8,382,2
LA-INFR-00904,Railway Corridor,Maharashtra,41.79,82,264,0,56.65,7,23.25,6.2,674,2
LA-INFR-00905,Irrigation Dam,Tamil Nadu,136.31,223,373,2,45.8,5,20.51,6.7,746,2
LA-INFR-00906,Irrigation Dam,Bihar,773.13,1176,304,3,79.37,19,13.5,1.0,1000,2
LA-INFR-00907,National Highway,West Bengal,42.12,79,227,2,69.69,4,56.35,7.2,486,2
LA-INFR-00908,National Highway,Uttar Pradesh,120.77,203,183,1,55.29,5,32.31,5.4,586,2
LA-INFR-00909,Railway Corridor,Maharashtra,48.27,87,273,1,81.62,3,58.98,7.4,374,2
LA-INFR-00910,Railway Corridor,Bihar,290.33,444,306,2,71.83,10,34.69,3.2,997,2
LA-INFR-00911,National Highway,Gujarat,73.22,127,187,0,70.04,7,43.67,5.1,598,2
LA-INFR-00912,Industrial Park,West Bengal,450.41,704,228,1,72.09,19,10.46,1.0,1000,2
LA-INFR-00913,Railway Corridor,Bihar,31.07,67,275,1,60.66,2,40.09,7.1,384,2
LA-INFR-00914,Railway Corridor,Bihar,200.98,319,231,3,80.4,6,55.94,4.4,686,2
LA-INFR-00915,Railway Corridor,Maharashtra,72.46,134,258,2,36.24,5,18.92,5.1,701,2
LA-INFR-00916,National Highway,Gujarat,16.75,51,232,2,29.66,9,0.0,3.8,948,2
LA-INFR-00917,Metro Rail,Tamil Nadu,14.66,39,177,0,72.46,0,70.9,7.0,111,1
LA-INFR-00918,Irrigation Dam,Uttar Pradesh,2651.34,3992,355,3,55.51,15,7.23,1.6,1000,2
LA-INFR-00919,National Highway,Tamil Nadu,29.29,69,286,0,79.67,1,64.42,7.7,212,1
LA-INFR-00920,Irrigation Dam,Maharashtra,297.97,468,365,2,73.37,9,41.38,5.7,954,2
LA-INFR-00921,Railway Corridor,Gujarat,283.29,446,311,1,75.0,9,31.06,3.3,895,2
LA-INFR-00922,Irrigation Dam,Maharashtra,186.73,302,261,3,69.06,11,26.77,2.6,1000,2
LA-INFR-00923,Irrigation Dam,Tamil Nadu,121.05,202,368,2,52.83,10,15.5,4.0,1000,2
LA-INFR-00924,Railway Corridor,Uttar Pradesh,21.47,53,197,2,81.58,2,70.73,5.6,300,2
LA-INFR-00925,National Highway,West Bengal,24.51,55,186,0,83.57,1,87.42,7.8,132,1
LA-INFR-00926,National Highway,West Bengal,117.92,199,296,3,70.79,7,41.25,5.2,781,2
LA-INFR-00927,Railway Corridor,Tamil Nadu,217.67,353,217,0,43.24,12,10.24,3.7,1000,2
LA-INFR-00928,Industrial Park,Tamil Nadu,64.91,114,212,0,80.26,2,73.02,9.4,243,1
LA-INFR-00929,National Highway,Odisha,133.79,220,247,2,81.72,4,54.9,6.5,503,2
LA-INFR-00930,National Highway,Maharashtra,129.54,217,122,1,81.82,3,71.34,6.3,332,2
LA-INFR-00931,Irrigation Dam,Uttar Pradesh,268.49,417,417,1,68.96,11,25.54,4.6,1000,2
LA-INFR-00932,Metro Rail,Uttar Pradesh,74.58,128,325,1,67.96,4,49.21,6.4,512,2
LA-INFR-00933,Railway Corridor,Gujarat,22.59,56,275,3,48.43,3,46.07,6.6,545,2
LA-INFR-00934,National Highway,Uttar Pradesh,44.05,89,250,0,55.55,5,37.58,7.8,536,2
LA-INFR-00935,National Highway,West Bengal,22.79,57,219,1,93.41,2,74.85,8.0,235,1
LA-INFR-00936,National Highway,Tamil Nadu,150.87,247,176,4,86.59,6,62.16,4.6,661,2
LA-INFR-00937,Metro Rail,Uttar Pradesh,50.88,90,289,1,89.54,2,66.94,6.3,292,1
LA-INFR-00938,National Highway,Uttar Pradesh,11.57,41,275,0,81.12,1,75.31,6.3,184,1
LA-INFR-00939,Railway Corridor,Uttar Pradesh,230.04,361,252,0,69.45,7,38.29,4.1,694,2
LA-INFR-00940,National Highway,Bihar,68.42,130,246,2,77.57,2,51.52,8.3,373,2
LA-INFR-00941,Railway Corridor,Uttar Pradesh,51.99,103,245,1,87.5,3,67.95,6.3,341,2
LA-INFR-00942,Industrial Park,Maharashtra,559.55,857,203,1,63.86,19,0.0,1.0,1000,2
LA-INFR-00943,Irrigation Dam,Odisha,836.95,1280,475,2,61.56,20,0.0,1.0,1000,2
LA-INFR-00944,National Highway,Gujarat,34.88,72,215,2,55.99,5,29.62,6.2,606,2
LA-INFR-00945,National Highway,Uttar Pradesh,78.4,134,208,1,66.86,9,34.92,4.0,786,2
LA-INFR-00946,National Highway,Uttar Pradesh,13.59,45,286,2,21.81,5,1.23,5.4,746,2
LA-INFR-00947,Metro Rail,Maharashtra,6.66,37,228,1,67.28,5,45.2,6.0,514,2
LA-INFR-00948,Irrigation Dam,Tamil Nadu,102.44,182,349,2,34.36,5,21.26,6.1,752,2
LA-INFR-00949,Railway Corridor,Odisha,167.84,264,300,0,76.27,8,50.14,5.2,716,2
LA-INFR-00950,Industrial Park,Maharashtra,1160.68,1768,263,0,45.8,11,14.6,1.9,1000,2
LA-INFR-00951,Industrial Park,Maharashtra,1384.16,2092,266,2,41.06,12,0.0,2.1,1000,2
LA-INFR-00952,National Highway,West Bengal,25.17,54,159,1,23.64,6,4.76,5.2,710,2
LA-INFR-00953,Metro Rail,Tamil Nadu,12.1,35,250,1,53.27,2,43.65,5.9,380,2
LA-INFR-00954,Railway Corridor,Maharashtra,36.39,73,179,2,63.3,4,51.23,6.9,488,2
LA-INFR-00955,Railway Corridor,Tamil Nadu,186.23,301,207,1,69.89,9,34.26,5.1,823,2
LA-INFR-00956,Railway Corridor,Uttar Pradesh,162.66,261,238,0,83.33,5,52.55,5.4,490,2
LA-INFR-00957,National Highway,Uttar Pradesh,82.72,145,228,2,35.78,5,21.45,6.7,691,2
LA-INFR-00958,National Highway,West Bengal,58.86,113,262,1,50.09,7,30.78,5.4,729,2
LA-INFR-00959,Industrial Park,Odisha,171.84,276,268,2,69.73,8,40.34,5.0,814,2
LA-INFR-00960,National Highway,Bihar,32.71,62,272,1,56.39,6,27.29,2.7,648,2
LA-INFR-00961,Industrial Park,Gujarat,98.7,166,162,1,68.25,5,57.25,5.8,506,2
LA-INFR-00962,National Highway,Bihar,49.86,90,348,1,72.41,2,59.77,6.6,367,2
LA-INFR-00963,Railway Corridor,West Bengal,50.83,94,228,0,52.25,4,31.72,6.3,484,2
LA-INFR-00964,National Highway,Bihar,143.24,233,290,0,65.56,6,46.49,5.2,615,2
LA-INFR-00965,Railway Corridor,Odisha,64.86,116,104,0,81.42,5,66.6,4.8,385,2
LA-INFR-00966,Industrial Park,Gujarat,427.59,668,216,3,41.75,13,0.0,2.5,1000,2
LA-INFR-00967,National Highway,Maharashtra,61.61,112,156,2,67.49,3,54.43,6.4,414,2
LA-INFR-00968,Railway Corridor,Gujarat,67.99,120,186,1,52.17,3,44.44,7.7,439,2
LA-INFR-00969,Railway Corridor,Odisha,146.9,240,232,0,79.15,7,49.72,5.1,615,2
LA-INFR-00970,Industrial Park,West Bengal,1074.43,1627,213,0,80.65,15,28.32,1.4,1000,2
LA-INFR-00971,Metro Rail,Uttar Pradesh,11.07,33,295,1,69.89,1,59.26,6.4,277,1
LA-INFR-00972,Industrial Park,Odisha,136.83,225,318,2,68.79,3,60.58,9.5,499,2
LA-INFR-00973,National Highway,Odisha,76.22,133,181,1,79.24,0,65.8,9.0,167,1
LA-INFR-00974,National Highway,Uttar Pradesh,90.86,157,205,2,51.16,6,26.75,5.8,700,2
LA-INFR-00975,National Highway,Gujarat,45.67,82,178,1,74.09,4,65.42,5.0,406,2
LA-INFR-00976,Railway Corridor,Maharashtra,82.94,138,287,1,55.17,5,31.55,4.5,612,2
LA-INFR-00977,National Highway,Maharashtra,90.06,155,237,1,60.6,4,34.83,8.1,519,2
LA-INFR-00978,Railway Corridor,Bihar,39.56,83,231,0,94.44,0,84.95,9.6,72,0
LA-INFR-00979,Railway Corridor,Tamil Nadu,37.34,77,245,1,64.85,3,54.76,7.1,407,2
LA-INFR-00980,National Highway,Tamil Nadu,80.78,144,214,2,56.47,3,41.64,6.0,489,2
LA-INFR-00981,Irrigation Dam,Maharashtra,275.46,431,307,2,78.19,14,25.94,1.9,1000,2
LA-INFR-00982,National Highway,Gujarat,136.57,225,232,1,67.91,10,33.62,3.1,879,2
LA-INFR-00983,National Highway,Maharashtra,36.49,80,216,1,93.06,2,90.2,9.3,223,1
LA-INFR-00984,Industrial Park,Maharashtra,782.67,1189,247,1,43.94,20,0.0,1.0,1000,2
LA-INFR-00985,Railway Corridor,Maharashtra,60.26,114,148,1,75.72,1,75.51,8.4,206,1
LA-INFR-00986,Industrial Park,Tamil Nadu,573.26,879,239,0,74.09,12,32.75,4.2,1000,2
LA-INFR-00987,Railway Corridor,Gujarat,58.52,112,195,3,26.01,4,7.09,5.1,690,2
LA-INFR-00988,National Highway,Tamil Nadu,132.44,217,237,0,94.72,10,63.57,4.1,736,2
LA-INFR-00989,Irrigation Dam,Odisha,107.54,183,395,2,73.84,5,49.72,5.7,639,2
LA-INFR-00990,Irrigation Dam,Maharashtra,822.04,1255,322,3,88.1,16,23.51,2.9,1000,2
LA-INFR-00991,Industrial Park,Bihar,60.41,112,289,0,68.82,4,51.41,7.0,448,2
LA-INFR-00992,National Highway,Bihar,123.52,199,142,2,60.78,6,34.38,5.5,653,2
LA-INFR-00993,Railway Corridor,Bihar,104.79,182,307,3,79.54,8,56.66,4.9,800,2
LA-INFR-00994,Railway Corridor,Maharashtra,297.72,478,291,2,76.31,12,34.71,2.5,1000,2
LA-INFR-00995,National Highway,Tamil Nadu,36.73,66,185,1,66.0,0,56.73,7.1,195,1
LA-INFR-00996,Metro Rail,Bihar,36.1,71,186,1,59.85,2,52.21,6.4,337,2
LA-INFR-00997,National Highway,West Bengal,81.97,141,155,0,40.18,5,21.18,6.5,570,2
LA-INFR-00998,Metro Rail,Bihar,19.29,48,276,1,85.81,1,75.86,8.5,214,1
LA-INFR-00999,Railway Corridor,Maharashtra,255.36,400,213,0,86.1,8,41.57,5.4,703,2
LA-INFR-01000,National Highway,Tamil Nadu,55.69,99,209,2,67.05,4,42.58,4.8,508,2
LA-INFR-01001,Railway Corridor,Maharashtra,20.03,54,173,0,45.37,2,35.99,7.5,343,2
LA-INFR-01002,Irrigation Dam,Odisha,350.33,535,440,4,22.83,11,0.0,4.2,1000,2
LA-INFR-01003,Industrial Park,Tamil Nadu,72.91,131,181,2,53.96,7,24.6,6.9,739,2
LA-INFR-01004,Irrigation Dam,Maharashtra,291.67,456,351,1,86.71,7,61.67,3.9,727,2
LA-INFR-01005,Industrial Park,Gujarat,290.58,449,240,0,73.49,12,32.73,4.3,1000,2
LA-INFR-01006,Industrial Park,Bihar,931.74,1417,210,1,75.86,6,56.11,7.2,901,2
LA-INFR-01007,Irrigation Dam,Maharashtra,512.1,784,319,2,84.17,12,39.82,2.1,1000,2
LA-INFR-01008,National Highway,Tamil Nadu,77.63,133,211,1,68.42,2,52.17,7.9,343,2
LA-INFR-01009,Railway Corridor,Uttar Pradesh,67.8,116,258,3,43.67,2,40.36,5.5,513,2
LA-INFR-01010,National Highway,Odisha,53.13,90,212,1,69.01,1,59.34,7.6,262,1
LA-INFR-01011,Metro Rail,Odisha,6.85,24,311,0,78.4,1,62.21,6.6,217,1
LA-INFR-01012,Metro Rail,Gujarat,5.51,26,191,0,74.5,4,63.22,7.1,358,2
LA-INFR-01013,National Highway,Bihar,27.56,57,267,1,76.32,1,66.03,7.6,248,1
LA-INFR-01014,Industrial Park,Bihar,115.6,194,142,2,77.66,7,53.79,4.9,646,2
LA-INFR-01015,Metro Rail,West Bengal,24.7,54,191,2,66.19,2,55.05,7.8,356,2
LA-INFR-01016,National Highway,Maharashtra,76.6,138,189,2,39.07,8,16.05,3.9,851,2
LA-INFR-01017,Railway Corridor,Bihar,177.03,285,174,0,82.68,9,50.64,4.4,714,2
LA-INFR-01018,Metro Rail,Bihar,9.57,31,244,2,78.26,1,65.92,8.3,268,1
LA-INFR-01019,National Highway,Maharashtra,193.48,311,224,2,68.15,3,50.52,6.5,498,2
LA-INFR-01020,Industrial Park,Bihar,175.13,285,116,2,76.99,7,51.86,5.3,664,2
LA-INFR-01021,National Highway,Odisha,12.57,29,329,1,59.48,1,51.11,7.3,326,2
LA-INFR-01022,Metro Rail,Odisha,24.96,54,238,1,59.03,3,44.09,8.2,426,2
LA-INFR-01023,Metro Rail,Maharashtra,53.86,99,230,1,60.46,3,43.25,8.2,432,2
LA-INFR-01024,Metro Rail,Maharashtra,45.5,83,295,1,79.0,1,66.76,7.5,259,1
LA-INFR-01025,Railway Corridor,Uttar Pradesh,90.39,157,279,1,78.48,3,54.09,6.7,408,2
LA-INFR-01026,Irrigation Dam,Odisha,200.15,325,335,2,73.97,11,36.12,2.6,1000,2
LA-INFR-01027,Irrigation Dam,Maharashtra,322.13,503,252,2,51.26,7,21.93,7.5,877,2
LA-INFR-01028,National Highway,West Bengal,116.72,201,258,0,30.36,11,0.0,4.4,1000,2
LA-INFR-01029,Irrigation Dam,Maharashtra,965.28,1472,301,3,64.78,17,6.98,2.1,1000,2
LA-INFR-01030,National Highway,Tamil Nadu,29.12,60,291,1,60.29,7,34.25,6.6,697,2
LA-INFR-01031,Railway Corridor,Uttar Pradesh,43.6,82,191,2,88.48,1,76.8,7.6,221,1
LA-INFR-01032,National Highway,West Bengal,42.24,75,207,2,76.74,0,71.34,7.7,202,1
LA-INFR-01033,National Highway,Uttar Pradesh,88.19,152,162,1,88.49,5,60.25,7.5,448,2
LA-INFR-01034,National Highway,Tamil Nadu,106.2,186,166,2,65.59,5,43.67,5.5,575,2
LA-INFR-01035,Industrial Park,Uttar Pradesh,113.61,190,224,1,83.56,5,60.34,5.8,495,2
LA-INFR-01036,National Highway,West Bengal,66.27,125,219,0,95.96,1,79.06,7.9,142,1
LA-INFR-01037,Industrial Park,Odisha,118.34,197,206,0,53.55,11,10.29,2.5,945,2
LA-INFR-01038,National Highway,Maharashtra,164.74,267,332,0,91.89,6,61.86,6.4,556,2
LA-INFR-01039,National Highway,Odisha,99.58,173,260,2,65.77,10,30.07,4.5,926,2
LA-INFR-01040,Railway Corridor,Tamil Nadu,31.61,65,230,3,79.8,2,60.39,6.7,374,2
LA-INFR-01041,Irrigation Dam,Maharashtra,138.12,227,212,3,55.63,6,36.78,6.8,738,2
LA-INFR-01042,National Highway,Bihar,164.87,274,271,3,34.19,10,0.0,2.8,1000,2
LA-INFR-01043,Industrial Park,Maharashtra,2816.05,4244,379,1,56.97,18,0.0,1.0,1000,2
LA-INFR-01044,Irrigation Dam,West Bengal,275.06,433,340,3,74.85,9,43.72,5.9,968,2
LA-INFR-01045,Industrial Park,West Bengal,478.11,738,189,0,89.06,18,18.78,1.0,1000,2
LA-INFR-01046,National Highway,Maharashtra,12.47,39,238,2,85.74,0,83.99,6.5,167,1
LA-INFR-01047,National Highway,Bihar,39.31,73,158,2,61.57,6,33.01,5.8,626,2
LA-INFR-01048,Irrigation Dam,Odisha,194.3,307,373,3,64.28,5,49.49,5.7,727,2
LA-INFR-01049,National Highway,Gujarat,20.95,57,305,1,79.34,1,71.01,8.1,249,1
LA-INFR-01050,Irrigation Dam,Bihar,89.55,149,316,1,65.23,2,43.68,8.3,407,2
LA-INFR-01051,Railway Corridor,Gujarat,94.58,159,198,0,71.64,1,60.72,7.5,226,1
LA-INFR-01052,Metro Rail,Bihar,63.29,110,226,2,78.78,3,57.99,4.4,410,2
LA-INFR-01053,Irrigation Dam,Uttar Pradesh,160.36,256,324,3,73.11,2,68.0,7.8,470,2
LA-INFR-01054,Metro Rail,Odisha,8.38,32,154,1,78.14,1,68.37,6.6,189,1
LA-INFR-01055,Railway Corridor,Bihar,163.47,262,210,1,91.23,5,57.42,6.5,493,2
LA-INFR-01056,Irrigation Dam,Bihar,109.27,180,320,3,26.3,6,11.99,6.5,872,2
LA-INFR-01057,Railway Corridor,Bihar,592.19,908,298,1,70.55,8,42.24,5.9,950,2
LA-INFR-01058,Railway Corridor,Odisha,77.0,132,287,1,73.77,2,62.47,8.0,347,2
LA-INFR-01059,Industrial Park,Odisha,165.62,266,299,2,51.31,8,22.29,4.5,892,2
LA-INFR-01060,Irrigation Dam,Bihar,326.87,505,390,3,81.64,15,21.37,1.9,1000,2
LA-INFR-01061,Metro Rail,Uttar Pradesh,70.18,122,240,1,89.23,2,82.21,7.6,263,1
LA-INFR-01062,Irrigation Dam,Bihar,498.22,769,306,1,89.17,13,40.05,3.6,1000,2
LA-INFR-01063,Railway Corridor,Tamil Nadu,53.06,92,296,2,86.01,3,75.61,5.8,394,2
LA-INFR-01064,Railway Corridor,Uttar Pradesh,25.49,60,247,0,71.23,2,58.18,8.1,283,1
LA-INFR-01065,Industrial Park,West Bengal,310.38,488,167,2,83.89,8,50.55,3.0,783,2
LA-INFR-01066,National Highway,Bihar,13.02,48,184,1,49.63,5,21.03,3.9,573,2
LA-INFR-01067,National Highway,Uttar Pradesh,34.45,73,166,1,60.0,2,44.46,5.5,339,2
LA-INFR-01068,Railway Corridor,Maharashtra,29.75,75,127,1,73.09,4,60.39,6.9,391,2
LA-INFR-01069,National Highway,Uttar Pradesh,55.6,111,249,1,62.84,4,48.16,7.0,490,2
LA-INFR-01070,National Highway,Gujarat,28.69,71,168,1,76.8,5,56.75,6.2,462,2
LA-INFR-01071,National Highway,Uttar Pradesh,155.55,252,192,2,73.1,6,50.75,5.0,637,2
LA-INFR-01072,National Highway,Maharashtra,37.56,79,231,2,63.8,1,54.43,8.1,325,2
LA-INFR-01073,National Highway,Bihar,12.8,44,220,2,71.74,1,59.22,6.9,285,1
LA-INFR-01074,Metro Rail,Uttar Pradesh,20.82,54,194,1,63.57,2,47.22,6.9,332,2
LA-INFR-01075,Railway Corridor,Maharashtra,39.37,81,305,3,17.87,5,0.0,5.2,815,2
LA-INFR-01076,Railway Corridor,Uttar Pradesh,50.78,96,153,1,22.32,7,0.0,5.8,787,2
LA-INFR-01077,Industrial Park,Bihar,369.24,578,155,1,65.9,20,0.0,1.0,1000,2
LA-INFR-01078,National Highway,Tamil Nadu,18.45,47,252,2,76.15,1,65.62,8.0,280,1
LA-INFR-01079,Metro Rail,Uttar Pradesh,18.12,50,198,0,48.02,3,34.62,6.9,407,2
LA-INFR-01080,Irrigation Dam,Bihar,272.96,429,316,3,73.15,10,34.92,5.6,1000,2
LA-INFR-01081,National Highway,Gujarat,33.99,69,176,2,27.54,8,0.0,4.9,876,2
LA-INFR-01082,Railway Corridor,Uttar Pradesh,47.9,94,246,2,90.67,1,73.34,8.8,245,1
LA-INFR-01083,Irrigation Dam,Uttar Pradesh,970.34,1477,361,4,28.21,17,0.0,2.0,1000,2
LA-INFR-01084,Metro Rail,Uttar Pradesh,8.99,32,235,2,76.62,1,55.28,6.5,281,1
LA-INFR-01085,Railway Corridor,Bihar,201.36,314,200,1,83.6,12,44.36,2.6,958,2
LA-INFR-01086,Industrial Park,West Bengal,1587.61,2402,192,2,87.32,14,43.09,2.1,1000,2
LA-INFR-01087,National Highway,Uttar Pradesh,59.26,107,221,0,72.35,2,63.37,7.7,276,1
LA-INFR-01088,Metro Rail,West Bengal,16.42,41,278,3,32.58,6,12.73,6.4,802,2
LA-INFR-01089,National Highway,Maharashtra,72.42,127,308,2,84.03,6,51.47,6.3,621,2
LA-INFR-01090,Metro Rail,Bihar,11.72,33,285,1,70.4,3,55.89,6.0,396,2
LA-INFR-01091,Industrial Park,West Bengal,114.88,191,255,2,41.47,7,23.35,5.2,817,2
LA-INFR-01092,Industrial Park,Uttar Pradesh,116.96,194,279,2,72.61,5,44.68,5.6,604,2
LA-INFR-01093,Railway Corridor,Tamil Nadu,69.91,119,170,1,63.35,2,63.79,7.6,321,2
LA-INFR-01094,National Highway,Uttar Pradesh,48.15,91,194,3,47.7,7,26.02,3.6,788,2
LA-INFR-01095,National Highway,West Bengal,32.66,67,256,3,78.26,1,62.13,7.6,326,2
LA-INFR-01096,National Highway,Maharashtra,82.28,137,224,0,68.65,5,41.73,4.2,501,2
LA-INFR-01097,National Highway,Odisha,115.01,197,246,0,68.42,3,50.05,5.7,396,2
LA-INFR-01098,Irrigation Dam,Maharashtra,283.44,447,398,3,55.9,5,35.04,7.6,813,2
LA-INFR-01099,Railway Corridor,Odisha,211.55,350,271,1,77.94,7,47.26,6.9,705,2
LA-INFR-01100,National Highway,Uttar Pradesh,29.09,68,175,0,75.22,0,53.7,7.3,132,1
LA-INFR-01101,Metro Rail,West Bengal,37.43,75,230,0,60.09,2,41.57,7.7,328,2
LA-INFR-01102,Irrigation Dam,Uttar Pradesh,355.61,551,303,1,62.15,11,22.9,4.1,1000,2
LA-INFR-01103,Metro Rail,Gujarat,51.99,95,191,2,31.06,7,7.9,6.6,811,2
LA-INFR-01104,Metro Rail,Maharashtra,22.12,53,144,2,54.26,4,41.34,6.6,503,2
LA-INFR-01105,National Highway,Maharashtra,16.59,41,236,3,47.14,4,27.09,5.4,611,2
LA-INFR-01106,Railway Corridor,Bihar,83.87,143,140,1,52.79,4,36.26,5.6,495,2
LA-INFR-01107,Irrigation Dam,Maharashtra,211.73,335,369,2,57.68,11,18.96,4.0,1000,2
LA-INFR-01108,Industrial Park,Maharashtra,102.96,177,297,0,73.85,3,53.28,5.0,393,2
LA-INFR-01109,National Highway,Gujarat,73.99,132,256,1,48.51,5,31.76,4.3,614,2
LA-INFR-01110,Irrigation Dam,Gujarat,780.89,1186,352,3,77.83,9,45.45,5.2,1000,2
LA-INFR-01111,National Highway,Uttar Pradesh,24.1,56,306,0,51.85,4,46.25,9.0,488,2
LA-INFR-01112,National Highway,Gujarat,11.85,31,246,0,53.62,2,47.6,6.6,332,2
LA-INFR-01113,Railway Corridor,Bihar,650.6,994,186,1,66.45,12,16.08,3.0,1000,2
LA-INFR-01114,Railway Corridor,Uttar Pradesh,194.53,314,236,3,38.31,12,3.14,3.1,1000,2
LA-INFR-01115,Railway Corridor,West Bengal,235.33,376,327,0,91.77,9,48.43,4.6,780,2
LA-INFR-01116,National Highway,Tamil Nadu,168.05,283,175,1,84.44,4,71.37,5.5,424,2
LA-INFR-01117,Irrigation Dam,Gujarat,318.1,500,280,2,72.14,15,18.45,1.9,1000,2
LA-INFR-01118,National Highway,Uttar Pradesh,94.1,164,260,1,46.96,6,25.85,6.4,695,2
LA-INFR-01119,National Highway,Tamil Nadu,44.71,81,218,2,81.8,2,74.2,6.6,312,2
LA-INFR-01120,Irrigation Dam,Maharashtra,497.51,766,323,3,13.56,18,0.0,1.0,1000,2
LA-INFR-01121,Metro Rail,Maharashtra,33.97,63,167,0,87.38,2,76.71,8.2,190,1
LA-INFR-01122,Irrigation Dam,Maharashtra,406.01,630,252,3,46.96,16,0.0,1.6,1000,2
LA-INFR-01123,Irrigation Dam,Gujarat,292.69,463,277,2,81.0,8,44.24,3.3,835,2
LA-INFR-01124,Industrial Park,Odisha,586.02,898,310,1,36.53,13,0.0,1.0,1000,2
LA-INFR-01125,Railway Corridor,West Bengal,95.11,169,229,0,97.32,2,84.89,6.1,207,1
LA-INFR-01126,National Highway,Bihar,118.3,195,131,2,39.69,3,26.21,8.0,530,2
LA-INFR-01127,Railway Corridor,Uttar Pradesh,67.89,126,289,0,83.21,1,80.1,7.3,201,1
LA-INFR-01128,Railway Corridor,Maharashtra,259.17,399,291,1,75.16,6,52.48,5.9,669,2
LA-INFR-01129,National Highway,Uttar Pradesh,124.34,207,291,3,56.41,4,37.25,7.7,642,2
LA-INFR-01130,Industrial Park,Uttar Pradesh,939.18,1430,208,1,80.96,11,39.09,2.4,1000,2
LA-INFR-01131,Railway Corridor,West Bengal,286.29,454,216,1,49.78,12,6.05,5.9,1000,2
LA-INFR-01132,National Highway,Bihar,33.49,71,236,1,86.79,2,74.48,7.1,263,1
LA-INFR-01133,National Highway,Maharashtra,78.16,137,300,1,82.49,0,72.28,8.5,200,1
LA-INFR-01134,Industrial Park,Maharashtra,412.97,633,202,2,75.83,18,15.24,1.0,1000,2
LA-INFR-01135,National Highway,Maharashtra,20.62,59,192,2,75.26,3,66.39,5.8,380,2
LA-INFR-01136,Irrigation Dam,Bihar,495.6,761,384,2,60.06,12,20.33,3.2,1000,2
LA-INFR-01137,Railway Corridor,Gujarat,122.41,205,290,2,59.4,8,29.21,4.2,843,2
LA-INFR-01138,Railway Corridor,Tamil Nadu,309.51,485,227,0,52.0,17,0.0,1.3,1000,2
LA-INFR-01139,Railway Corridor,Odisha,31.92,73,263,0,83.4,4,69.66,4.3,368,2
LA-INFR-01140,Irrigation Dam,Bihar,303.59,477,355,2,68.24,8,39.37,3.4,907,2
LA-INFR-01141,National Highway,Uttar Pradesh,180.81,289,217,1,74.69,4,59.01,5.9,483,2
LA-INFR-01142,Industrial Park,Maharashtra,95.61,163,188,2,64.08,4,42.77,5.3,523,2
LA-INFR-01143,Railway Corridor,Odisha,354.05,550,172,1,95.78,14,37.56,5.4,1000,2
LA-INFR-01144,National Highway,West Bengal,11.23,35,199,1,32.64,4,23.79,6.6,555,2
LA-INFR-01145,Irrigation Dam,Maharashtra,120.02,193,301,2,85.66,7,61.43,5.5,681,2
LA-INFR-01146,Irrigation Dam,Bihar,196.91,312,364,2,61.94,10,20.46,2.9,1000,2
LA-INFR-01147,Industrial Park,Bihar,496.03,760,290,2,40.08,14,0.0,1.7,1000,2
LA-INFR-01148,Irrigation Dam,Tamil Nadu,235.69,369,360,2,71.28,5,55.99,5.5,673,2
LA-INFR-01149,Irrigation Dam,Gujarat,389.05,613,303,2,80.37,11,37.39,4.7,1000,2
LA-INFR-01150,Industrial Park,Tamil Nadu,414.24,632,272,3,69.18,19,5.03,1.0,1000,2
LA-INFR-01151,Irrigation Dam,Bihar,283.91,446,364,1,78.65,11,47.35,3.3,1000,2
LA-INFR-01152,Industrial Park,Maharashtra,397.78,608,254,1,53.28,15,9.26,2.4,1000,2
LA-INFR-01153,Industrial Park,Maharashtra,392.87,617,204,2,80.03,12,32.36,1.0,1000,2
LA-INFR-01154,Industrial Park,Maharashtra,125.99,207,286,2,51.49,5,28.14,4.3,683,2
LA-INFR-01155,Irrigation Dam,Maharashtra,165.57,262,406,2,82.8,9,46.36,3.0,886,2
LA-INFR-01156,National Highway,West Bengal,181.93,300,220,1,80.93,6,56.15,5.4,594,2
LA-INFR-01157,Irrigation Dam,West Bengal,105.19,176,385,2,74.23,5,54.46,5.5,626,2
LA-INFR-01158,Irrigation Dam,Maharashtra,2461.31,3712,405,3,42.44,15,0.0,2.9,1000,2
LA-INFR-01159,National Highway,Odisha,76.9,137,206,0,88.97,2,71.03,5.0,227,1
LA-INFR-01160,Irrigation Dam,Maharashtra,394.34,610,345,2,64.6,15,3.79,1.6,1000,2
LA-INFR-01161,National Highway,Uttar Pradesh,33.56,64,233,1,86.28,1,78.46,8.8,197,1
LA-INFR-01162,National Highway,Uttar Pradesh,118.04,201,175,0,70.55,4,51.76,4.8,421,2
LA-INFR-01163,Industrial Park,Uttar Pradesh,93.98,159,252,1,34.88,7,9.29,5.1,801,2
LA-INFR-01164,National Highway,Uttar Pradesh,33.95,77,281,1,68.54,3,50.55,7.6,417,2
LA-INFR-01165,Irrigation Dam,Bihar,203.23,328,342,1,81.96,8,48.97,6.2,777,2
LA-INFR-01166,Irrigation Dam,Bihar,1119.6,1700,366,2,45.02,19,0.0,1.0,1000,2
LA-INFR-01167,Railway Corridor,Gujarat,460.41,705,299,1,70.38,18,3.39,1.2,1000,2
LA-INFR-01168,National Highway,Maharashtra,49.91,100,209,0,66.38,7,35.07,5.2,618,2
LA-INFR-01169,National Highway,Maharashtra,15.39,41,248,2,43.18,6,15.77,4.6,720,2
LA-INFR-01170,Industrial Park,Maharashtra,917.75,1394,201,3,67.95,13,9.3,1.6,1000,2
LA-INFR-01171,Metro Rail,Tamil Nadu,86.18,145,200,2,74.24,3,66.72,5.5,409,2
LA-INFR-01172,Industrial Park,Maharashtra,89.69,149,247,1,88.56,3,74.1,10.0,345,2
LA-INFR-01173,National Highway,Odisha,80.95,141,242,2,57.85,5,33.0,7.2,626,2
LA-INFR-01174,Industrial Park,Bihar,1404.98,2116,257,0,46.22,9,15.79,4.5,1000,2
LA-INFR-01175,Railway Corridor,Bihar,53.15,99,233,0,70.79,3,48.89,6.0,360,2
LA-INFR-01176,Irrigation Dam,Tamil Nadu,573.71,882,373,3,75.29,18,16.26,1.4,1000,2
LA-INFR-01177,National Highway,Maharashtra,236.26,372,313,0,69.08,5,59.18,4.8,577,2
LA-INFR-01178,Irrigation Dam,Maharashtra,411.05,632,402,3,61.8,8,36.39,5.1,1000,2
LA-INFR-01179,Railway Corridor,Uttar Pradesh,37.13,78,246,1,72.79,3,46.61,7.6,397,2
LA-INFR-01180,Metro Rail,Tamil Nadu,9.49,33,255,1,84.15,1,65.07,7.4,219,1
LA-INFR-01181,National Highway,Uttar Pradesh,151.53,246,215,2,63.39,9,22.62,3.8,882,2
LA-INFR-01182,Industrial Park,Maharashtra,69.79,123,222,0,76.65,3,57.89,6.3,337,2
LA-INFR-01183,Metro Rail,Gujarat,15.17,41,254,4,55.35,6,31.48,6.6,753,2
LA-INFR-01184,National Highway,Maharashtra,76.76,134,234,1,91.52,4,77.42,6.4,384,2
LA-INFR-01185,Metro Rail,Odisha,15.2,36,269,1,59.96,4,35.18,8.1,502,2
LA-INFR-01186,Industrial Park,West Bengal,262.9,418,293,0,71.36,10,34.33,2.2,905,2
LA-INFR-01187,National Highway,Uttar Pradesh,76.02,136,224,1,71.76,6,33.39,4.3,602,2
LA-INFR-01188,National Highway,Maharashtra,29.99,67,129,3,79.97,1,63.82,7.7,269,1
LA-INFR-01189,Industrial Park,Maharashtra,863.75,1312,331,2,77.37,12,26.93,3.7,1000,2
LA-INFR-01190,National Highway,Tamil Nadu,66.13,117,197,1,76.66,5,43.29,5.9,503,2
LA-INFR-01191,Railway Corridor,Tamil Nadu,24.69,56,239,1,82.72,1,75.24,9.0,210,1
LA-INFR-01192,National Highway,West Bengal,23.9,55,266,1,50.95,4,30.59,5.5,533,2
LA-INFR-01193,Industrial Park,Gujarat,297.45,465,300,0,36.93,13,0.0,2.8,1000,2
LA-INFR-01194,National Highway,Tamil Nadu,18.23,48,320,2,73.86,1,56.55,8.7,324,2
LA-INFR-01195,Irrigation Dam,Maharashtra,851.12,1299,331,3,71.42,9,43.16,6.2,1000,2
LA-INFR-01196,Metro Rail,Uttar Pradesh,37.18,74,289,1,61.5,1,47.58,7.4,321,2
LA-INFR-01197,Metro Rail,Odisha,43.08,81,239,1,73.59,3,62.79,9.5,374,2
LA-INFR-01198,Industrial Park,Uttar Pradesh,434.74,670,367,0,83.09,13,41.14,2.9,1000,2
LA-INFR-01199,National Highway,Maharashtra,179.96,289,285,2,70.8,7,44.0,6.9,757,2
LA-INFR-01200,Irrigation Dam,West Bengal,189.56,306,341,4,73.77,5,53.16,5.7,726,2
LA-INFR-01201,National Highway,Bihar,39.62,75,190,1,56.39,4,33.69,6.2,491,2
LA-INFR-01202,National Highway,Gujarat,65.95,121,98,2,70.8,9,28.62,5.6,776,2
LA-INFR-01203,National Highway,Tamil Nadu,94.47,155,263,1,91.16,4,71.0,7.2,410,2
LA-INFR-01204,Railway Corridor,Maharashtra,553.54,851,280,1,87.14,19,22.51,1.0,1000,2
LA-INFR-01205,Irrigation Dam,Gujarat,320.98,508,387,2,70.04,15,16.16,1.0,1000,2
LA-INFR-01206,Industrial Park,Uttar Pradesh,410.79,635,112,4,76.4,17,13.65,3.8,1000,2
LA-INFR-01207,Railway Corridor,Uttar Pradesh,54.17,97,167,2,78.76,1,63.57,7.3,256,1
LA-INFR-01208,National Highway,Bihar,11.51,46,254,3,83.67,1,64.9,7.7,302,2
LA-INFR-01209,Metro Rail,Maharashtra,19.68,48,319,2,56.62,4,43.73,4.5,563,2
LA-INFR-01210,Railway Corridor,Bihar,363.44,564,227,1,65.53,11,22.49,3.0,1000,2
LA-INFR-01211,Railway Corridor,Maharashtra,30.7,69,284,1,88.25,1,71.7,8.5,221,1
LA-INFR-01212,National Highway,Bihar,74.93,122,178,2,88.34,7,61.66,5.1,606,2
LA-INFR-01213,Irrigation Dam,Uttar Pradesh,85.45,156,360,3,52.82,5,29.9,8.7,733,2
LA-INFR-01214,Industrial Park,West Bengal,332.9,518,216,1,76.51,9,38.87,4.7,863,2
LA-INFR-01215,National Highway,Odisha,27.16,59,289,3,44.08,5,30.33,5.4,701,2
LA-INFR-01216,National Highway,Maharashtra,43.96,86,203,0,56.97,0,45.52,9.7,203,1
LA-INFR-01217,Industrial Park,Uttar Pradesh,1293.88,1953,313,1,66.88,14,12.72,4.9,1000,2
LA-INFR-01218,Industrial Park,Uttar Pradesh,758.02,1154,214,2,75.19,19,1.21,1.7,1000,2
LA-INFR-01219,National Highway,Maharashtra,44.93,87,176,2,86.91,2,72.09,7.3,286,1
LA-INFR-01220,Metro Rail,West Bengal,8.57,32,178,1,60.81,1,48.78,7.4,265,1
LA-INFR-01221,National Highway,West Bengal,40.79,79,198,1,51.09,5,40.29,4.4,561,2
LA-INFR-01222,Railway Corridor,Maharashtra,59.29,104,248,0,30.32,9,0.0,4.8,888,2
LA-INFR-01223,Metro Rail,Uttar Pradesh,10.08,38,199,1,63.85,3,51.71,7.2,384,2
LA-INFR-01224,Railway Corridor,Maharashtra,24.68,63,188,1,89.17,1,72.9,6.5,177,1
LA-INFR-01225,Industrial Park,Tamil Nadu,972.65,1489,274,2,80.32,18,22.37,1.0,1000,2
LA-INFR-01226,Railway Corridor,Maharashtra,35.52,82,90,0,92.45,3,81.47,7.9,205,1
LA-INFR-01227,National Highway,Gujarat,181.64,293,208,2,79.68,8,45.09,4.5,764,2
LA-INFR-01228,Metro Rail,West Bengal,60.3,110,163,2,50.44,6,26.55,5.9,673,2
LA-INFR-01229,Railway Corridor,Uttar Pradesh,192.95,308,186,2,55.8,12,13.14,1.2,1000,2
LA-INFR-01230,Irrigation Dam,Tamil Nadu,761.22,1165,362,3,62.49,9,30.59,6.2,1000,2
LA-INFR-01231,National Highway,Gujarat,66.45,121,219,1,81.68,3,69.46,6.1,348,2
LA-INFR-01232,National Highway,Tamil Nadu,17.03,40,215,2,49.65,4,29.56,6.1,554,2
LA-INFR-01233,National Highway,Maharashtra,69.29,128,289,3,54.87,2,48.63,7.5,490,2
LA-INFR-01234,Industrial Park,Uttar Pradesh,437.75,669,229,1,72.96,18,12.68,1.0,1000,2
LA-INFR-01235,Railway Corridor,Odisha,100.99,168,320,3,39.98,11,10.86,4.6,1000,2
LA-INFR-01236,Irrigation Dam,Tamil Nadu,84.4,143,385,2,78.56,1,69.39,7.2,349,2
LA-INFR-01237,Railway Corridor,Tamil Nadu,289.02,460,181,2,79.24,8,40.3,4.2,804,2
LA-INFR-01238,Metro Rail,Odisha,6.95,34,326,0,58.49,3,47.2,7.7,413,2
LA-INFR-01239,National Highway,Odisha,29.66,62,243,2,83.52,3,66.22,4.1,382,2
LA-INFR-01240,Irrigation Dam,Gujarat,211.5,338,443,1,83.2,6,55.47,4.3,689,2
LA-INFR-01241,Irrigation Dam,Maharashtra,456.71,697,336,1,90.77,11,51.29,3.8,1000,2
LA-INFR-01242,Irrigation Dam,Bihar,95.52,162,363,2,78.24,2,60.53,8.0,416,2
LA-INFR-01243,Irrigation Dam,West Bengal,669.93,1018,371,3,78.25,14,27.48,3.2,1000,2
LA-INFR-01244,Irrigation Dam,West Bengal,127.38,212,341,2,34.53,7,7.48,2.5,894,2
LA-INFR-01245,Industrial Park,Tamil Nadu,942.81,1442,293,1,72.16,23,0.0,1.0,1000,2
LA-INFR-01246,National Highway,Maharashtra,48.59,96,326,1,69.72,2,55.12,8.1,372,2
LA-INFR-01247,National Highway,West Bengal,35.95,72,115,1,71.73,3,56.27,5.8,335,2
LA-INFR-01248,Metro Rail,West Bengal,7.37,29,270,1,79.58,1,69.45,7.4,230,1
LA-INFR-01249,Industrial Park,Maharashtra,103.52,177,185,2,38.02,6,18.68,6.1,740,2
LA-INFR-01250,Irrigation Dam,Bihar,97.13,169,220,2,34.25,6,10.44,5.7,771,2
LA-INFR-01251,Railway Corridor,Maharashtra,73.06,129,255,0,78.44,5,61.62,6.5,463,2
LA-INFR-01252,National Highway,Uttar Pradesh,146.4,242,255,2,65.41,7,43.06,5.0,747,2
LA-INFR-01253,National Highway,Maharashtra,149.21,236,264,1,48.73,4,41.25,7.0,574,2
LA-INFR-01254,Industrial Park,Bihar,135.33,222,248,0,75.64,6,45.56,6.2,571,2
LA-INFR-01255,Railway Corridor,Bihar,578.39,885,273,2,50.78,15,1.61,2.9,1000,2
LA-INFR-01256,National Highway,Tamil Nadu,11.51,45,199,1,84.77,0,68.37,8.8,133,1
LA-INFR-01257,Railway Corridor,Tamil Nadu,29.15,67,243,1,71.57,5,43.79,7.0,520,2
LA-INFR-01258,National Highway,Odisha,145.69,239,264,0,59.17,7,35.98,4.7,694,2
LA-INFR-01259,Railway Corridor,Uttar Pradesh,147.04,236,297,1,79.4,5,55.87,5.6,553,2
LA-INFR-01260,National Highway,Maharashtra,29.14,60,232,0,86.51,1,70.03,7.8,165,1
LA-INFR-01261,Irrigation Dam,Odisha,888.13,1345,339,3,63.18,12,24.75,5.2,1000,2
LA-INFR-01262,National Highway,Maharashtra,66.85,121,227,1,47.54,7,23.47,5.4,732,2
LA-INFR-01263,Railway Corridor,Gujarat,111.45,188,170,2,69.9,10,20.94,5.7,894,2
LA-INFR-01264,National Highway,Odisha,87.84,158,268,0,92.54,2,82.81,8.7,234,1
LA-INFR-01265,National Highway,Bihar,145.18,240,157,0,92.21,2,77.3,8.7,220,1
LA-INFR-01266,Railway Corridor,Gujarat,331.93,520,249,0,71.78,9,34.87,5.8,853,2
LA-INFR-01267,Railway Corridor,Maharashtra,106.81,181,234,1,64.89,3,42.68,5.9,445,2
LA-INFR-01268,Industrial Park,Uttar Pradesh,1132.0,1712,152,1,90.55,16,35.81,1.0,1000,2
LA-INFR-01269,National Highway,Tamil Nadu,28.43,69,155,1,87.61,2,70.43,6.3,233,1
LA-INFR-01270,Industrial Park,Uttar Pradesh,257.04,413,187,3,35.04,15,0.0,3.1,1000,2
LA-INFR-01271,Irrigation Dam,Gujarat,119.74,193,332,3,24.83,7,1.62,4.9,957,2
LA-INFR-01272,Irrigation Dam,Maharashtra,247.56,389,424,3,69.67,8,41.32,4.2,946,2
LA-INFR-01273,National Highway,Bihar,17.25,49,224,3,59.91,4,43.36,6.0,557,2
LA-INFR-01274,Railway Corridor,Tamil Nadu,175.99,296,257,0,85.76,8,60.75,5.3,670,2
LA-INFR-01275,National Highway,Tamil Nadu,31.4,68,293,2,59.13,7,23.33,4.5,756,2
LA-INFR-01276,National Highway,Uttar Pradesh,29.85,72,283,1,57.34,4,36.74,5.9,521,2
LA-INFR-01277,Metro Rail,Uttar Pradesh,41.94,84,229,2,83.58,3,71.63,6.5,375,2
LA-INFR-01278,National Highway,Odisha,111.81,192,194,2,75.42,4,66.18,7.3,477,2
LA-INFR-01279,Railway Corridor,Maharashtra,120.78,203,254,1,67.44,2,60.53,5.5,371,2
LA-INFR-01280,Industrial Park,Odisha,146.98,238,195,0,67.08,3,53.9,6.8,385,2
LA-INFR-01281,Industrial Park,Tamil Nadu,423.15,658,320,1,55.11,20,0.0,1.0,1000,2
LA-INFR-01282,Railway Corridor,West Bengal,185.08,302,273,3,69.33,7,45.62,5.8,798,2
LA-INFR-01283,National Highway,West Bengal,10.5,33,240,1,67.71,3,49.06,6.7,393,2
LA-INFR-01284,National Highway,Uttar Pradesh,137.08,227,255,3,43.88,7,21.54,4.3,863,2
LA-INFR-01285,Railway Corridor,Tamil Nadu,124.06,211,238,2,46.1,5,21.66,8.1,686,2
LA-INFR-01286,National Highway,Odisha,186.57,308,211,1,73.57,4,54.9,7.9,492,2
LA-INFR-01287,Railway Corridor,Bihar,117.44,202,254,2,85.01,7,53.08,5.4,675,2
LA-INFR-01288,National Highway,Gujarat,44.83,80,217,0,55.87,2,46.67,7.8,329,2
LA-INFR-01289,National Highway,Bihar,83.68,134,326,1,37.57,6,13.18,4.9,753,2
LA-INFR-01290,Railway Corridor,Maharashtra,58.62,108,195,1,64.56,3,49.48,7.0,402,2
LA-INFR-01291,National Highway,Uttar Pradesh,32.96,67,255,1,83.93,1,67.51,10.0,225,1
LA-INFR-01292,Railway Corridor,Gujarat,187.69,297,190,1,79.02,11,36.28,4.8,911,2
LA-INFR-01293,Industrial Park,Uttar Pradesh,113.06,192,190,1,76.97,3,66.09,5.7,371,2
LA-INFR-01294,Irrigation Dam,Odisha,410.68,642,260,2,60.92,15,0.55,2.4,1000,2
LA-INFR-01295,National Highway,Odisha,10.68,35,250,2,68.53,1,58.98,7.7,303,2
LA-INFR-01296,National Highway,Uttar Pradesh,46.76,91,203,3,45.22,8,23.73,5.3,860,2
LA-INFR-01297,National Highway,Maharashtra,18.48,52,284,2,85.4,0,81.32,9.8,192,1
LA-INFR-01298,Industrial Park,West Bengal,220.6,356,250,2,35.55,20,0.0,1.0,1000,2
LA-INFR-01299,Industrial Park,Uttar Pradesh,208.97,335,237,1,73.94,6,52.3,5.4,633,2
LA-INFR-01300,National Highway,West Bengal,44.03,86,159,0,73.82,4,50.76,5.3,377,2
LA-INFR-01301,Metro Rail,Bihar,47.78,83,259,0,54.66,4,40.86,6.6,477,2
LA-INFR-01302,National Highway,Bihar,57.71,109,196,1,80.29,4,66.42,6.5,403,2
LA-INFR-01303,Railway Corridor,West Bengal,61.5,104,158,2,70.1,5,49.27,8.1,533,2
LA-INFR-01304,Industrial Park,Uttar Pradesh,81.98,147,251,1,82.05,4,66.86,5.5,430,2
LA-INFR-01305,Irrigation Dam,Bihar,94.39,159,287,1,65.63,1,50.99,8.5,328,2
LA-INFR-01306,Industrial Park,Uttar Pradesh,88.44,149,125,1,68.39,2,49.75,4.6,315,2
LA-INFR-01307,Irrigation Dam,Uttar Pradesh,1865.34,2816,414,2,75.83,8,48.16,6.7,1000,2
LA-INFR-01308,National Highway,Bihar,83.96,145,201,2,52.81,8,35.89,4.8,800,2
LA-INFR-01309,Irrigation Dam,Odisha,515.91,799,262,3,47.99,11,10.65,3.7,1000,2
LA-INFR-01310,National Highway,Uttar Pradesh,16.87,50,181,1,50.82,2,44.16,7.0,362,2
LA-INFR-01311,Irrigation Dam,Bihar,448.37,687,313,1,53.54,17,0.0,1.7,1000,2
LA-INFR-01312,Railway Corridor,Tamil Nadu,23.69,55,287,1,84.59,3,70.19,6.2,350,2
LA-INFR-01313,Irrigation Dam,Uttar Pradesh,218.03,351,266,2,74.8,10,34.86,4.1,947,2
LA-INFR-01314,Railway Corridor,Uttar Pradesh,41.53,88,163,3,45.58,4,39.03,7.7,584,2
LA-INFR-01315,Industrial Park,Gujarat,471.25,722,279,1,42.05,18,0.0,1.0,1000,2
LA-INFR-01316,Railway Corridor,West Bengal,76.16,140,207,0,72.11,4,53.32,6.1,412,2
LA-INFR-01317,Industrial Park,Tamil Nadu,104.86,171,241,2,71.49,2,55.61,6.9,393,2
LA-INFR-01318,National Highway,Tamil Nadu,36.42,73,205,2,74.87,3,64.8,7.8,393,2
LA-INFR-01319,National Highway,Maharashtra,186.35,297,331,0,50.46,10,21.94,3.8,955,2
LA-INFR-01320,National Highway,Tamil Nadu,65.42,123,165,1,90.87,3,68.75,6.4,305,2
LA-INFR-01321,National Highway,Bihar,61.92,112,244,1,74.43,7,51.85,5.4,635,2
LA-INFR-01322,Irrigation Dam,Bihar,233.79,375,425,1,60.73,13,20.73,3.9,1000,2
LA-INFR-01323,National Highway,Uttar Pradesh,12.87,37,211,1,39.47,5,21.9,4.7,606,2
LA-INFR-01324,Metro Rail,Maharashtra,43.56,88,192,1,58.92,3,48.18,7.5,411,2
LA-INFR-01325,National Highway,Maharashtra,32.59,64,268,1,80.89,1,72.64,8.0,231,1
LA-INFR-01326,National Highway,Gujarat,45.07,88,280,1,51.8,5,26.43,6.4,610,2
LA-INFR-01327,Irrigation Dam,Bihar,450.04,696,310,1,74.55,7,47.89,5.2,822,2
LA-INFR-01328,Industrial Park,Bihar,265.23,417,303,3,68.93,5,46.4,6.0,721,2
LA-INFR-01329,Railway Corridor,Maharashtra,297.21,457,232,0,84.1,9,43.25,5.1,789,2
LA-INFR-01330,Railway Corridor,Maharashtra,40.69,81,255,1,84.09,0,71.77,6.5,163,1
LA-INFR-01331,Industrial Park,West Bengal,128.57,213,304,0,28.05,7,0.0,4.4,824,2
LA-INFR-01332,National Highway,Bihar,140.59,239,268,1,50.48,6,18.73,3.9,718,2
LA-INFR-01333,Metro Rail,Bihar,8.24,24,229,2,81.53,0,70.49,9.8,186,1
LA-INFR-01334,Metro Rail,Uttar Pradesh,35.92,66,196,1,77.64,3,66.41,8.1,339,2
LA-INFR-01335,Industrial Park,West Bengal,372.72,578,365,0,70.94,13,18.4,1.0,1000,2
LA-INFR-01336,National Highway,Maharashtra,32.5,65,190,0,95.96,0,80.36,8.4,53,0
LA-INFR-01337,Industrial Park,Maharashtra,56.77,113,245,0,93.09,4,81.36,6.2,333,2
LA-INFR-01338,National Highway,Bihar,127.62,215,255,1,94.62,3,71.4,7.4,353,2
LA-INFR-01339,National Highway,Uttar Pradesh,41.0,76,257,2,84.49,3,67.19,7.1,388,2
LA-INFR-01340,National Highway,Uttar Pradesh,40.5,81,336,1,84.24,3,69.33,6.7,378,2
LA-INFR-01341,Railway Corridor,Tamil Nadu,151.59,250,232,0,73.19,9,37.88,4.3,767,2
LA-INFR-01342,Irrigation Dam,Tamil Nadu,1013.13,1536,345,2,85.25,10,46.5,5.0,1000,2
LA-INFR-01343,Industrial Park,Odisha,314.39,488,307,2,79.74,16,19.74,1.0,1000,2
LA-INFR-01344,Industrial Park,Bihar,158.06,256,223,1,77.15,7,45.2,4.8,667,2
LA-INFR-01345,Railway Corridor,Maharashtra,93.88,151,273,1,49.97,2,40.58,7.8,433,2
LA-INFR-01346,National Highway,Uttar Pradesh,185.47,297,239,0,81.75,3,58.56,7.7,376,2
LA-INFR-01347,Railway Corridor,Gujarat,21.62,58,276,0,82.4,3,72.31,7.1,309,2
LA-INFR-01348,Metro Rail,Tamil Nadu,11.58,42,266,2,41.25,5,13.17,5.5,675,2
LA-INFR-01349,National Highway,West Bengal,129.12,210,209,1,63.88,5,43.56,4.3,564,2
LA-INFR-01350,Irrigation Dam,Maharashtra,440.17,679,257,2,76.46,19,6.5,1.0,1000,2
LA-INFR-01351,Railway Corridor,Bihar,160.85,261,146,3,38.39,10,6.91,3.8,1000,2
LA-INFR-01352,Railway Corridor,Maharashtra,20.96,53,137,2,19.88,3,4.04,7.0,570,2
LA-INFR-01353,Industrial Park,Tamil Nadu,121.43,208,225,1,82.31,7,56.03,4.8,628,2
LA-INFR-01354,Railway Corridor,Gujarat,92.41,156,112,1,70.52,4,55.54,5.3,420,2
LA-INFR-01355,Irrigation Dam,Gujarat,154.65,256,342,3,59.01,3,48.62,5.6,595,2
LA-INFR-01356,Metro Rail,Bihar,12.03,32,236,2,87.16,1,73.01,7.8,234,1
LA-INFR-01357,Railway Corridor,Bihar,107.59,183,272,0,69.4,2,63.99,8.6,323,2
LA-INFR-01358,National Highway,Gujarat,93.45,163,255,0,84.46,2,70.28,6.5,266,1
LA-INFR-01359,Railway Corridor,Tamil Nadu,205.46,332,275,0,74.64,6,48.97,5.6,609,2
LA-INFR-01360,Metro Rail,Maharashtra,53.61,104,250,1,71.01,4,54.67,5.7,461,2
LA-INFR-01361,National Highway,Bihar,43.61,87,213,1,62.51,5,33.09,6.6,548,2
LA-INFR-01362,Industrial Park,Uttar Pradesh,176.47,281,224,2,74.5,6,47.91,5.5,657,2
LA-INFR-01363,Industrial Park,Bihar,152.85,248,187,4,52.47,11,16.04,4.6,1000,2
LA-INFR-01364,Industrial Park,Bihar,232.36,363,241,2,57.11,8,24.49,4.9,878,2
LA-INFR-01365,National Highway,Tamil Nadu,88.34,153,150,0,87.05,2,72.15,7.3,213,1
LA-INFR-01366,Industrial Park,Uttar Pradesh,288.19,454,283,1,43.12,8,23.17,3.9,915,2
LA-INFR-01367,Metro Rail,Maharashtra,26.98,65,182,0,45.15,2,30.63,6.4,356,2
LA-INFR-01368,National Highway,Bihar,35.8,74,237,0,74.1,3,61.7,7.3,331,2
LA-INFR-01369,National Highway,Odisha,162.85,267,246,1,85.86,5,59.14,6.2,520,2
LA-INFR-01370,Metro Rail,Tamil Nadu,19.49,48,288,2,46.06,4,29.86,8.4,593,2
LA-INFR-01371,National Highway,Uttar Pradesh,26.61,53,145,2,45.24,7,22.39,4.1,729,2
LA-INFR-01372,Irrigation Dam,Gujarat,317.94,497,333,2,66.82,10,34.26,5.0,1000,2
LA-INFR-01373,Railway Corridor,Gujarat,74.51,142,257,1,89.75,2,76.64,7.3,280,1
LA-INFR-01374,National Highway,Uttar Pradesh,159.72,264,317,1,40.76,6,22.41,4.6,764,2
LA-INFR-01375,Irrigation Dam,Maharashtra,301.26,467,348,1,66.95,8,35.37,2.1,870,2
LA-INFR-01376,Railway Corridor,West Bengal,36.8,70,200,2,82.31,1,68.92,7.0,247,1
LA-INFR-01377,Railway Corridor,Odisha,85.72,148,331,1,43.63,5,29.44,5.5,664,2
LA-INFR-01378,Railway Corridor,Gujarat,95.34,158,270,1,79.32,13,23.18,2.3,1000,2
LA-INFR-01379,Railway Corridor,Odisha,317.48,500,298,0,55.18,10,17.65,4.9,989,2
LA-INFR-01380,National Highway,Tamil Nadu,43.25,81,169,2,81.47,1,69.08,7.1,239,1
LA-INFR-01381,Railway Corridor,Bihar,111.6,184,256,0,88.3,6,62.37,5.9,512,2
LA-INFR-01382,Metro Rail,Maharashtra,35.75,71,175,1,57.67,6,38.41,4.2,595,2
LA-INFR-01383,National Highway,Uttar Pradesh,80.01,144,164,1,85.62,3,69.09,7.2,323,2
LA-INFR-01384,Industrial Park,Bihar,290.82,458,259,2,44.59,15,0.0,1.0,1000,2
LA-INFR-01385,National Highway,Tamil Nadu,49.4,96,262,0,61.81,7,38.81,5.9,645,2
LA-INFR-01386,Irrigation Dam,Tamil Nadu,304.35,487,325,4,49.05,13,6.57,3.8,1000,2
LA-INFR-01387,National Highway,West Bengal,112.07,181,301,2,61.73,4,44.2,4.9,578,2
LA-INFR-01388,Metro Rail,Uttar Pradesh,29.71,66,211,1,80.08,0,80.08,9.9,142,1
LA-INFR-01389,Railway Corridor,Tamil Nadu,21.77,50,216,0,78.21,1,72.23,7.1,174,1
LA-INFR-01390,National Highway,Maharashtra,10.66,36,228,3,75.3,3,72.04,7.2,422,2
LA-INFR-01391,National Highway,Bihar,21.16,48,217,2,46.94,2,26.48,8.0,447,2
LA-INFR-01392,National Highway,West Bengal,73.42,131,293,1,91.36,4,76.69,5.7,408,2
LA-INFR-01393,Railway Corridor,Tamil Nadu,38.94,84,177,2,88.48,2,81.06,6.5,271,1
LA-INFR-01394,National Highway,Gujarat,103.03,165,192,0,80.01,3,59.6,6.4,326,2
LA-INFR-01395,Irrigation Dam,Uttar Pradesh,175.96,285,290,1,57.16,6,32.87,6.1,706,2
LA-INFR-01396,Railway Corridor,Bihar,81.48,142,324,4,74.78,6,49.74,6.2,737,2
LA-INFR-01397,National Highway,Uttar Pradesh,79.88,137,213,1,51.08,2,37.73,8.6,405,2
LA-INFR-01398,Industrial Park,Bihar,615.09,947,191,2,60.69,10,22.92,5.2,1000,2
LA-INFR-01399,Industrial Park,Odisha,435.09,664,215,2,71.25,8,56.66,6.0,874,2
LA-INFR-01400,National Highway,Tamil Nadu,19.56,45,272,2,68.69,2,55.83,8.1,379,2
LA-INFR-01401,National Highway,Odisha,46.15,83,263,1,54.03,3,42.58,7.6,458,2
LA-INFR-01402,National Highway,Uttar Pradesh,137.82,221,201,1,65.84,9,34.13,4.0,810,2
LA-INFR-01403,Industrial Park,Odisha,275.65,438,210,1,68.44,12,26.06,2.6,1000,2
LA-INFR-01404,Industrial Park,Maharashtra,153.29,253,157,1,59.75,5,33.15,4.5,577,2
LA-INFR-01405,Railway Corridor,Odisha,246.27,396,236,1,45.39,16,0.0,3.0,1000,2
LA-INFR-01406,Irrigation Dam,Uttar Pradesh,480.77,735,414,3,57.52,10,21.53,4.0,1000,2
LA-INFR-01407,Irrigation Dam,Uttar Pradesh,592.95,906,320,2,75.61,9,33.27,4.7,1000,2
LA-INFR-01408,Railway Corridor,Bihar,88.56,152,261,1,53.04,6,30.54,2.8,672,2
LA-INFR-01409,Irrigation Dam,Gujarat,492.03,757,320,2,71.19,16,17.61,1.0,1000,2
LA-INFR-01410,National Highway,Maharashtra,17.64,44,175,0,54.31,4,42.68,7.4,431,2
LA-INFR-01411,National Highway,Uttar Pradesh,42.34,81,264,1,87.04,1,68.6,7.9,224,1
LA-INFR-01412,National Highway,Odisha,14.53,41,347,2,69.3,2,55.79,6.5,406,2
LA-INFR-01413,National Highway,Uttar Pradesh,16.24,46,257,1,56.71,1,44.63,7.5,316,2
LA-INFR-01414,Railway Corridor,Maharashtra,102.99,166,209,1,84.27,3,62.68,8.8,359,2
LA-INFR-01415,Metro Rail,Bihar,19.04,46,212,2,56.94,2,46.37,7.0,395,2
LA-INFR-01416,National Highway,Uttar Pradesh,165.85,265,325,1,58.15,4,38.11,6.5,586,2
LA-INFR-01417,National Highway,Gujarat,38.27,84,245,1,77.92,3,63.64,6.8,365,2
LA-INFR-01418,Railway Corridor,West Bengal,150.4,239,191,0,83.8,4,58.95,6.6,397,2
LA-INFR-01419,Metro Rail,Bihar,6.81,30,226,1,77.96,0,69.45,9.2,156,1
LA-INFR-01420,National Highway,Gujarat,83.06,143,240,2,57.08,4,40.8,8.9,559,2
LA-INFR-01421,Railway Corridor,Bihar,49.81,98,253,1,91.43,2,78.38,8.7,261,1
LA-INFR-01422,National Highway,Maharashtra,180.74,290,305,1,88.24,5,65.36,6.2,537,2
LA-INFR-01423,National Highway,Uttar Pradesh,55.31,97,293,1,66.66,6,41.78,6.8,623,2
LA-INFR-01424,Metro Rail,Bihar,18.8,43,239,0,84.03,1,69.73,6.1,170,1
LA-INFR-01425,Metro Rail,Maharashtra,10.02,32,227,0,48.71,1,48.78,7.6,275,1
LA-INFR-01426,National Highway,Gujarat,16.34,39,249,1,83.92,1,73.59,6.9,208,1
LA-INFR-01427,Metro Rail,West Bengal,11.97,41,199,0,35.47,0,26.25,7.4,266,1
LA-INFR-01428,Industrial Park,Uttar Pradesh,295.13,465,279,2,84.52,10,36.25,5.0,957,2
LA-INFR-01429,Irrigation Dam,Tamil Nadu,346.71,536,339,1,84.35,10,51.9,5.4,942,2
LA-INFR-01430,Railway Corridor,West Bengal,54.37,104,254,0,91.46,4,63.87,5.1,360,2
LA-INFR-01431,Railway Corridor,Gujarat,145.68,238,315,2,64.59,5,44.06,5.8,651,2
LA-INFR-01432,Railway Corridor,Odisha,183.95,290,257,2,80.47,9,39.45,3.7,848,2
LA-INFR-01433,Industrial Park,Bihar,183.54,296,241,2,46.99,9,16.01,5.1,955,2
LA-INFR-01434,National Highway,West Bengal,112.06,195,204,0,40.93,5,23.4,7.1,599,2
LA-INFR-01435,National Highway,Tamil Nadu,52.53,95,226,2,61.52,5,44.37,8.3,585,2
LA-INFR-01436,National Highway,Tamil Nadu,51.09,102,173,3,60.02,2,47.56,8.4,425,2
LA-INFR-01437,Industrial Park,Maharashtra,540.39,833,256,2,70.64,18,9.14,1.9,1000,2
LA-INFR-01438,National Highway,Maharashtra,142.42,233,123,2,85.48,4,59.6,5.4,442,2
LA-INFR-01439,Industrial Park,Bihar,113.25,189,278,0,59.07,8,27.89,4.1,757,2
LA-INFR-01440,Metro Rail,Uttar Pradesh,7.91,35,266,0,65.64,3,50.27,6.9,367,2
LA-INFR-01441,National Highway,Maharashtra,57.25,110,234,2,34.58,2,25.33,9.8,502,2
LA-INFR-01442,Industrial Park,West Bengal,412.47,638,203,0,57.19,13,11.63,2.9,1000,2
LA-INFR-01443,Railway Corridor,Maharashtra,137.95,224,229,1,85.21,11,38.32,5.0,889,2
LA-INFR-01444,Irrigation Dam,Tamil Nadu,1351.39,2043,261,4,39.76,14,0.0,2.0,1000,2
LA-INFR-01445,National Highway,Bihar,116.9,195,271,1,73.65,6,55.83,5.6,605,2
LA-INFR-01446,Industrial Park,Gujarat,755.13,1154,221,1,82.03,19,19.77,1.0,1000,2
LA-INFR-01447,Irrigation Dam,Bihar,166.07,265,425,1,70.51,4,63.26,5.9,565,2
LA-INFR-01448,Metro Rail,Maharashtra,17.65,50,249,2,59.94,4,43.96,7.1,526,2
LA-INFR-01449,Industrial Park,Tamil Nadu,191.82,307,241,1,82.93,9,50.97,3.1,786,2
LA-INFR-01450,Railway Corridor,Odisha,207.54,331,250,1,55.11,6,27.07,3.8,714,2
LA-INFR-01451,Industrial Park,Gujarat,441.43,686,181,1,65.12,17,14.95,1.0,1000,2
LA-INFR-01452,Irrigation Dam,Bihar,1166.59,1761,327,3,46.21,21,0.0,1.0,1000,2
LA-INFR-01453,Railway Corridor,Uttar Pradesh,173.66,278,236,2,68.01,7,43.44,4.4,743,2
LA-INFR-01454,National Highway,Gujarat,265.95,422,214,1,85.26,11,44.29,5.9,928,2
LA-INFR-01455,Metro Rail,Maharashtra,50.12,96,201,1,66.52,4,55.17,6.4,450,2
LA-INFR-01456,Industrial Park,Tamil Nadu,93.06,160,215,0,35.87,5,16.63,6.1,615,2
LA-INFR-01457,Industrial Park,Bihar,352.87,545,232,2,74.54,13,28.28,1.8,1000,2
LA-INFR-01458,National Highway,Maharashtra,151.29,250,345,1,77.02,12,23.66,3.8,1000,2
LA-INFR-01459,Industrial Park,Uttar Pradesh,461.9,716,213,1,69.59,14,11.16,3.4,1000,2
LA-INFR-01460,Railway Corridor,Uttar Pradesh,24.42,58,196,2,78.87,1,69.83,7.8,249,1
LA-INFR-01461,Industrial Park,Tamil Nadu,373.22,579,222,0,36.05,11,5.14,3.9,1000,2
LA-INFR-01462,National Highway,Gujarat,69.19,116,305,1,79.86,3,64.32,7.0,393,2
LA-INFR-01463,Industrial Park,Uttar Pradesh,306.76,484,308,2,75.68,10,37.43,3.1,994,2
LA-INFR-01464,Metro Rail,Odisha,38.8,77,327,2,74.22,3,59.34,8.2,451,2
LA-INFR-01465,National Highway,Maharashtra,11.96,44,233,2,63.79,4,46.4,6.1,506,2
LA-INFR-01466,Metro Rail,Bihar,62.51,115,262,2,64.5,2,55.36,8.9,404,2
LA-INFR-01467,Railway Corridor,Maharashtra,38.55,77,177,0,86.71,4,61.23,5.2,337,2
LA-INFR-01468,Irrigation Dam,Gujarat,219.89,344,332,1,72.83,11,33.82,4.5,998,2
LA-INFR-01469,Irrigation Dam,West Bengal,288.02,452,294,4,73.48,10,31.08,4.2,1000,2
LA-INFR-01470,Railway Corridor,Tamil Nadu,61.93,120,253,1,80.84,2,72.27,7.3,300,2
LA-INFR-01471,Industrial Park,Odisha,70.48,122,231,0,63.81,4,39.95,5.8,454,2
LA-INFR-01472,Irrigation Dam,Tamil Nadu,263.99,423,361,1,73.98,19,8.46,1.1,1000,2
LA-INFR-01473,Railway Corridor,Gujarat,67.48,120,187,1,88.98,2,77.07,7.7,248,1
LA-INFR-01474,National Highway,West Bengal,82.83,144,272,1,74.7,2,54.63,9.0,351,2
LA-INFR-01475,Industrial Park,Gujarat,262.03,412,109,0,86.77,8,50.02,5.5,653,2
LA-INFR-01476,Irrigation Dam,Bihar,492.84,762,337,3,75.59,20,19.2,1.0,1000,2
LA-INFR-01477,Irrigation Dam,Maharashtra,1102.47,1667,344,2,62.02,10,30.52,3.6,1000,2
LA-INFR-01478,Irrigation Dam,Bihar,354.44,541,248,4,68.22,15,18.07,2.3,1000,2
LA-INFR-01479,Railway Corridor,Maharashtra,98.23,169,249,1,60.99,5,43.12,7.5,577,2
LA-INFR-01480,Irrigation Dam,Tamil Nadu,1497.62,2261,341,2,63.08,14,6.25,2.8,1000,2
LA-INFR-01481,National Highway,Bihar,39.57,78,258,1,46.42,1,41.92,8.6,354,2
LA-INFR-01482,Railway Corridor,Tamil Nadu,24.01,52,329,2,56.48,4,48.6,6.7,562,2
LA-INFR-01483,National Highway,Maharashtra,61.59,112,246,1,46.97,6,21.81,3.7,681,2
LA-INFR-01484,National Highway,Maharashtra,20.86,59,278,0,61.15,6,46.15,6.1,574,2
LA-INFR-01485,Railway Corridor,Bihar,124.29,202,299,2,26.7,8,0.0,4.6,963,2
LA-INFR-01486,Railway Corridor,Gujarat,358.96,558,254,2,49.24,9,17.92,5.6,1000,2
LA-INFR-01487,Industrial Park,Uttar Pradesh,66.27,124,186,1,82.03,5,52.13,7.7,476,2
LA-INFR-01488,Railway Corridor,Bihar,453.34,703,147,2,29.62,8,4.83,6.6,1000,2
LA-INFR-01489,Railway Corridor,West Bengal,55.99,102,248,1,64.07,4,46.41,6.2,487,2
LA-INFR-01490,National Highway,Tamil Nadu,179.12,291,209,0,94.72,4,72.14,5.9,374,2
LA-INFR-01491,Railway Corridor,Uttar Pradesh,38.11,73,294,1,58.18,2,42.06,6.9,398,2
LA-INFR-01492,National Highway,Bihar,42.24,88,206,0,60.51,3,46.58,6.7,375,2
LA-INFR-01493,National Highway,Uttar Pradesh,102.78,173,229,1,47.68,5,24.77,6.2,625,2
LA-INFR-01494,Industrial Park,Gujarat,451.99,689,172,0,81.51,14,36.89,1.5,1000,2
LA-INFR-01495,Industrial Park,Maharashtra,404.48,629,212,0,69.46,15,18.81,2.0,1000,2
LA-INFR-01496,Industrial Park,Uttar Pradesh,141.04,229,182,2,83.64,3,63.84,4.8,405,2
LA-INFR-01497,Railway Corridor,Maharashtra,33.08,73,187,0,69.44,1,64.49,9.8,199,1
LA-INFR-01498,Railway Corridor,Uttar Pradesh,55.11,102,227,0,96.15,2,78.38,7.0,200,1
LA-INFR-01499,Irrigation Dam,West Bengal,1217.19,1842,319,0,25.61,4,15.92,6.0,1000,2
LA-INFR-01500,Railway Corridor,Uttar Pradesh,55.96,97,361,1,91.85,4,71.25,6.9,432,2
LA-INFR-01501,Railway Corridor,Maharashtra,145.16,235,271,1,85.36,9,40.28,5.2,786,2
LA-INFR-01502,National Highway,Bihar,77.66,133,284,2,72.36,5,53.06,4.0,581,2
LA-INFR-01503,National Highway,Maharashtra,35.01,74,224,1,64.69,1,54.96,6.9,278,1
LA-INFR-01504,Railway Corridor,Maharashtra,47.32,94,235,0,75.59,1,67.8,9.0,205,1
LA-INFR-01505,Railway Corridor,Odisha,66.05,115,208,1,90.93,5,67.91,6.9,441,2
LA-INFR-01506,Railway Corridor,West Bengal,109.68,189,361,2,60.89,5,40.91,4.8,669,2
LA-INFR-01507,Railway Corridor,Gujarat,63.19,122,224,2,61.31,2,49.39,8.4,405,2
LA-INFR-01508,Industrial Park,Odisha,379.15,589,199,1,87.16,13,53.86,3.6,1000,2
LA-INFR-01509,Irrigation Dam,Tamil Nadu,493.61,761,312,3,36.34,16,0.0,1.0,1000,2
LA-INFR-01510,Irrigation Dam,Maharashtra,91.04,154,366,3,65.97,6,32.53,5.6,760,2
LA-INFR-01511,Industrial Park,West Bengal,581.72,886,301,1,71.3,17,5.63,1.0,1000,2
LA-INFR-01512,Metro Rail,Odisha,15.26,42,284,1,60.26,1,53.4,8.4,306,2
LA-INFR-01513,National Highway,West Bengal,38.83,80,192,2,81.68,2,64.65,8.7,312,2
LA-INFR-01514,National Highway,Bihar,90.83,158,190,3,69.41,5,52.83,5.7,597,2
LA-INFR-01515,National Highway,Uttar Pradesh,69.28,120,292,2,69.33,4,52.01,6.4,529,2
LA-INFR-01516,Industrial Park,Odisha,116.44,197,335,3,74.54,5,53.97,6.4,651,2
LA-INFR-01517,Irrigation Dam,West Bengal,1499.53,2274,342,3,48.35,17,0.0,1.0,1000,2
LA-INFR-01518,National Highway,Gujarat,84.13,147,290,2,18.25,11,0.0,1.5,1000,2
LA-INFR-01519,Metro Rail,Maharashtra,22.35,53,156,2,74.67,3,59.06,7.9,375,2
LA-INFR-01520,National Highway,Uttar Pradesh,79.47,134,187,1,80.76,4,56.0,7.6,418,2
LA-INFR-01521,Metro Rail,Uttar Pradesh,15.58,41,179,1,56.27,2,39.98,7.9,350,2
LA-INFR-01522,Railway Corridor,West Bengal,200.7,319,250,1,62.81,13,25.81,4.2,1000,2
LA-INFR-01523,National Highway,Maharashtra,14.32,43,221,2,54.31,2,45.72,7.1,405,2
LA-INFR-01524,Railway Corridor,Maharashtra,100.85,171,241,2,35.8,6,12.31,6.0,774,2
LA-INFR-01525,National Highway,Gujarat,94.75,162,290,1,56.83,4,36.42,5.7,550,2
LA-INFR-01526,National Highway,Maharashtra,17.03,43,197,2,37.14,5,18.47,5.1,652,2
LA-INFR-01527,National Highway,Odisha,119.33,200,234,1,46.05,5,27.89,4.7,634,2
LA-INFR-01528,Irrigation Dam,Uttar Pradesh,145.71,234,283,2,80.14,4,53.39,6.7,528,2
LA-INFR-01529,Railway Corridor,Odisha,345.14,535,288,1,85.15,12,40.01,3.3,1000,2
LA-INFR-01530,National Highway,Tamil Nadu,223.26,355,284,0,83.94,13,26.3,3.9,1000,2
LA-INFR-01531,Industrial Park,Gujarat,102.12,171,248,3,59.48,3,44.4,5.1,539,2
LA-INFR-01532,Industrial Park,Gujarat,108.11,184,235,1,63.49,5,49.43,6.3,561,2
LA-INFR-01533,National Highway,Maharashtra,18.09,49,204,2,86.51,1,68.35,9.3,232,1
LA-INFR-01534,Railway Corridor,Maharashtra,72.65,130,160,1,57.69,4,39.22,6.5,483,2
LA-INFR-01535,National Highway,Uttar Pradesh,124.41,200,245,3,32.79,9,1.43,5.3,1000,2
LA-INFR-01536,National Highway,Tamil Nadu,152.03,241,267,0,85.11,7,49.98,7.5,615,2
LA-INFR-01537,Industrial Park,Odisha,61.95,112,330,1,67.0,8,34.03,6.2,770,2
LA-INFR-01538,National Highway,Bihar,64.1,130,210,0,53.55,4,29.59,5.0,485,2
LA-INFR-01539,Railway Corridor,Tamil Nadu,188.07,307,243,0,59.97,8,25.14,4.5,775,2
LA-INFR-01540,Industrial Park,Maharashtra,438.61,684,285,1,83.09,13,36.6,3.2,1000,2
LA-INFR-01541,National Highway,Odisha,17.77,50,287,1,66.33,1,58.64,7.5,288,1
LA-INFR-01542,Railway Corridor,Gujarat,162.11,255,198,2,63.53,9,28.53,5.7,871,2
LA-INFR-01543,National Highway,Uttar Pradesh,49.38,101,216,1,77.93,3,67.85,6.8,353,2
LA-INFR-01544,Metro Rail,Bihar,14.09,45,203,1,81.49,2,71.0,7.1,260,1
LA-INFR-01545,Railway Corridor,Maharashtra,92.71,156,184,3,37.34,11,10.45,4.7,1000,2
LA-INFR-01546,Irrigation Dam,Tamil Nadu,1131.06,1714,423,2,35.05,19,0.0,1.0,1000,2
LA-INFR-01547,Railway Corridor,Bihar,25.62,56,233,0,56.69,2,39.78,7.7,335,2
LA-INFR-01548,National Highway,Maharashtra,57.67,109,226,0,97.99,2,81.25,6.6,193,1
LA-INFR-01549,Industrial Park,Bihar,387.33,601,242,0,56.18,15,15.64,2.8,1000,2
LA-INFR-01550,Metro Rail,Uttar Pradesh,51.04,98,232,0,52.62,5,27.34,5.6,551,2
LA-INFR-01551,Industrial Park,Bihar,181.75,294,218,1,86.84,6,64.41,6.1,567,2
LA-INFR-01552,Irrigation Dam,Tamil Nadu,89.45,155,311,2,61.65,5,35.33,5.5,645,2
LA-INFR-01553,Irrigation Dam,Maharashtra,104.79,178,428,3,58.6,10,20.91,2.0,1000,2
LA-INFR-01554,National Highway,West Bengal,66.02,114,201,1,72.32,3,53.59,7.2,382,2
LA-INFR-01555,National Highway,West Bengal,59.92,112,183,1,78.12,4,53.73,5.1,419,2
LA-INFR-01556,Industrial Park,Uttar Pradesh,89.34,153,225,1,55.86,5,39.17,7.5,580,2
LA-INFR-01557,Railway Corridor,Maharashtra,96.3,164,337,2,53.06,9,27.95,5.0,929,2
LA-INFR-01558,Irrigation Dam,West Bengal,88.77,151,308,0,86.5,4,70.36,7.1,399,2
LA-INFR-01559,Metro Rail,Gujarat,17.36,44,265,1,84.6,3,67.27,6.5,342,2
LA-INFR-01560,Railway Corridor,Uttar Pradesh,20.03,49,217,1,57.86,1,41.64,7.6,301,2
LA-INFR-01561,National Highway,Uttar Pradesh,27.56,60,242,2,56.76,6,33.74,3.2,667,2
LA-INFR-01562,Irrigation Dam,Maharashtra,472.05,730,396,2,87.28,21,18.68,1.0,1000,2
LA-INFR-01563,National Highway,Tamil Nadu,43.94,82,144,1,79.86,2,65.42,6.1,258,1
LA-INFR-01564,Irrigation Dam,Maharashtra,323.59,514,305,2,69.73,13,30.4,3.1,1000,2
LA-INFR-01565,Railway Corridor,Uttar Pradesh,259.08,400,275,1,85.78,6,58.22,4.5,629,2
LA-INFR-01566,Industrial Park,Tamil Nadu,330.55,515,234,4,50.49,14,0.44,3.0,1000,2
LA-INFR-01567,National Highway,Tamil Nadu,51.05,93,240,0,75.98,2,67.32,7.4,266,1
LA-INFR-01568,Industrial Park,Uttar Pradesh,242.98,388,265,1,78.16,8,50.68,3.5,769,2
LA-INFR-01569,Railway Corridor,Bihar,55.5,108,185,1,70.93,4,59.32,7.8,430,2
LA-INFR-01570,Railway Corridor,Tamil Nadu,59.25,99,282,2,33.07,1,29.37,7.4,458,2
LA-INFR-01571,National Highway,Maharashtra,45.18,84,270,0,63.48,4,41.11,5.5,459,2
LA-INFR-01572,Industrial Park,Maharashtra,366.66,562,241,1,95.16,11,39.69,4.6,957,2
LA-INFR-01573,Irrigation Dam,Odisha,194.76,317,373,2,59.35,10,14.8,3.4,1000,2
LA-INFR-01574,National Highway,Maharashtra,101.26,177,288,1,70.42,2,54.47,7.0,377,2
LA-INFR-01575,National Highway,West Bengal,19.86,47,200,1,65.73,2,59.79,8.7,313,2
LA-INFR-01576,National Highway,Gujarat,72.5,129,263,1,89.07,0,86.28,8.4,150,1
LA-INFR-01577,Industrial Park,Uttar Pradesh,218.63,347,317,2,51.17,5,29.03,6.6,733,2
LA-INFR-01578,Industrial Park,Uttar Pradesh,305.34,475,262,1,51.63,13,11.53,2.7,1000,2
LA-INFR-01579,Railway Corridor,Tamil Nadu,90.31,156,218,2,62.38,10,19.26,3.3,926,2
LA-INFR-01580,National Highway,Odisha,16.92,43,345,2,83.51,0,81.37,7.7,219,1
LA-INFR-01581,Railway Corridor,Gujarat,98.3,170,241,0,59.38,4,40.04,4.0,481,2
LA-INFR-01582,Railway Corridor,West Bengal,129.86,212,299,1,87.56,2,76.04,7.9,322,2
LA-INFR-01583,Railway Corridor,Maharashtra,190.31,305,208,0,77.89,7,51.79,5.8,624,2
LA-INFR-01584,Metro Rail,Tamil Nadu,64.22,106,283,1,82.36,5,61.45,4.5,499,2
LA-INFR-01585,National Highway,Bihar,75.4,141,202,1,64.8,3,43.32,7.2,420,2
LA-INFR-01586,Industrial Park,Bihar,348.7,539,246,2,87.54,9,48.85,1.4,881,2
LA-INFR-01587,Railway Corridor,Maharashtra,51.59,100,199,0,68.49,3,57.92,8.9,342,2
LA-INFR-01588,Railway Corridor,Maharashtra,24.43,66,325,1,73.24,2,62.46,6.6,345,2
LA-INFR-01589,Industrial Park,West Bengal,110.81,193,218,0,98.4,8,59.15,4.3,597,2
LA-INFR-01590,Industrial Park,Bihar,327.47,509,174,3,14.31,17,0.0,1.9,1000,2
LA-INFR-01591,Metro Rail,Uttar Pradesh,32.8,63,234,1,53.85,6,25.23,6.1,642,2
LA-INFR-01592,National Highway,Uttar Pradesh,34.58,79,256,2,60.5,2,42.13,5.7,417,2
LA-INFR-01593,National Highway,Odisha,30.92,74,228,1,77.9,3,58.01,6.8,362,2
LA-INFR-01594,Industrial Park,West Bengal,369.48,573,189,1,76.59,7,47.45,5.6,736,2
LA-INFR-01595,Railway Corridor,Uttar Pradesh,25.42,54,281,2,51.03,2,33.91,6.4,455,2
LA-INFR-01596,National Highway,Maharashtra,53.41,93,292,1,70.88,4,56.25,7.2,474,2
LA-INFR-01597,National Highway,Uttar Pradesh,18.41,48,147,1,77.03,1,62.78,6.3,200,1
LA-INFR-01598,National Highway,Gujarat,24.53,59,186,1,70.37,3,54.17,7.4,365,2
LA-INFR-01599,Irrigation Dam,Tamil Nadu,258.35,404,342,1,64.21,7,39.03,3.7,794,2
LA-INFR-01600,National Highway,Bihar,39.17,80,203,0,77.63,4,67.1,6.0,364,2
LA-INFR-01601,National Highway,Tamil Nadu,118.65,193,256,1,77.89,7,52.06,3.6,653,2
LA-INFR-01602,National Highway,Uttar Pradesh,189.69,303,321,2,50.29,8,19.74,5.6,916,2
LA-INFR-01603,Railway Corridor,Odisha,350.75,548,210,0,77.81,11,32.09,4.9,953,2
LA-INFR-01604,National Highway,Bihar,38.45,78,308,1,63.24,4,38.66,8.1,516,2
LA-INFR-01605,Railway Corridor,Maharashtra,100.22,178,156,1,70.99,6,40.98,5.2,579,2
LA-INFR-01606,National Highway,Maharashtra,35.98,72,252,0,66.51,2,53.11,6.4,306,2
LA-INFR-01607,Irrigation Dam,Bihar,141.59,232,320,2,91.01,8,63.94,5.8,742,2
LA-INFR-01608,National Highway,Gujarat,12.04,38,253,2,74.27,1,63.2,7.7,286,1
LA-INFR-01609,Railway Corridor,Uttar Pradesh,94.07,167,142,1,72.79,3,53.71,6.2,371,2
LA-INFR-01610,Irrigation Dam,Odisha,598.18,911,285,3,59.48,12,18.1,2.5,1000,2
LA-INFR-01611,Industrial Park,West Bengal,790.69,1200,253,1,36.99,13,2.53,2.8,1000,2
LA-INFR-01612,Railway Corridor,Uttar Pradesh,46.41,82,198,3,67.06,1,53.58,8.8,346,2
LA-INFR-01613,National Highway,Maharashtra,220.04,347,213,0,45.03,7,21.81,4.1,755,2
LA-INFR-01614,National Highway,Maharashtra,11.52,33,321,0,60.8,1,49.91,8.9,282,1
LA-INFR-01615,Industrial Park,West Bengal,163.74,264,236,3,60.74,12,19.67,3.0,1000,2
LA-INFR-01616,Metro Rail,Maharashtra,17.73,41,275,2,35.54,3,26.18,8.0,557,2
LA-INFR-01617,Industrial Park,Uttar Pradesh,64.27,117,192,2,80.99,2,73.76,7.0,313,2
LA-INFR-01618,Railway Corridor,Bihar,25.05,56,162,0,37.71,0,33.66,8.8,241,1
LA-INFR-01619,Industrial Park,West Bengal,244.46,383,225,1,86.65,10,53.66,3.2,848,2
LA-INFR-01620,Railway Corridor,Maharashtra,107.02,175,155,0,53.97,2,44.6,7.6,337,2
LA-INFR-01621,National Highway,Bihar,29.22,58,195,1,69.73,3,47.27,7.5,379,2
LA-INFR-01622,Railway Corridor,Bihar,75.01,138,241,1,56.49,6,31.86,3.7,650,2
LA-INFR-01623,Metro Rail,Bihar,25.82,61,224,0,86.04,5,74.06,7.6,398,2
LA-INFR-01624,National Highway,Odisha,17.37,51,246,1,55.83,3,40.68,5.3,439,2
LA-INFR-01625,Industrial Park,Maharashtra,112.28,193,260,2,66.28,2,52.08,8.3,423,2
LA-INFR-01626,National Highway,Odisha,95.77,161,170,2,62.34,2,48.52,6.7,393,2
LA-INFR-01627,Railway Corridor,Tamil Nadu,152.15,258,182,1,51.37,5,28.9,6.8,614,2
LA-INFR-01628,National Highway,Tamil Nadu,35.19,76,121,0,60.1,3,38.2,7.2,349,2
LA-INFR-01629,Railway Corridor,Tamil Nadu,51.69,95,211,2,74.04,4,43.15,6.1,489,2
LA-INFR-01630,Irrigation Dam,Bihar,217.7,347,386,2,67.95,9,30.28,3.5,957,2
LA-INFR-01631,National Highway,Maharashtra,154.98,252,304,1,65.55,5,42.24,5.8,610,2
LA-INFR-01632,Industrial Park,Tamil Nadu,447.36,691,239,3,53.04,14,8.49,1.9,1000,2
LA-INFR-01633,Irrigation Dam,Bihar,516.02,793,418,4,60.85,15,7.91,2.4,1000,2
LA-INFR-01634,Metro Rail,Tamil Nadu,64.69,119,249,1,82.99,1,72.33,7.7,233,1
LA-INFR-01635,National Highway,Uttar Pradesh,38.79,82,235,2,44.96,4,22.56,5.6,592,2
LA-INFR-01636,Railway Corridor,Gujarat,195.38,314,199,0,81.14,6,46.45,4.4,561,2
LA-INFR-01637,National Highway,Tamil Nadu,68.63,116,110,1,81.4,5,60.0,5.6,436,2
LA-INFR-01638,Metro Rail,Maharashtra,29.49,68,291,3,68.67,2,59.06,7.1,428,2
LA-INFR-01639,Metro Rail,Bihar,9.55,31,227,0,74.14,2,65.64,6.4,251,1
LA-INFR-01640,Railway Corridor,West Bengal,124.53,196,299,1,58.95,6,41.08,6.0,672,2
LA-INFR-01641,Irrigation Dam,West Bengal,449.87,698,302,2,83.1,11,48.39,3.4,1000,2
LA-INFR-01642,Railway Corridor,Bihar,206.65,330,351,1,84.84,6,61.79,6.6,638,2
LA-INFR-01643,Industrial Park,Odisha,256.23,400,217,1,51.73,9,16.7,4.8,921,2
LA-INFR-01644,National Highway,Uttar Pradesh,28.85,63,195,0,82.28,2,69.47,7.8,222,1
LA-INFR-01645,Irrigation Dam,Bihar,203.69,318,339,3,48.0,6,23.59,5.0,849,2
LA-INFR-01646,National Highway,Odisha,36.07,78,238,2,77.78,2,62.86,8.5,342,2
LA-INFR-01647,Irrigation Dam,Odisha,775.61,1176,346,2,70.51,14,23.42,2.7,1000,2
LA-INFR-01648,Irrigation Dam,Tamil Nadu,208.84,334,324,3,56.12,7,35.84,6.5,871,2
LA-INFR-01649,Industrial Park,Odisha,433.03,671,139,1,33.33,16,0.0,2.5,1000,2
LA-INFR-01650,National Highway,Maharashtra,36.7,75,189,1,61.75,5,40.53,5.8,529,2
LA-INFR-01651,National Highway,Odisha,62.11,113,283,1,79.46,0,72.0,7.4,194,1
LA-INFR-01652,National Highway,Uttar Pradesh,14.61,38,186,2,40.89,4,26.6,6.5,567,2
LA-INFR-01653,Railway Corridor,Maharashtra,303.06,472,144,0,64.29,13,24.76,2.5,1000,2
LA-INFR-01654,National Highway,Uttar Pradesh,142.27,231,177,2,57.3,6,42.85,4.9,674,2
LA-INFR-01655,Metro Rail,Bihar,16.9,50,225,1,63.13,3,48.47,5.7,403,2
LA-INFR-01656,Railway Corridor,Uttar Pradesh,103.29,190,192,2,73.61,11,32.23,5.5,940,2
LA-INFR-01657,National Highway,Uttar Pradesh,411.08,628,216,1,69.76,15,18.57,1.0,1000,2
LA-INFR-01658,Railway Corridor,Maharashtra,44.27,82,190,2,87.81,0,84.18,6.1,154,1
LA-INFR-01659,Railway Corridor,Uttar Pradesh,22.51,58,280,2,65.54,1,58.59,8.0,329,2
LA-INFR-01660,Industrial Park,Tamil Nadu,101.9,175,254,1,68.21,5,43.83,5.3,561,2
LA-INFR-01661,Railway Corridor,Bihar,35.74,73,340,1,54.57,4,37.18,6.1,551,2
LA-INFR-01662,Metro Rail,Uttar Pradesh,8.94,36,210,1,74.75,3,58.35,5.4,353,2
LA-INFR-01663,Railway Corridor,West Bengal,123.09,203,215,1,80.65,2,63.35,7.6,319,2
LA-INFR-01664,Metro Rail,Odisha,46.03,94,289,1,79.4,1,65.17,7.9,260,1
LA-INFR-01665,Irrigation Dam,West Bengal,337.77,521,369,3,50.31,15,0.0,3.0,1000,2
LA-INFR-01666,National Highway,Uttar Pradesh,61.24,119,182,1,60.47,4,41.68,7.0,479,2
LA-INFR-01667,Metro Rail,West Bengal,66.36,124,257,1,80.69,4,66.28,6.1,430,2
LA-INFR-01668,National Highway,Maharashtra,79.91,141,249,0,93.41,3,80.16,5.2,284,1
LA-INFR-01669,Irrigation Dam,Maharashtra,134.95,222,260,1,64.63,4,46.04,5.6,523,2
LA-INFR-01670,Railway Corridor,Uttar Pradesh,108.52,173,197,1,58.84,4,49.87,5.6,495,2
LA-INFR-01671,Irrigation Dam,Odisha,133.4,216,359,3,60.01,3,44.74,5.7,594,2
LA-INFR-01672,Irrigation Dam,Uttar Pradesh,1331.11,2015,422,4,84.73,15,29.55,3.3,1000,2
LA-INFR-01673,Irrigation Dam,Maharashtra,657.72,998,384,2,60.38,14,2.46,3.8,1000,2
LA-INFR-01674,Irrigation Dam,Maharashtra,1445.91,2191,321,4,33.91,19,0.0,1.0,1000,2
LA-INFR-01675,National Highway,Odisha,24.89,59,194,2,92.31,0,78.6,8.8,144,1
LA-INFR-01676,National Highway,Tamil Nadu,32.23,65,269,0,53.18,6,37.12,5.9,604,2
LA-INFR-01677,Railway Corridor,Uttar Pradesh,61.8,116,108,2,63.44,4,38.88,5.8,485,2
LA-INFR-01678,National Highway,Tamil Nadu,55.83,104,189,1,87.61,3,76.29,6.9,309,2
LA-INFR-01679,Industrial Park,Bihar,68.84,120,300,2,65.44,4,47.92,4.4,547,2
LA-INFR-01680,National Highway,Tamil Nadu,20.76,53,244,0,74.64,1,58.43,6.0,211,1
LA-INFR-01681,Metro Rail,Uttar Pradesh,10.66,38,192,0,77.65,3,52.58,7.2,306,2
LA-INFR-01682,Industrial Park,Odisha,374.38,575,169,1,77.59,12,35.68,4.1,1000,2
LA-INFR-01683,Irrigation Dam,Uttar Pradesh,511.02,783,391,3,58.72,11,15.24,4.5,1000,2
LA-INFR-01684,National Highway,Tamil Nadu,186.93,302,233,1,56.22,13,1.74,1.7,1000,2
LA-INFR-01685,Irrigation Dam,Maharashtra,568.32,873,339,4,72.95,16,27.55,2.5,1000,2
LA-INFR-01686,Metro Rail,Uttar Pradesh,10.18,33,248,1,65.42,2,57.22,7.9,332,2
LA-INFR-01687,Railway Corridor,Uttar Pradesh,106.09,181,238,2,51.24,7,19.39,5.7,788,2
LA-INFR-01688,Industrial Park,Bihar,366.32,561,234,1,54.88,10,10.31,3.9,1000,2
LA-INFR-01689,Irrigation Dam,Maharashtra,733.11,1119,283,1,68.29,19,10.36,1.0,1000,2
LA-INFR-01690,National Highway,West Bengal,29.68,59,178,1,77.99,2,57.42,7.9,280,1
LA-INFR-01691,Railway Corridor,Uttar Pradesh,58.06,108,267,1,59.16,4,41.74,7.2,514,2
LA-INFR-01692,Railway Corridor,Tamil Nadu,172.36,276,257,2,62.93,6,40.82,5.4,706,2
LA-INFR-01693,National Highway,Odisha,167.87,272,249,1,85.44,4,62.32,6.8,460,2
LA-INFR-01694,Railway Corridor,Tamil Nadu,172.61,273,200,1,71.76,8,35.7,5.3,747,2
LA-INFR-01695,National Highway,West Bengal,34.47,70,268,3,83.24,2,59.41,7.1,383,2
LA-INFR-01696,National Highway,Tamil Nadu,47.45,87,211,1,79.65,2,67.98,6.5,283,1
LA-INFR-01697,National Highway,Uttar Pradesh,167.18,269,295,1,43.32,5,35.89,6.1,675,2
LA-INFR-01698,Metro Rail,Odisha,6.52,34,192,2,60.61,4,36.82,7.3,506,2
LA-INFR-01699,Railway Corridor,Uttar Pradesh,28.32,66,203,2,74.22,1,58.82,6.7,279,1
LA-INFR-01700,Metro Rail,Tamil Nadu,8.67,34,222,1,78.87,1,71.86,8.8,211,1
LA-INFR-01701,Railway Corridor,West Bengal,25.71,53,272,0,67.04,2,42.15,6.5,321,2
LA-INFR-01702,National Highway,Uttar Pradesh,16.76,46,228,3,78.72,1,63.9,9.4,306,2
LA-INFR-01703,Railway Corridor,Uttar Pradesh,105.99,173,231,1,75.15,1,65.68,8.4,268,1
LA-INFR-01704,Railway Corridor,Bihar,154.48,254,210,1,72.15,10,30.79,3.6,870,2
LA-INFR-01705,National Highway,Odisha,70.64,118,243,3,48.64,4,34.36,5.0,623,2
LA-INFR-01706,Industrial Park,Gujarat,744.56,1135,226,2,65.9,15,16.37,1.5,1000,2
LA-INFR-01707,National Highway,Bihar,353.45,552,190,1,51.1,16,0.0,1.3,1000,2
LA-INFR-01708,Industrial Park,Tamil Nadu,237.94,378,236,1,83.23,14,29.12,2.1,1000,2
LA-INFR-01709,Industrial Park,Gujarat,650.74,999,237,2,58.83,10,20.89,3.3,1000,2
LA-INFR-01710,National Highway,Maharashtra,126.39,209,347,1,82.13,5,59.3,6.0,554,2
LA-INFR-01711,National Highway,Uttar Pradesh,17.5,52,199,1,86.28,1,75.71,7.5,183,1
LA-INFR-01712,Irrigation Dam,West Bengal,371.69,576,308,0,75.3,10,44.91,3.2,931,2
LA-INFR-01713,Railway Corridor,Odisha,267.87,419,243,1,55.44,10,23.54,5.1,978,2
LA-INFR-01714,National Highway,Odisha,23.85,55,180,2,84.52,2,68.19,8.3,290,1
LA-INFR-01715,Metro Rail,Bihar,14.67,44,176,2,57.4,6,36.48,5.6,631,2
LA-INFR-01716,National Highway,Maharashtra,14.74,37,158,2,44.21,2,36.95,8.1,415,2
LA-INFR-01717,Industrial Park,Bihar,253.9,398,191,2,87.06,9,48.07,5.0,824,2
LA-INFR-01718,Metro Rail,Uttar Pradesh,6.96,24,192,1,37.94,2,31.05,6.6,408,2
LA-INFR-01719,National Highway,Uttar Pradesh,32.39,65,165,2,67.06,4,47.18,6.8,475,2
LA-INFR-01720,National Highway,West Bengal,17.74,46,217,2,56.85,1,49.62,6.7,334,2
LA-INFR-01721,National Highway,Maharashtra,130.0,215,111,3,56.19,8,31.62,3.9,819,2
LA-INFR-01722,National Highway,Odisha,50.81,99,254,2,90.59,1,83.66,8.2,237,1
LA-INFR-01723,National Highway,Bihar,60.94,114,202,2,30.58,4,11.18,6.9,637,2
LA-INFR-01724,Industrial Park,Tamil Nadu,203.24,320,209,0,89.4,6,56.89,6.1,534,2
LA-INFR-01725,National Highway,Maharashtra,41.71,88,259,0,91.32,3,82.08,6.9,276,1
LA-INFR-01726,Railway Corridor,Uttar Pradesh,23.27,56,248,0,60.16,7,42.06,3.5,629,2
LA-INFR-01727,Metro Rail,Maharashtra,8.77,31,198,0,66.42,3,54.44,5.3,332,2
LA-INFR-01728,Irrigation Dam,Gujarat,448.45,696,372,4,49.4,23,0.0,1.0,1000,2
LA-INFR-01729,Industrial Park,Odisha,63.96,109,307,0,82.02,2,66.35,7.9,284,1
LA-INFR-01730,National Highway,Bihar,84.3,152,179,4,82.75,2,63.58,6.5,405,2
LA-INFR-01731,Industrial Park,Uttar Pradesh,1412.8,2139,267,1,67.9,10,32.19,5.7,1000,2
LA-INFR-01732,Railway Corridor,Gujarat,49.48,95,174,1,32.16,6,10.34,5.0,698,2
LA-INFR-01733,Railway Corridor,Uttar Pradesh,121.71,201,288,2,56.15,4,38.06,7.6,599,2
LA-INFR-01734,National Highway,Maharashtra,45.8,88,194,0,94.83,1,76.6,5.9,128,1
LA-INFR-01735,Irrigation Dam,Tamil Nadu,496.57,762,312,3,61.59,18,6.2,1.0,1000,2
LA-INFR-01736,Railway Corridor,Gujarat,89.4,152,287,0,98.88,1,88.23,7.9,159,1
LA-INFR-01737,National Highway,Maharashtra,72.04,135,266,0,96.64,3,80.26,6.5,280,1
LA-INFR-01738,Railway Corridor,Uttar Pradesh,199.01,326,196,3,59.47,6,26.59,6.4,760,2
LA-INFR-01739,Railway Corridor,Gujarat,97.14,164,236,2,69.74,1,52.18,7.9,337,2
LA-INFR-01740,Irrigation Dam,Maharashtra,510.89,784,314,1,44.25,18,0.0,2.2,1000,2
LA-INFR-01741,Industrial Park,Maharashtra,153.75,249,150,2,52.94,10,21.51,3.5,945,2
LA-INFR-01742,Irrigation Dam,Tamil Nadu,331.94,515,359,3,58.78,14,8.45,1.3,1000,2
LA-INFR-01743,National Highway,Odisha,261.73,410,212,2,61.82,14,8.47,2.2,1000,2
LA-INFR-01744,Railway Corridor,Bihar,44.62,91,182,2,49.51,6,29.83,5.2,673,2
LA-INFR-01745,Railway Corridor,Gujarat,94.31,157,295,3,75.34,2,60.18,6.5,436,2
LA-INFR-01746,National Highway,Tamil Nadu,10.34,38,184,0,74.72,1,66.12,6.7,174,1
LA-INFR-01747,National Highway,Maharashtra,12.62,34,237,1,46.81,1,34.04,6.2,343,2
LA-INFR-01748,Irrigation Dam,Gujarat,218.63,349,403,3,63.9,9,30.38,5.7,1000,2
LA-INFR-01749,National Highway,Bihar,17.28,41,217,1,57.68,1,55.59,6.1,283,1
LA-INFR-01750,Railway Corridor,Uttar Pradesh,185.09,300,193,2,45.29,10,16.96,3.9,1000,2
LA-INFR-01751,National Highway,Tamil Nadu,127.11,211,244,0,75.08,3,54.61,6.9,377,2
LA-INFR-01752,National Highway,Uttar Pradesh,90.08,153,252,1,64.69,4,44.84,6.8,502,2
LA-INFR-01753,National Highway,Maharashtra,24.57,56,273,1,63.58,3,52.28,6.8,419,2
LA-INFR-01754,Metro Rail,Maharashtra,5.21,25,323,0,83.05,1,72.19,6.2,198,1
LA-INFR-01755,Irrigation Dam,Bihar,269.36,422,327,3,56.29,13,13.43,2.0,1000,2
LA-INFR-01756,Metro Rail,Odisha,29.48,65,239,3,66.53,3,57.8,6.7,473,2
LA-INFR-01757,Railway Corridor,Tamil Nadu,249.63,391,166,2,31.79,13,0.0,2.8,1000,2
LA-INFR-01758,National Highway,Gujarat,154.29,247,263,2,85.15,7,52.67,4.0,691,2
LA-INFR-01759,Railway Corridor,Uttar Pradesh,90.5,149,239,2,72.81,12,35.81,3.8,1000,2
LA-INFR-01760,Railway Corridor,Uttar Pradesh,26.43,65,221,0,83.94,3,62.43,5.9,297,1
LA-INFR-01761,Irrigation Dam,Maharashtra,318.89,498,319,4,71.11,12,27.88,4.9,1000,2
LA-INFR-01762,National Highway,Maharashtra,59.98,103,212,0,79.31,2,62.48,5.3,256,1
LA-INFR-01763,Railway Corridor,Uttar Pradesh,95.15,163,241,1,80.45,6,48.44,6.1,577,2
LA-INFR-01764,National Highway,West Bengal,43.91,84,181,1,53.51,7,26.65,5.3,685,2
LA-INFR-01765,National Highway,Gujarat,70.32,122,214,0,83.2,3,66.19,6.6,307,2
LA-INFR-01766,Industrial Park,Gujarat,1847.74,2803,230,0,52.87,20,0.0,1.0,1000,2
LA-INFR-01767,Railway Corridor,Uttar Pradesh,47.53,92,153,2,64.76,7,42.29,4.5,669,2
LA-INFR-01768,Railway Corridor,Odisha,162.58,267,177,1,81.24,5,54.32,5.7,510,2
LA-INFR-01769,Railway Corridor,Uttar Pradesh,103.09,178,196,4,77.38,3,62.45,5.7,493,2
LA-INFR-01770,Railway Corridor,Maharashtra,213.78,338,308,0,87.13,10,42.36,5.3,841,2
LA-INFR-01771,Irrigation Dam,Odisha,520.45,806,308,2,52.32,19,2.08,1.0,1000,2
LA-INFR-01772,Irrigation Dam,Tamil Nadu,1190.57,1805,347,2,35.32,24,0.0,1.0,1000,2
LA-INFR-01773,Metro Rail,Maharashtra,8.94,33,177,2,70.07,1,51.96,8.9,278,1
LA-INFR-01774,Irrigation Dam,Bihar,149.06,238,311,3,66.93,6,41.07,3.9,748,2
LA-INFR-01775,National Highway,Uttar Pradesh,31.92,61,157,0,95.08,0,86.7,9.7,34,0
LA-INFR-01776,Industrial Park,West Bengal,1289.21,1953,263,0,60.67,12,23.02,3.1,1000,2
LA-INFR-01777,Railway Corridor,Bihar,258.91,408,163,2,52.37,10,22.5,5.0,992,2
LA-INFR-01778,National Highway,Gujarat,127.1,205,275,1,89.53,2,77.69,7.7,304,2
LA-INFR-01779,Irrigation Dam,Maharashtra,299.93,468,373,2,56.07,13,15.67,1.0,1000,2
LA-INFR-01780,National Highway,Uttar Pradesh,31.07,60,226,0,78.6,6,58.26,6.3,497,2
LA-INFR-01781,Metro Rail,Bihar,11.59,25,277,1,79.05,2,66.38,6.1,297,1
LA-INFR-01782,Railway Corridor,Bihar,27.64,65,385,1,59.24,3,40.5,6.6,491,2
LA-INFR-01783,Industrial Park,Uttar Pradesh,922.14,1394,253,2,84.52,15,31.51,3.7,1000,2
LA-INFR-01784,Industrial Park,West Bengal,442.16,682,173,2,17.35,14,0.0,1.8,1000,2
LA-INFR-01785,Irrigation Dam,Odisha,131.89,220,424,3,73.41,7,50.32,6.3,820,2
LA-INFR-01786,Industrial Park,Gujarat,317.98,506,239,1,89.71,11,53.75,2.6,937,2
LA-INFR-01787,Industrial Park,Odisha,282.3,442,335,0,55.59,9,29.34,5.9,914,2
LA-INFR-01788,National Highway,Odisha,43.71,86,204,1,47.59,2,31.08,7.1,404,2
LA-INFR-01789,Railway Corridor,Tamil Nadu,331.16,512,294,0,54.17,14,12.06,2.8,1000,2
LA-INFR-01790,National Highway,Odisha,112.29,189,229,2,78.39,7,46.68,5.1,686,2
LA-INFR-01791,Industrial Park,Uttar Pradesh,88.9,153,362,1,84.07,6,59.51,5.6,600,2
LA-INFR-01792,Railway Corridor,Uttar Pradesh,368.14,574,215,1,65.63,16,15.21,1.0,1000,2
LA-INFR-01793,Industrial Park,Uttar Pradesh,592.37,902,380,1,61.93,9,21.55,3.9,1000,2
LA-INFR-01794,National Highway,Bihar,48.12,94,251,0,83.09,6,61.09,4.9,500,2
LA-INFR-01795,National Highway,Uttar Pradesh,133.36,224,272,1,92.24,5,60.28,4.7,502,2
LA-INFR-01796,Industrial Park,Gujarat,59.64,107,315,3,46.51,4,28.86,6.5,660,2
LA-INFR-01797,National Highway,Uttar Pradesh,48.87,98,190,1,51.18,2,44.95,8.6,376,2
LA-INFR-01798,National Highway,Maharashtra,18.53,54,278,1,76.71,1,72.68,6.7,242,1
LA-INFR-01799,National Highway,Bihar,40.16,90,215,1,57.34,4,43.65,8.1,490,2
LA-INFR-01800,Metro Rail,Maharashtra,18.35,55,237,1,55.92,6,29.5,5.5,630,2
LA-INFR-01801,Industrial Park,Maharashtra,218.52,340,234,1,69.28,8,35.35,4.3,785,2
LA-INFR-01802,Railway Corridor,Uttar Pradesh,196.09,319,258,0,67.84,10,30.34,3.7,878,2
LA-INFR-01803,National Highway,Bihar,309.19,482,256,1,91.8,6,64.89,7.8,620,2
LA-INFR-01804,National Highway,Bihar,325.7,508,201,2,71.01,11,35.29,4.0,1000,2
LA-INFR-01805,Irrigation Dam,West Bengal,1343.67,2037,356,1,72.4,12,28.84,3.6,1000,2
LA-INFR-01806,Industrial Park,West Bengal,50.82,89,113,0,84.98,2,68.17,7.8,191,1
LA-INFR-01807,National Highway,Bihar,13.19,45,279,0,81.93,1,68.95,6.3,192,1
LA-INFR-01808,National Highway,Uttar Pradesh,11.84,35,314,2,80.66,1,75.27,8.7,279,1
LA-INFR-01809,National Highway,Uttar Pradesh,16.68,50,239,1,62.68,3,47.69,6.0,411,2
LA-INFR-01810,Industrial Park,West Bengal,53.39,94,149,3,39.79,3,34.43,5.8,540,2
LA-INFR-01811,Irrigation Dam,Maharashtra,171.33,273,387,3,76.93,14,31.99,1.9,1000,2
LA-INFR-01812,National Highway,Maharashtra,22.93,52,191,1,65.5,3,47.33,6.6,386,2
LA-INFR-01813,National Highway,West Bengal,20.58,53,239,1,69.68,2,54.47,7.2,326,2
LA-INFR-01814,National Highway,Bihar,26.51,60,264,0,93.11,2,77.26,6.9,212,1
LA-INFR-01815,Metro Rail,Maharashtra,9.05,31,257,1,52.99,4,35.01,5.8,513,2
LA-INFR-01816,National Highway,Uttar Pradesh,60.6,118,284,0,65.04,1,61.32,6.9,265,1
LA-INFR-01817,Irrigation Dam,Gujarat,112.82,192,357,2,82.48,2,65.53,7.2,405,2
LA-INFR-01818,Industrial Park,Odisha,2033.17,3072,238,2,49.23,5,29.87,4.2,1000,2
LA-INFR-01819,Railway Corridor,West Bengal,190.07,301,266,1,85.27,5,63.42,6.0,534,2
LA-INFR-01820,National Highway,Bihar,163.16,260,226,0,92.86,3,78.1,8.1,310,2
LA-INFR-01821,National Highway,Bihar,74.15,131,195,3,66.67,4,50.37,6.7,542,2
LA-INFR-01822,Industrial Park,Gujarat,180.9,292,252,0,58.93,17,4.02,1.9,1000,2
LA-INFR-01823,Irrigation Dam,Gujarat,100.36,175,293,2,45.48,4,26.54,7.8,634,2
LA-INFR-01824,Industrial Park,Uttar Pradesh,155.29,251,225,2,62.91,4,42.72,7.0,565,2
LA-INFR-01825,Railway Corridor,Odisha,28.25,63,161,1,75.18,2,62.9,6.6,274,1
LA-INFR-01826,National Highway,Maharashtra,34.9,70,202,2,66.47,1,55.88,7.1,303,2
LA-INFR-01827,Metro Rail,Uttar Pradesh,12.62,42,204,1,54.65,2,38.53,7.3,366,2
LA-INFR-01828,Irrigation Dam,Tamil Nadu,2133.28,3216,300,3,65.1,18,2.39,1.0,1000,2
LA-INFR-01829,National Highway,Bihar,12.58,37,285,2,82.91,1,72.48,10.0,266,1
LA-INFR-01830,Metro Rail,Gujarat,8.68,44,280,1,65.51,2,58.9,7.2,345,2
LA-INFR-01831,Industrial Park,Maharashtra,160.62,260,295,1,84.35,3,62.2,8.3,418,2
LA-INFR-01832,Railway Corridor,Bihar,105.19,176,220,1,45.33,4,23.29,6.2,570,2
LA-INFR-01833,Industrial Park,Gujarat,2442.73,3687,208,1,70.25,19,10.03,1.0,1000,2
LA-INFR-01834,Irrigation Dam,Gujarat,684.0,1042,390,3,66.75,13,19.03,2.8,1000,2
LA-INFR-01835,Industrial Park,Maharashtra,1156.55,1755,236,0,93.25,11,46.69,4.9,1000,2
LA-INFR-01836,National Highway,Uttar Pradesh,63.3,116,236,1,83.46,4,63.02,8.9,417,2
LA-INFR-01837,National Highway,Tamil Nadu,100.41,167,102,1,90.23,6,58.71,4.1,486,2
LA-INFR-01838,Metro Rail,Maharashtra,31.63,75,267,0,45.89,2,46.32,7.0,372,2
LA-INFR-01839,National Highway,Gujarat,21.37,60,261,0,74.98,1,60.61,8.0,216,1
LA-INFR-01840,Railway Corridor,Gujarat,256.73,399,229,1,93.0,10,54.65,2.3,836,2
LA-INFR-01841,Railway Corridor,Maharashtra,210.01,331,270,2,55.9,7,31.9,4.6,815,2
LA-INFR-01842,Railway Corridor,Maharashtra,194.09,319,260,0,78.9,9,48.75,4.8,769,2
LA-INFR-01843,Industrial Park,Maharashtra,155.13,250,195,1,82.74,4,57.07,5.9,446,2
LA-INFR-01844,Metro Rail,Gujarat,19.46,46,219,1,66.34,1,58.97,7.6,260,1
LA-INFR-01845,National Highway,Maharashtra,13.91,39,179,2,30.88,5,4.58,6.5,676,2
LA-INFR-01846,National Highway,Bihar,149.98,247,303,1,77.02,5,55.87,5.5,563,2
LA-INFR-01847,National Highway,Bihar,110.94,183,278,3,87.89,3,69.81,5.8,453,2
LA-INFR-01848,Irrigation Dam,Tamil Nadu,221.2,350,309,2,66.78,6,45.86,4.6,731,2
LA-INFR-01849,Industrial Park,Maharashtra,276.17,433,260,0,57.51,10,23.06,1.8,944,2
LA-INFR-01850,National Highway,Uttar Pradesh,30.38,66,243,1,83.71,1,71.79,8.1,216,1
LA-INFR-01851,Irrigation Dam,Gujarat,221.79,360,315,2,65.25,8,34.55,4.6,873,2
LA-INFR-01852,Irrigation Dam,Gujarat,295.92,464,356,3,84.37,9,41.65,5.6,961,2
LA-INFR-01853,Irrigation Dam,West Bengal,517.43,796,392,3,63.43,13,14.01,3.4,1000,2
LA-INFR-01854,Metro Rail,Maharashtra,57.17,105,276,2,46.68,3,40.61,6.9,529,2
LA-INFR-01855,National Highway,Uttar Pradesh,17.67,49,346,1,56.59,7,30.95,5.6,729,2
LA-INFR-01856,Irrigation Dam,Tamil Nadu,690.34,1065,354,1,77.36,15,28.04,1.0,1000,2
LA-INFR-01857,Railway Corridor,Uttar Pradesh,23.5,69,218,1,69.58,2,53.53,7.6,323,2
LA-INFR-01858,Irrigation Dam,Gujarat,237.97,381,378,2,71.83,10,39.0,3.8,1000,2
LA-INFR-01859,Industrial Park,Tamil Nadu,85.68,144,220,3,45.8,4,27.82,5.7,635,2
LA-INFR-01860,Irrigation Dam,Maharashtra,659.8,1004,320,2,76.53,18,7.69,1.0,1000,2
LA-INFR-01861,Industrial Park,Gujarat,332.07,517,183,1,61.69,16,7.11,2.3,1000,2
LA-INFR-01862,National Highway,Gujarat,109.36,182,90,2,83.18,3,72.34,6.2,346,2
LA-INFR-01863,Railway Corridor,Maharashtra,76.46,124,266,1,59.54,4,31.25,6.2,530,2
LA-INFR-01864,Metro Rail,Bihar,11.63,41,148,1,54.16,0,52.43,8.6,208,1
LA-INFR-01865,Metro Rail,Uttar Pradesh,20.59,47,186,2,59.99,3,45.78,6.5,438,2
LA-INFR-01866,National Highway,Uttar Pradesh,15.09,42,244,0,86.02,1,87.38,7.8,145,1
LA-INFR-01867,National Highway,Maharashtra,11.26,34,213,1,65.84,1,67.73,7.5,245,1
LA-INFR-01868,National Highway,Tamil Nadu,69.45,127,337,1,69.88,3,45.07,7.9,456,2
LA-INFR-01869,Industrial Park,Gujarat,110.39,182,154,2,86.7,6,66.94,5.8,549,2
LA-INFR-01870,Irrigation Dam,Bihar,277.5,430,461,4,35.98,10,0.43,2.4,1000,2
LA-INFR-01871,National Highway,Maharashtra,40.45,84,299,2,10.51,6,0.0,6.4,852,2
LA-INFR-01872,Railway Corridor,Tamil Nadu,21.61,56,275,1,54.48,3,37.15,6.2,460,2
LA-INFR-01873,Irrigation Dam,Uttar Pradesh,780.19,1197,421,4,31.17,12,0.0,2.7,1000,2
LA-INFR-01874,Industrial Park,Odisha,239.7,385,250,3,65.9,11,32.9,3.4,1000,2
LA-INFR-01875,Railway Corridor,Bihar,117.1,188,144,0,70.25,5,36.45,8.2,485,2
LA-INFR-01876,Railway Corridor,Maharashtra,29.58,59,255,1,83.02,2,65.39,7.7,288,1
LA-INFR-01877,Railway Corridor,Maharashtra,76.67,145,155,0,69.32,4,53.77,8.3,398,2
LA-INFR-01878,National Highway,West Bengal,70.46,126,203,2,63.03,5,31.53,6.1,596,2
LA-INFR-01879,Railway Corridor,Uttar Pradesh,49.33,95,226,2,35.97,10,1.22,4.7,1000,2
LA-INFR-01880,Industrial Park,West Bengal,278.06,437,184,2,83.86,6,51.43,7.4,655,2
LA-INFR-01881,Irrigation Dam,Uttar Pradesh,187.12,297,397,3,35.23,9,5.88,5.2,1000,2
LA-INFR-01882,Industrial Park,Uttar Pradesh,817.15,1252,219,1,44.8,16,0.0,2.0,1000,2
LA-INFR-01883,Irrigation Dam,Bihar,87.14,144,370,2,48.73,5,33.52,4.6,701,2
LA-INFR-01884,National Highway,Gujarat,86.0,150,229,1,69.57,5,36.02,5.0,551,2
LA-INFR-01885,Railway Corridor,Gujarat,75.74,134,236,2,81.91,3,66.87,7.1,401,2
LA-INFR-01886,National Highway,Uttar Pradesh,26.77,52,185,2,62.79,2,46.76,8.2,371,2
LA-INFR-01887,National Highway,Uttar Pradesh,31.22,66,171,0,72.7,4,60.68,6.3,368,2
LA-INFR-01888,Industrial Park,Maharashtra,646.49,986,222,0,82.81,17,21.31,1.9,1000,2
LA-INFR-01889,Metro Rail,Bihar,18.11,51,181,2,76.95,2,59.17,6.4,319,2
LA-INFR-01890,National Highway,Bihar,77.38,142,299,1,75.46,5,50.16,5.4,544,2
LA-INFR-01891,Railway Corridor,Gujarat,93.99,158,161,1,83.65,4,66.11,6.9,394,2
LA-INFR-01892,Irrigation Dam,Gujarat,302.47,474,466,3,54.5,13,13.53,2.9,1000,2
LA-INFR-01893,National Highway,Uttar Pradesh,51.49,99,245,1,89.66,0,80.57,7.6,140,1
LA-INFR-01894,Railway Corridor,Bihar,141.78,226,233,1,82.22,9,42.11,3.9,774,2
LA-INFR-01895,Industrial Park,Odisha,448.4,697,202,1,77.05,14,21.42,1.0,1000,2
LA-INFR-01896,Industrial Park,Odisha,72.64,127,262,1,82.19,3,68.36,6.8,367,2
LA-INFR-01897,National Highway,Maharashtra,145.64,229,219,0,45.86,8,19.89,3.3,787,2
LA-INFR-01898,Railway Corridor,Uttar Pradesh,293.93,465,245,2,43.85,11,8.52,3.3,1000,2
LA-INFR-01899,Irrigation Dam,Bihar,183.31,299,392,2,64.02,9,38.53,4.2,946,2
LA-INFR-01900,Railway Corridor,Uttar Pradesh,53.62,94,263,1,50.69,3,32.66,8.2,481,2
LA-INFR-01901,National Highway,Maharashtra,231.03,361,291,1,45.38,10,20.73,2.9,1000,2
LA-INFR-01902,Irrigation Dam,Maharashtra,193.21,303,376,4,59.94,3,46.63,7.3,662,2
LA-INFR-01903,National Highway,Tamil Nadu,42.42,84,182,0,93.89,4,69.98,6.6,313,2
LA-INFR-01904,Industrial Park,Uttar Pradesh,406.74,625,126,0,74.1,18,12.42,1.0,1000,2
LA-INFR-01905,National Highway,Maharashtra,94.72,161,240,0,79.87,9,38.92,4.5,729,2
LA-INFR-01906,Metro Rail,Uttar Pradesh,61.95,107,241,2,64.11,2,46.59,5.9,405,2
LA-INFR-01907,Railway Corridor,Odisha,26.42,59,326,3,51.67,3,36.94,6.9,569,2
LA-INFR-01908,National Highway,Odisha,43.71,87,224,0,83.82,8,55.32,4.6,613,2
LA-INFR-01909,National Highway,Bihar,10.67,39,248,0,45.18,1,34.14,8.5,312,2
LA-INFR-01910,National Highway,Bihar,166.67,263,268,2,55.26,5,45.48,5.3,661,2
LA-INFR-01911,Irrigation Dam,Gujarat,880.49,1341,375,2,41.92,17,0.0,1.0,1000,2
LA-INFR-01912,Metro Rail,Uttar Pradesh,15.32,41,272,1,72.22,1,58.99,7.0,265,1
LA-INFR-01913,Railway Corridor,Uttar Pradesh,42.27,84,189,4,71.18,1,54.64,8.2,371,2
LA-INFR-01914,Railway Corridor,Uttar Pradesh,24.16,62,181,1,87.21,1,72.89,7.7,179,1
LA-INFR-01915,Industrial Park,Maharashtra,223.46,358,215,2,70.47,15,25.63,1.4,1000,2
LA-INFR-01916,Irrigation Dam,Uttar Pradesh,400.29,617,241,2,81.55,16,34.02,2.8,1000,2
LA-INFR-01917,Railway Corridor,Gujarat,60.27,110,228,0,85.77,4,68.27,6.1,360,2
LA-INFR-01918,Railway Corridor,Tamil Nadu,336.19,521,197,1,55.8,11,17.5,4.4,1000,2
LA-INFR-01919,Railway Corridor,Bihar,192.93,312,246,0,68.55,0,54.51,8.0,241,1
LA-INFR-01920,Industrial Park,Gujarat,99.1,175,216,1,58.06,3,30.39,7.5,467,2
LA-INFR-01921,National Highway,Maharashtra,25.76,54,179,0,92.88,3,75.53,7.6,240,1
LA-INFR-01922,Industrial Park,Uttar Pradesh,235.25,379,295,1,92.18,5,65.97,7.3,545,2
LA-INFR-01923,Railway Corridor,Tamil Nadu,149.83,241,234,1,73.21,7,42.15,4.4,681,2
LA-INFR-01924,Irrigation Dam,Tamil Nadu,363.78,562,393,3,64.44,8,35.99,5.4,999,2
LA-INFR-01925,National Highway,Maharashtra,132.83,225,239,0,84.33,3,60.21,5.6,348,2
LA-INFR-01926,Railway Corridor,Bihar,38.27,79,253,2,53.61,2,49.56,7.8,425,2
LA-INFR-01927,Railway Corridor,Tamil Nadu,51.11,96,161,1,82.25,0,83.34,6.3,121,1
LA-INFR-01928,Industrial Park,Tamil Nadu,247.97,401,293,2,75.32,8,47.24,6.7,835,2
LA-INFR-01929,National Highway,Tamil Nadu,26.36,56,273,2,88.08,2,71.77,7.5,314,2
LA-INFR-01930,Railway Corridor,Uttar Pradesh,117.22,195,229,0,37.38,6,12.62,5.8,691,2
LA-INFR-01931,Railway Corridor,Maharashtra,57.82,108,244,1,65.98,6,39.84,4.0,610,2
LA-INFR-01932,Railway Corridor,Bihar,37.89,73,280,2,51.16,3,38.64,7.8,514,2
LA-INFR-01933,Industrial Park,Maharashtra,399.28,620,211,1,82.06,17,27.9,2.4,1000,2
LA-INFR-01934,Industrial Park,Gujarat,487.03,753,150,2,39.43,15,0.0,1.8,1000,2
LA-INFR-01935,Irrigation Dam,Bihar,568.43,878,332,2,37.36,8,15.93,4.4,1000,2
LA-INFR-01936,National Highway,Uttar Pradesh,104.28,172,237,1,34.13,4,21.47,6.0,606,2
LA-INFR-01937,Irrigation Dam,West Bengal,752.76,1147,348,2,66.06,18,10.62,2.5,1000,2
LA-INFR-01938,Railway Corridor,Bihar,228.41,366,295,0,36.13,9,5.37,4.3,955,2
LA-INFR-01939,National Highway,Uttar Pradesh,49.74,93,182,1,86.83,3,63.4,7.0,321,2
LA-INFR-01940,National Highway,Odisha,15.71,47,188,0,29.36,5,17.86,7.0,589,2
LA-INFR-01941,National Highway,Odisha,18.28,55,177,1,58.18,5,48.28,3.6,518,2
LA-INFR-01942,Irrigation Dam,Tamil Nadu,137.78,230,371,3,46.14,8,19.01,4.7,968,2
LA-INFR-01943,Industrial Park,Maharashtra,177.81,281,153,1,57.04,6,30.61,5.3,653,2
LA-INFR-01944,Irrigation Dam,Tamil Nadu,183.86,291,387,1,89.01,6,64.48,5.8,629,2
LA-INFR-01945,Railway Corridor,West Bengal,32.81,63,183,0,53.71,5,31.58,6.8,514,2
LA-INFR-01946,Railway Corridor,Maharashtra,224.26,349,191,2,59.29,5,38.52,7.0,652,2
LA-INFR-01947,National Highway,Uttar Pradesh,29.08,66,318,0,79.72,2,66.18,7.0,282,1
LA-INFR-01948,National Highway,Odisha,57.8,103,291,0,71.4,2,54.48,7.1,316,2
LA-INFR-01949,Railway Corridor,Maharashtra,62.93,105,235,3,72.18,4,49.37,6.4,539,2
LA-INFR-01950,National Highway,West Bengal,310.99,492,164,0,61.03,9,27.57,5.2,847,2
LA-INFR-01951,National Highway,Bihar,18.46,50,330,0,62.09,6,36.89,6.7,602,2
LA-INFR-01952,Railway Corridor,Bihar,123.18,205,220,0,76.82,2,65.98,5.8,288,1
LA-INFR-01953,Industrial Park,Maharashtra,765.01,1169,242,1,84.88,19,20.74,1.0,1000,2
LA-INFR-01954,Metro Rail,Odisha,12.57,33,275,1,71.08,0,67.01,7.8,197,1
LA-INFR-01955,Metro Rail,Uttar Pradesh,16.73,45,131,0,76.39,0,68.04,10.0,88,0
LA-INFR-01956,Industrial Park,Bihar,784.5,1198,197,1,64.03,19,0.0,1.0,1000,2
LA-INFR-01957,Railway Corridor,Tamil Nadu,42.58,85,226,1,59.41,5,33.25,4.8,561,2
LA-INFR-01958,Industrial Park,West Bengal,410.43,639,236,1,75.9,11,40.26,3.0,1000,2
LA-INFR-01959,Irrigation Dam,Gujarat,188.58,304,284,1,55.33,4,35.37,7.0,590,2
LA-INFR-01960,National Highway,Bihar,216.17,338,246,1,52.23,8,19.85,5.4,851,2
LA-INFR-01961,Railway Corridor,Uttar Pradesh,165.32,274,231,1,53.73,15,9.75,1.5,1000,2
LA-INFR-01962,Irrigation Dam,Gujarat,136.16,222,433,3,59.73,3,42.79,7.8,628,2
LA-INFR-01963,Railway Corridor,Tamil Nadu,128.42,214,280,0,82.19,12,27.07,2.8,947,2
LA-INFR-01964,Railway Corridor,Uttar Pradesh,195.61,313,216,2,76.47,11,36.92,4.5,971,2
LA-INFR-01965,Railway Corridor,Maharashtra,135.65,220,220,1,83.37,5,57.29,4.6,506,2
LA-INFR-01966,National Highway,Odisha,136.11,226,280,0,81.73,8,45.95,3.8,689,2
LA-INFR-01967,Railway Corridor,Uttar Pradesh,47.04,89,244,1,81.47,2,66.63,6.8,294,1
LA-INFR-01968,National Highway,Tamil Nadu,27.88,69,161,1,33.5,7,0.0,5.1,755,2
LA-INFR-01969,National Highway,Bihar,93.61,165,334,2,79.91,5,47.62,5.2,597,2
LA-INFR-01970,National Highway,Maharashtra,15.99,47,180,2,77.56,3,58.5,5.9,376,2
LA-INFR-01971,Irrigation Dam,Tamil Nadu,173.53,287,473,3,68.07,13,25.07,3.3,1000,2
LA-INFR-01972,National Highway,Maharashtra,39.38,85,251,0,86.55,3,67.58,7.6,301,2
LA-INFR-01973,Railway Corridor,Bihar,297.0,460,198,1,78.18,12,32.83,2.4,1000,2
LA-INFR-01974,National Highway,Bihar,20.33,44,111,2,68.28,1,58.44,6.3,252,1
LA-INFR-01975,Metro Rail,Bihar,8.32,34,268,1,89.72,1,82.2,7.7,189,1
LA-INFR-01976,National Highway,West Bengal,45.6,84,152,0,91.08,5,67.17,6.5,371,2
LA-INFR-01977,Railway Corridor,Odisha,253.91,399,247,0,77.39,8,45.39,3.8,734,2
LA-INFR-01978,Irrigation Dam,West Bengal,250.16,400,446,3,62.65,6,35.6,7.3,862,2
LA-INFR-01979,Irrigation Dam,Maharashtra,923.43,1405,293,3,49.1,13,3.24,1.9,1000,2
LA-INFR-01980,National Highway,Maharashtra,19.18,41,266,2,75.15,4,56.53,6.1,478,2
LA-INFR-01981,Irrigation Dam,Bihar,215.98,337,309,3,71.13,15,25.59,1.8,1000,2
LA-INFR-01982,Railway Corridor,Gujarat,328.21,516,286,2,86.06,21,15.64,1.0,1000,2
LA-INFR-01983,Railway Corridor,Odisha,210.2,340,233,1,34.67,12,0.0,5.0,1000,2
LA-INFR-01984,National Highway,Odisha,39.83,74,229,1,78.43,0,69.08,7.1,169,1
LA-INFR-01985,National Highway,Uttar Pradesh,63.39,121,290,1,39.91,7,20.46,6.9,780,2
LA-INFR-01986,Industrial Park,Bihar,789.88,1202,261,1,77.91,18,16.51,1.0,1000,2
LA-INFR-01987,Railway Corridor,Bihar,53.03,97,189,0,81.93,3,57.82,6.5,304,2
LA-INFR-01988,Railway Corridor,Maharashtra,240.7,379,319,3,81.97,10,45.94,3.4,985,2
LA-INFR-01989,Industrial Park,Maharashtra,413.7,653,153,1,71.93,19,4.52,1.1,1000,2
LA-INFR-01990,Irrigation Dam,Gujarat,512.84,790,363,4,52.95,18,0.0,2.8,1000,2
LA-INFR-01991,National Highway,Uttar Pradesh,20.15,52,188,1,70.99,2,58.32,6.6,298,1
LA-INFR-01992,Industrial Park,Uttar Pradesh,210.46,327,155,0,68.8,11,24.71,3.3,904,2
LA-INFR-01993,National Highway,Maharashtra,12.31,33,173,1,68.1,1,62.35,9.1,229,1
LA-INFR-01994,Irrigation Dam,Gujarat,270.22,426,347,4,58.42,11,20.03,2.5,1000,2
LA-INFR-01995,Industrial Park,Tamil Nadu,233.82,378,247,1,38.35,9,14.24,3.6,962,2
LA-INFR-01996,Metro Rail,Tamil Nadu,41.56,86,282,2,68.66,2,57.53,8.6,391,2
LA-INFR-01997,National Highway,Gujarat,32.03,67,303,2,47.8,4,28.53,6.8,602,2
LA-INFR-01998,National Highway,Uttar Pradesh,177.41,283,243,1,89.72,8,54.2,3.9,700,2
LA-INFR-01999,National Highway,Tamil Nadu,32.87,63,207,1,84.0,2,67.79,7.8,265,1
LA-INFR-02000,National Highway,Maharashtra,73.73,126,281,0,98.7,2,85.3,5.7,213,1
LA-INFR-02001,National Highway,Maharashtra,15.01,38,199,0,79.29,1,61.15,8.7,175,1
LA-INFR-02002,Metro Rail,Odisha,10.08,35,150,1,86.81,3,70.49,4.8,284,1
LA-INFR-02003,National Highway,West Bengal,99.15,175,276,2,52.08,6,24.28,4.6,733,2
LA-INFR-02004,National Highway,Uttar Pradesh,55.13,97,296,0,76.34,0,79.91,8.4,154,1
LA-INFR-02005,Irrigation Dam,Uttar Pradesh,136.76,224,308,3,49.38,8,23.2,3.5,928,2
LA-INFR-02006,Railway Corridor,Bihar,77.7,140,328,3,57.36,3,45.88,6.8,566,2
LA-INFR-02007,Irrigation Dam,Maharashtra,634.26,966,379,2,64.45,10,28.37,4.6,1000,2
LA-INFR-02008,National Highway,Uttar Pradesh,45.76,85,251,0,70.22,3,46.22,6.1,368,2
LA-INFR-02009,Railway Corridor,Uttar Pradesh,145.58,243,204,1,61.06,7,34.05,5.1,709,2
LA-INFR-02010,National Highway,Uttar Pradesh,202.88,323,280,3,36.41,7,13.72,6.0,927,2
LA-INFR-02011,National Highway,Odisha,33.95,63,153,0,84.14,2,66.87,7.6,204,1
LA-INFR-02012,Metro Rail,Uttar Pradesh,6.01,30,213,1,68.31,4,49.09,7.9,440,2
LA-INFR-02013,National Highway,Maharashtra,122.88,203,193,1,64.01,2,54.77,6.4,362,2
LA-INFR-02014,Railway Corridor,Bihar,54.46,101,164,1,79.08,1,68.73,6.6,209,1
LA-INFR-02015,Railway Corridor,Odisha,366.87,572,273,0,73.73,16,19.72,2.9,1000,2
LA-INFR-02016,National Highway,Uttar Pradesh,14.53,38,247,2,84.06,4,66.28,6.8,436,2
LA-INFR-02017,Irrigation Dam,Maharashtra,1377.77,2091,390,3,61.84,12,25.84,2.9,1000,2
LA-INFR-02018,National Highway,Uttar Pradesh,21.51,54,216,1,70.2,2,53.02,6.6,318,2
LA-INFR-02019,Industrial Park,West Bengal,145.15,250,279,1,87.02,3,79.02,7.6,381,2
LA-INFR-02020,Metro Rail,Tamil Nadu,7.32,29,233,1,72.88,0,75.27,7.6,165,1
LA-INFR-02021,Railway Corridor,Odisha,55.34,107,206,2,83.84,3,63.69,7.6,381,2
LA-INFR-02022,Metro Rail,Gujarat,5.52,27,198,3,5.34,5,0.0,7.3,789,2
LA-INFR-02023,National Highway,West Bengal,229.54,361,130,2,75.66,7,56.2,5.3,688,2
LA-INFR-02024,Railway Corridor,Tamil Nadu,175.74,285,288,0,71.19,10,41.27,2.6,860,2
LA-INFR-02025,National Highway,Bihar,13.74,46,282,1,89.49,2,65.95,7.8,278,1
LA-INFR-02026,Industrial Park,Maharashtra,270.35,434,376,2,63.49,12,20.38,4.3,1000,2
LA-INFR-02027,Metro Rail,Gujarat,10.83,43,213,1,79.59,1,66.11,8.8,214,1
LA-INFR-02028,National Highway,Uttar Pradesh,45.64,86,196,2,49.84,6,31.14,5.8,676,2
LA-INFR-02029,Industrial Park,Maharashtra,1085.61,1652,144,3,33.29,15,0.0,1.0,1000,2
LA-INFR-02030,National Highway,Tamil Nadu,51.88,104,277,1,83.48,6,51.22,5.1,564,2
LA-INFR-02031,Railway Corridor,Uttar Pradesh,78.85,136,266,2,72.51,2,55.72,6.7,391,2
LA-INFR-02032,Railway Corridor,Tamil Nadu,61.38,111,307,0,44.37,3,23.06,7.7,490,2
LA-INFR-02033,Metro Rail,Tamil Nadu,15.75,40,184,2,61.94,3,46.3,7.2,430,2
LA-INFR-02034,Industrial Park,Bihar,907.26,1376,265,2,56.0,16,0.96,2.5,1000,2
LA-INFR-02035,National Highway,Odisha,57.06,103,203,1,65.08,5,45.9,5.3,527,2
LA-INFR-02036,National Highway,Uttar Pradesh,26.33,64,297,2,57.24,2,54.54,7.4,423,2
LA-INFR-02037,National Highway,Bihar,124.27,207,256,2,78.31,3,62.82,4.5,443,2
LA-INFR-02038,National Highway,Bihar,58.88,110,152,1,78.98,2,63.59,6.8,272,1
LA-INFR-02039,National Highway,Tamil Nadu,23.9,59,223,3,82.12,0,77.93,6.5,222,1
LA-INFR-02040,Irrigation Dam,West Bengal,216.24,342,252,3,19.9,13,0.0,4.5,1000,2
LA-INFR-02041,Railway Corridor,Uttar Pradesh,94.06,159,171,4,84.38,3,66.04,7.3,457,2
LA-INFR-02042,Railway Corridor,Tamil Nadu,44.24,82,174,0,43.75,5,25.25,6.4,548,2
LA-INFR-02043,National Highway,Maharashtra,46.23,84,197,1,89.42,2,68.52,6.0,252,1
LA-INFR-02044,Irrigation Dam,Gujarat,596.53,917,336,3,77.45,23,0.0,1.0,1000,2
LA-INFR-02045,Industrial Park,Uttar Pradesh,96.55,163,238,1,56.85,7,26.17,5.9,721,2
LA-INFR-02046,National Highway,West Bengal,40.25,91,235,1,66.38,3,54.78,5.9,402,2
LA-INFR-02047,Industrial Park,Maharashtra,103.32,168,228,0,88.31,4,62.33,5.9,377,2
LA-INFR-02048,Railway Corridor,Uttar Pradesh,94.69,158,246,3,82.3,5,54.38,7.1,586,2
LA-INFR-02049,National Highway,Bihar,20.46,57,167,1,49.92,5,26.38,4.9,561,2
LA-INFR-02050,Railway Corridor,Odisha,105.04,173,233,1,54.57,4,33.2,6.0,540,2
LA-INFR-02051,Railway Corridor,Bihar,29.58,75,301,2,77.25,2,71.89,6.4,356,2
LA-INFR-02052,National Highway,Gujarat,73.05,124,221,2,64.79,9,36.74,4.7,832,2
LA-INFR-02053,Metro Rail,Bihar,10.96,32,254,2,41.99,0,40.24,8.8,333,2
LA-INFR-02054,Irrigation Dam,Bihar,632.19,964,370,3,53.46,15,1.08,3.6,1000,2
LA-INFR-02055,Industrial Park,Maharashtra,120.76,209,273,2,25.12,6,4.29,6.0,833,2
LA-INFR-02056,Railway Corridor,Odisha,83.37,151,244,1,51.55,5,39.29,7.2,598,2
LA-INFR-02057,Railway Corridor,Uttar Pradesh,290.22,452,272,4,57.72,13,11.4,3.2,1000,2
LA-INFR-02058,Industrial Park,Odisha,217.14,344,255,2,64.72,10,22.88,2.6,981,2
LA-INFR-02059,Railway Corridor,Gujarat,28.06,62,262,2,74.52,5,56.15,6.0,544,2
LA-INFR-02060,National Highway,Gujarat,192.57,310,252,2,44.56,5,23.92,6.1,719,2
LA-INFR-02061,Railway Corridor,Bihar,131.98,213,179,1,54.29,3,38.99,7.9,462,2
LA-INFR-02062,Irrigation Dam,Tamil Nadu,264.35,409,291,2,86.84,10,47.03,3.9,929,2
LA-INFR-02063,Railway Corridor,West Bengal,23.35,50,212,1,59.59,5,37.86,5.6,540,2
LA-INFR-02064,National Highway,Maharashtra,170.04,271,307,0,70.81,13,27.21,1.9,1000,2
LA-INFR-02065,Irrigation Dam,Tamil Nadu,254.55,398,341,3,71.4,12,26.74,2.9,1000,2
LA-INFR-02066,National Highway,Maharashtra,34.15,72,245,1,82.24,1,72.56,7.5,221,1
LA-INFR-02067,National Highway,Bihar,236.97,374,131,2,86.19,7,61.79,5.8,659,2
LA-INFR-02068,National Highway,Maharashtra,129.46,208,239,1,34.97,6,20.86,4.8,735,2
LA-INFR-02069,National Highway,Maharashtra,33.41,69,234,1,81.94,2,63.24,9.5,287,1
LA-INFR-02070,Irrigation Dam,Uttar Pradesh,730.99,1120,216,1,66.22,20,4.7,1.0,1000,2
LA-INFR-02071,Railway Corridor,Bihar,100.83,180,244,1,64.29,7,42.53,3.9,689,2
LA-INFR-02072,National Highway,Tamil Nadu,19.69,49,147,0,66.91,0,66.53,8.5,121,1
LA-INFR-02073,Irrigation Dam,Maharashtra,523.43,810,313,4,48.98,18,0.0,1.0,1000,2
LA-INFR-02074,Irrigation Dam,Bihar,180.02,301,399,3,84.9,3,66.21,6.8,544,2
LA-INFR-02075,Irrigation Dam,Maharashtra,275.06,433,357,4,83.45,11,34.38,2.9,1000,2
LA-INFR-02076,National Highway,Tamil Nadu,22.6,53,207,0,70.26,3,54.73,7.5,332,2
LA-INFR-02077,Railway Corridor,Tamil Nadu,66.84,120,203,1,65.31,7,46.69,5.4,650,2
LA-INFR-02078,Metro Rail,Tamil Nadu,6.49,28,209,0,64.82,1,56.91,8.7,217,1
LA-INFR-02079,Irrigation Dam,West Bengal,445.37,687,358,4,48.28,17,0.0,1.6,1000,2
LA-INFR-02080,National Highway,Uttar Pradesh,62.18,115,169,3,48.91,8,22.92,4.8,845,2
LA-INFR-02081,National Highway,West Bengal,68.94,121,286,4,37.62,2,21.93,7.4,603,2
LA-INFR-02082,Railway Corridor,Bihar,30.87,67,172,1,69.06,5,45.79,5.0,495,2
LA-INFR-02083,Metro Rail,Bihar,14.56,34,143,0,48.01,4,35.29,5.7,441,2
LA-INFR-02084,Railway Corridor,Tamil Nadu,104.07,182,279,2,86.5,4,68.64,6.6,477,2
LA-INFR-02085,Railway Corridor,Maharashtra,171.57,275,208,1,54.46,6,28.51,6.2,682,2
LA-INFR-02086,National Highway,Tamil Nadu,69.24,127,233,0,41.9,9,19.63,4.1,835,2
LA-INFR-02087,Industrial Park,Tamil Nadu,774.11,1182,262,1,80.48,12,29.14,3.0,1000,2
LA-INFR-02088,Irrigation Dam,Uttar Pradesh,199.2,315,314,4,80.17,9,46.72,4.0,950,2
LA-INFR-02089,Railway Corridor,Maharashtra,343.09,538,236,3,68.4,17,14.8,1.6,1000,2
LA-INFR-02090,Irrigation Dam,Maharashtra,774.58,1176,382,1,76.16,9,47.72,4.4,1000,2
LA-INFR-02091,Metro Rail,Gujarat,54.59,99,312,1,39.53,1,33.19,8.2,409,2
LA-INFR-02092,National Highway,Tamil Nadu,18.84,49,204,1,48.57,8,23.54,4.2,761,2
LA-INFR-02093,Railway Corridor,Maharashtra,55.75,107,206,1,76.87,4,57.21,6.3,426,2
LA-INFR-02094,National Highway,Uttar Pradesh,67.5,121,258,2,44.76,8,24.63,6.3,850,2
LA-INFR-02095,Irrigation Dam,Tamil Nadu,370.73,573,360,3,67.54,10,32.4,6.0,1000,2
LA-INFR-02096,Railway Corridor,Odisha,157.47,248,223,0,87.51,5,69.56,5.8,450,2
LA-INFR-02097,Industrial Park,Maharashtra,333.12,512,309,0,72.4,12,23.38,4.5,1000,2
LA-INFR-02098,Irrigation Dam,Uttar Pradesh,798.4,1219,265,3,65.86,10,28.71,5.3,1000,2
LA-INFR-02099,Railway Corridor,Odisha,23.65,61,158,3,61.81,3,49.33,7.6,462,2
LA-INFR-02100,Metro Rail,Maharashtra,22.21,60,146,3,80.01,1,71.67,5.8,264,1
LA-INFR-02101,Railway Corridor,Uttar Pradesh,209.45,328,290,1,74.37,3,55.09,5.4,468,2
LA-INFR-02102,National Highway,Gujarat,243.1,385,255,0,53.04,17,0.0,1.0,1000,2
LA-INFR-02103,Industrial Park,Tamil Nadu,433.85,671,161,1,76.36,13,20.93,2.3,1000,2
LA-INFR-02104,Irrigation Dam,Uttar Pradesh,497.01,771,343,2,62.51,16,3.52,1.0,1000,2
LA-INFR-02105,National Highway,Maharashtra,122.86,208,228,1,54.35,3,53.85,7.4,462,2
LA-INFR-02106,Irrigation Dam,Maharashtra,362.61,563,239,3,62.47,9,14.04,5.0,1000,2
LA-INFR-02107,Metro Rail,Uttar Pradesh,96.87,161,239,0,61.82,5,39.8,7.8,533,2
LA-INFR-02108,National Highway,Odisha,43.37,82,171,1,82.61,1,69.88,7.0,196,1
LA-INFR-02109,Metro Rail,Bihar,11.91,33,265,2,45.96,2,35.58,6.5,454,2
LA-INFR-02110,National Highway,West Bengal,17.06,41,172,1,64.93,1,55.03,7.8,248,1
LA-INFR-02111,National Highway,Gujarat,86.97,151,240,1,91.63,3,68.57,5.5,341,2
LA-INFR-02112,National Highway,Bihar,28.68,62,294,2,81.4,1,75.36,9.5,276,1
LA-INFR-02113,Irrigation Dam,Maharashtra,522.73,804,398,2,63.85,17,0.0,1.0,1000,2
LA-INFR-02114,Industrial Park,Bihar,835.95,1270,255,0,82.53,16,35.63,1.5,1000,2
LA-INFR-02115,National Highway,Gujarat,14.78,43,225,1,87.64,2,75.14,7.3,248,1
LA-INFR-02116,Railway Corridor,Odisha,28.72,69,154,2,82.63,2,63.81,7.1,293,1
LA-INFR-02117,Industrial Park,Maharashtra,164.56,263,208,1,69.85,9,32.41,4.1,816,2
LA-INFR-02118,National Highway,Tamil Nadu,103.34,176,218,2,68.22,7,46.11,7.6,704,2
LA-INFR-02119,Irrigation Dam,Tamil Nadu,790.78,1204,335,3,49.41,16,0.0,1.7,1000,2
LA-INFR-02120,Irrigation Dam,Gujarat,288.75,452,273,4,56.94,13,12.5,3.3,1000,2
LA-INFR-02121,Railway Corridor,Maharashtra,94.95,161,251,0,38.1,6,16.14,5.1,685,2
LA-INFR-02122,Metro Rail,Bihar,15.73,43,170,1,90.48,2,75.14,7.8,219,1
LA-INFR-02123,Railway Corridor,Odisha,181.15,299,307,1,70.28,6,47.97,5.6,665,2
LA-INFR-02124,Metro Rail,Bihar,17.65,43,237,2,69.67,1,62.93,7.8,293,1
LA-INFR-02125,Industrial Park,Bihar,75.51,129,278,1,44.41,2,36.04,7.7,448,2
LA-INFR-02126,Industrial Park,Maharashtra,129.41,217,277,1,67.94,6,48.75,6.5,636,2
LA-INFR-02127,National Highway,Uttar Pradesh,281.0,437,333,2,86.64,9,52.27,5.1,887,2
LA-INFR-02128,Irrigation Dam,Uttar Pradesh,1177.84,1788,359,2,41.89,12,0.0,3.2,1000,2
LA-INFR-02129,Railway Corridor,Gujarat,185.14,306,210,2,72.51,1,56.6,7.6,352,2
LA-INFR-02130,National Highway,Uttar Pradesh,67.02,127,211,2,19.97,8,0.0,3.7,924,2
LA-INFR-02131,National Highway,Bihar,29.09,60,304,1,78.67,3,63.75,6.6,381,2
LA-INFR-02132,Railway Corridor,Tamil Nadu,115.76,193,163,0,74.57,13,19.27,2.9,983,2
LA-INFR-02133,Railway Corridor,Maharashtra,47.9,92,186,3,50.28,6,29.46,6.5,714,2
LA-INFR-02134,Industrial Park,Bihar,179.17,288,241,1,54.82,9,17.98,2.0,891,2
LA-INFR-02135,Irrigation Dam,West Bengal,1123.21,1701,342,2,51.2,20,0.0,1.0,1000,2
LA-INFR-02136,National Highway,Odisha,96.35,161,278,2,82.04,6,56.59,4.8,618,2
LA-INFR-02137,Industrial Park,Tamil Nadu,106.95,174,163,1,58.63,4,30.27,7.2,505,2
LA-INFR-02138,National Highway,Tamil Nadu,16.49,43,226,1,70.92,4,59.06,7.7,430,2
LA-INFR-02139,Irrigation Dam,Maharashtra,269.09,427,340,0,96.44,8,67.36,4.8,704,2
LA-INFR-02140,Irrigation Dam,Gujarat,404.49,624,296,2,88.93,13,35.09,4.2,1000,2
LA-INFR-02141,Railway Corridor,Maharashtra,338.34,525,273,2,59.66,14,10.75,3.3,1000,2
LA-INFR-02142,Industrial Park,West Bengal,102.01,173,225,1,67.52,4,49.53,6.5,484,2
LA-INFR-02143,National Highway,Uttar Pradesh,21.56,53,223,2,69.73,2,53.02,5.6,361,2
LA-INFR-02144,Railway Corridor,Gujarat,209.23,327,188,2,76.07,9,38.97,4.8,842,2
LA-INFR-02145,Irrigation Dam,West Bengal,482.8,740,331,2,62.69,18,1.8,1.0,1000,2
LA-INFR-02146,Railway Corridor,West Bengal,152.03,245,178,0,78.68,8,46.76,1.9,660,2
LA-INFR-02147,Railway Corridor,Uttar Pradesh,46.68,86,273,1,58.05,4,39.58,5.3,516,2
LA-INFR-02148,Railway Corridor,Bihar,66.4,125,281,1,75.79,3,59.5,8.1,401,2
LA-INFR-02149,Irrigation Dam,Tamil Nadu,405.05,631,434,2,23.7,17,0.0,1.3,1000,2
LA-INFR-02150,National Highway,West Bengal,43.68,89,251,1,93.61,3,73.57,8.0,318,2
LA-INFR-02151,National Highway,Maharashtra,50.1,96,213,0,56.69,4,41.18,8.0,456,2
LA-INFR-02152,Industrial Park,Gujarat,1020.14,1551,206,1,61.73,9,34.41,4.7,1000,2
LA-INFR-02153,Irrigation Dam,Odisha,426.69,667,374,3,45.04,6,24.8,5.0,961,2
LA-INFR-02154,National Highway,Uttar Pradesh,64.4,117,240,2,57.17,4,48.16,5.3,543,2
LA-INFR-02155,National Highway,Odisha,30.93,70,221,1,57.95,5,30.14,5.9,562,2
LA-INFR-02156,National Highway,Bihar,10.83,39,216,1,79.62,1,65.74,6.7,215,1
LA-INFR-02157,National Highway,Bihar,14.85,35,288,2,52.53,3,40.09,5.7,502,2
LA-INFR-02158,Railway Corridor,Uttar Pradesh,139.4,223,208,2,81.41,8,50.49,4.2,735,2
LA-INFR-02159,Industrial Park,Tamil Nadu,409.27,633,297,3,76.03,17,15.5,1.0,1000,2
LA-INFR-02160,Industrial Park,West Bengal,201.13,315,239,1,88.64,10,52.84,3.8,831,2
LA-INFR-02161,Industrial Park,Bihar,90.44,156,211,2,41.52,13,0.0,2.7,1000,2
LA-INFR-02162,Railway Corridor,Tamil Nadu,108.94,182,190,0,75.35,5,58.69,6.4,462,2
LA-INFR-02163,Irrigation Dam,Tamil Nadu,204.26,325,342,2,80.55,16,19.2,1.4,1000,2
LA-INFR-02164,Railway Corridor,West Bengal,248.55,390,255,2,57.15,15,6.71,2.8,1000,2
LA-INFR-02165,Metro Rail,Maharashtra,18.86,50,211,2,80.43,1,67.16,8.3,252,1
LA-INFR-02166,Industrial Park,Odisha,127.43,220,272,0,61.72,8,35.83,5.8,746,2
LA-INFR-02167,National Highway,Bihar,93.95,158,208,3,52.98,6,32.42,5.5,730,2
LA-INFR-02168,Industrial Park,Uttar Pradesh,100.5,164,223,3,36.98,9,3.88,3.2,992,2
LA-INFR-02169,National Highway,Uttar Pradesh,36.99,77,165,1,64.09,2,56.69,7.0,314,2
LA-INFR-02170,Industrial Park,Bihar,160.29,264,257,1,86.47,4,65.71,5.4,454,2
LA-INFR-02171,National Highway,Odisha,136.93,223,216,2,88.87,3,64.77,7.6,402,2
LA-INFR-02172,National Highway,Uttar Pradesh,12.4,41,308,1,77.07,0,68.09,6.5,196,1
LA-INFR-02173,Irrigation Dam,West Bengal,1016.29,1543,385,2,44.32,22,0.0,1.0,1000,2
LA-INFR-02174,National Highway,Maharashtra,75.51,140,234,1,91.78,7,60.65,5.4,584,2
LA-INFR-02175,Irrigation Dam,Bihar,537.0,824,411,2,38.08,16,0.0,2.3,1000,2
LA-INFR-02176,National Highway,Gujarat,12.32,43,250,1,71.19,2,59.51,7.5,318,2
LA-INFR-02177,Industrial Park,West Bengal,64.6,119,280,1,75.74,4,55.95,6.4,463,2
LA-INFR-02178,Industrial Park,Uttar Pradesh,652.02,998,186,1,82.62,13,43.02,1.7,1000,2
LA-INFR-02179,Railway Corridor,Bihar,198.67,309,253,2,67.34,6,46.27,7.3,697,2
LA-INFR-02180,National Highway,Uttar Pradesh,29.54,67,255,2,58.04,2,49.5,7.1,411,2
LA-INFR-02181,National Highway,Bihar,142.61,227,152,2,80.67,6,53.25,5.2,592,2
LA-INFR-02182,National Highway,West Bengal,57.91,110,305,1,92.39,3,77.63,6.9,343,2
LA-INFR-02183,National Highway,West Bengal,42.01,92,171,2,80.85,0,71.23,9.1,181,1
LA-INFR-02184,Industrial Park,Uttar Pradesh,678.28,1035,165,1,59.02,12,19.25,2.9,1000,2
LA-INFR-02185,Metro Rail,Gujarat,14.94,40,90,2,82.89,3,75.92,8.0,305,2
LA-INFR-02186,Irrigation Dam,Tamil Nadu,210.03,342,373,2,55.71,10,27.95,4.2,1000,2
LA-INFR-02187,Irrigation Dam,Uttar Pradesh,1066.17,1623,267,3,31.4,9,0.67,5.1,1000,2
LA-INFR-02188,Irrigation Dam,Bihar,320.1,498,324,3,44.38,11,8.06,3.9,1000,2
LA-INFR-02189,Industrial Park,Tamil Nadu,403.85,624,271,2,55.99,9,17.9,5.1,1000,2
LA-INFR-02190,National Highway,Tamil Nadu,63.98,123,239,2,62.83,5,40.33,6.9,599,2
LA-INFR-02191,Metro Rail,Bihar,6.99,35,198,0,74.12,4,43.59,6.8,387,2
LA-INFR-02192,Industrial Park,Bihar,128.55,210,150,1,78.24,3,65.98,8.4,358,2
LA-INFR-02193,Railway Corridor,Maharashtra,81.11,143,224,1,66.73,7,35.31,5.1,675,2
LA-INFR-02194,National Highway,Odisha,32.37,70,272,1,80.32,0,71.8,9.2,177,1
LA-INFR-02195,Railway Corridor,Bihar,71.92,123,265,3,73.23,9,36.64,3.8,868,2
LA-INFR-02196,Railway Corridor,Maharashtra,30.89,65,319,1,79.32,2,70.54,7.6,318,2
LA-INFR-02197,Irrigation Dam,West Bengal,135.38,217,317,1,80.85,9,52.61,3.6,796,2
LA-INFR-02198,Railway Corridor,Gujarat,30.31,66,164,2,71.78,2,65.66,6.4,321,2
LA-INFR-02199,Railway Corridor,Gujarat,176.31,273,245,0,93.89,8,54.12,6.1,648,2
LA-INFR-02200,Metro Rail,Uttar Pradesh,55.65,100,240,2,85.37,3,71.1,8.9,380,2
LA-INFR-02201,National Highway,Maharashtra,104.36,176,229,1,37.26,4,17.18,6.2,601,2
LA-INFR-02202,Railway Corridor,Bihar,74.22,129,192,2,67.02,3,52.06,5.8,438,2
LA-INFR-02203,National Highway,Maharashtra,96.3,164,97,0,50.13,8,25.94,4.8,702,2
LA-INFR-02204,Industrial Park,Gujarat,371.76,572,179,1,49.38,14,1.14,1.6,1000,2
LA-INFR-02205,Metro Rail,Maharashtra,42.44,83,257,2,69.95,1,61.06,8.9,313,2
LA-INFR-02206,National Highway,Uttar Pradesh,147.1,240,244,1,74.96,11,31.37,4.2,933,2
LA-INFR-02207,Irrigation Dam,Bihar,127.07,204,398,1,83.67,4,68.76,7.0,499,2
LA-INFR-02208,National Highway,Uttar Pradesh,36.02,82,247,1,52.71,5,31.36,5.9,587,2
LA-INFR-02209,Metro Rail,West Bengal,6.89,33,266,0,68.33,1,55.83,6.9,233,1
LA-INFR-02210,Irrigation Dam,Bihar,109.36,181,388,2,56.34,8,28.41,5.9,885,2
LA-INFR-02211,Irrigation Dam,Maharashtra,89.15,152,351,2,90.45,2,80.01,7.1,355,2
LA-INFR-02212,National Highway,Uttar Pradesh,296.76,464,231,1,94.23,9,50.83,3.4,796,2
LA-INFR-02213,Metro Rail,Bihar,17.16,46,90,0,78.84,0,73.25,9.6,59,0
LA-INFR-02214,Industrial Park,Maharashtra,685.72,1041,197,0,78.29,13,28.97,5.3,1000,2
LA-INFR-02215,National Highway,Tamil Nadu,45.1,91,199,0,98.62,1,89.09,7.8,106,1
LA-INFR-02216,Irrigation Dam,Tamil Nadu,507.52,776,344,2,77.91,18,13.53,1.2,1000,2
LA-INFR-02217,National Highway,West Bengal,78.83,139,183,2,62.68,3,43.09,8.6,458,2
LA-INFR-02218,Irrigation Dam,Gujarat,370.12,577,396,3,70.23,10,29.66,3.7,1000,2
LA-INFR-02219,National Highway,Gujarat,33.88,64,185,2,59.1,1,51.02,8.7,319,2
LA-INFR-02220,Industrial Park,Gujarat,137.47,229,285,2,78.63,3,64.45,6.2,457,2
LA-INFR-02221,Railway Corridor,Uttar Pradesh,97.07,170,181,1,62.19,7,31.84,5.7,680,2
LA-INFR-02222,National Highway,Maharashtra,23.08,44,199,2,46.42,5,27.06,5.0,620,2
LA-INFR-02223,National Highway,Uttar Pradesh,49.84,91,196,0,79.45,5,53.28,5.7,437,2
LA-INFR-02224,National Highway,Odisha,102.16,178,205,0,85.63,2,69.2,5.5,248,1
LA-INFR-02225,Railway Corridor,Gujarat,34.67,68,288,1,68.64,4,47.31,6.9,481,2
LA-INFR-02226,National Highway,Odisha,34.52,66,213,2,60.9,3,42.28,7.2,456,2
LA-INFR-02227,Railway Corridor,Maharashtra,180.01,290,214,2,52.3,13,1.97,1.8,1000,2
LA-INFR-02228,National Highway,Gujarat,57.95,106,192,3,83.51,5,59.79,8.2,541,2
LA-INFR-02229,National Highway,Bihar,28.99,61,217,1,85.23,0,82.37,8.1,127,1
LA-INFR-02230,Industrial Park,Maharashtra,211.82,337,240,1,44.89,13,1.83,2.7,1000,2
LA-INFR-02231,National Highway,Bihar,236.83,370,219,2,73.82,9,37.95,3.4,873,2
LA-INFR-02232,Metro Rail,Maharashtra,27.3,55,222,0,86.84,0,82.18,8.8,84,0
LA-INFR-02233,Irrigation Dam,Bihar,137.54,225,400,2,79.42,8,45.02,3.9,824,2
LA-INFR-02234,Industrial Park,Uttar Pradesh,98.08,166,243,1,53.07,8,24.73,5.6,795,2
LA-INFR-02235,Railway Corridor,Bihar,128.9,213,172,0,82.3,11,33.29,2.7,836,2
LA-INFR-02236,Irrigation Dam,Tamil Nadu,1203.92,1825,345,3,58.43,8,28.57,5.2,1000,2
LA-INFR-02237,National Highway,Odisha,147.1,239,203,3,33.87,10,0.0,3.8,1000,2
LA-INFR-02238,National Highway,Tamil Nadu,34.36,69,256,1,66.03,3,41.12,7.6,423,2
LA-INFR-02239,National Highway,Bihar,299.99,475,235,0,64.8,15,11.08,1.0,1000,2
LA-INFR-02240,Irrigation Dam,Odisha,80.05,135,406,3,48.09,4,19.54,6.9,711,2
LA-INFR-02241,National Highway,Gujarat,13.27,32,192,1,75.96,3,56.41,5.8,344,2
LA-INFR-02242,Railway Corridor,Maharashtra,57.47,111,220,0,93.14,2,80.3,6.6,204,1
LA-INFR-02243,Metro Rail,Bihar,68.89,119,176,0,69.56,5,43.07,6.6,473,2
LA-INFR-02244,Irrigation Dam,Uttar Pradesh,136.09,217,347,2,69.13,6,40.66,5.6,712,2
LA-INFR-02245,Railway Corridor,Maharashtra,113.16,186,153,2,85.51,4,57.36,6.8,445,2
LA-INFR-02246,National Highway,Tamil Nadu,12.02,38,246,3,34.93,3,23.88,7.6,589,2
LA-INFR-02247,Irrigation Dam,Odisha,139.62,226,347,4,58.86,5,35.76,6.2,765,2
LA-INFR-02248,Railway Corridor,Maharashtra,191.41,317,237,2,55.15,9,22.43,4.3,930,2
LA-INFR-02249,National Highway,Odisha,220.55,350,269,1,67.0,9,39.04,3.4,863,2
LA-INFR-02250,National Highway,Odisha,76.13,132,241,1,66.76,5,40.09,8.2,553,2
LA-INFR-02251,Metro Rail,Gujarat,23.97,57,166,0,62.04,4,50.15,6.9,402,2
LA-INFR-02252,Industrial Park,Uttar Pradesh,335.98,524,202,3,75.05,19,9.27,1.0,1000,2
LA-INFR-02253,Irrigation Dam,Gujarat,187.95,297,345,0,74.81,6,54.59,5.3,621,2
LA-INFR-02254,Irrigation Dam,Uttar Pradesh,149.78,242,333,1,48.54,6,25.12,5.8,743,2
LA-INFR-02255,Railway Corridor,Tamil Nadu,172.5,276,219,0,95.81,7,57.06,5.2,570,2
LA-INFR-02256,Railway Corridor,Maharashtra,22.33,48,311,2,46.86,4,23.97,6.9,608,2
LA-INFR-02257,Railway Corridor,Maharashtra,368.68,574,235,1,37.37,15,0.0,1.4,1000,2
LA-INFR-02258,National Highway,West Bengal,55.75,104,249,0,72.09,4,44.56,8.1,430,2
LA-INFR-02259,Railway Corridor,Bihar,159.09,257,129,1,59.43,7,35.14,5.9,686,2
LA-INFR-02260,Irrigation Dam,Uttar Pradesh,288.15,448,387,2,87.63,15,37.97,1.0,1000,2
LA-INFR-02261,Industrial Park,Maharashtra,315.57,491,372,2,74.52,8,35.66,5.1,907,2
LA-INFR-02262,Irrigation Dam,Tamil Nadu,631.7,961,417,1,77.89,14,26.67,3.2,1000,2
LA-INFR-02263,Railway Corridor,Maharashtra,68.9,118,207,1,76.12,3,59.05,5.5,370,2
LA-INFR-02264,Industrial Park,Odisha,412.0,634,344,1,55.45,8,29.35,5.9,949,2
LA-INFR-02265,Industrial Park,Maharashtra,289.65,461,231,2,80.57,7,53.56,5.8,745,2
LA-INFR-02266,Railway Corridor,Maharashtra,54.58,109,245,2,85.7,4,63.07,5.1,453,2
LA-INFR-02267,Industrial Park,Uttar Pradesh,553.29,848,216,0,53.01,13,1.64,2.6,1000,2
LA-INFR-02268,National Highway,Bihar,66.6,116,215,2,73.42,4,54.09,5.3,485,2
LA-INFR-02269,Railway Corridor,Uttar Pradesh,75.21,129,117,1,76.47,2,62.17,8.0,272,1
LA-INFR-02270,National Highway,Uttar Pradesh,164.65,259,269,1,40.62,10,2.46,3.0,1000,2
LA-INFR-02271,Railway Corridor,Gujarat,214.04,337,215,0,56.49,12,25.43,2.3,1000,2
LA-INFR-02272,Railway Corridor,Tamil Nadu,94.06,157,220,1,87.44,0,79.56,8.1,152,1
LA-INFR-02273,Industrial Park,Maharashtra,862.77,1314,243,0,83.88,17,21.24,3.3,1000,2
LA-INFR-02274,Metro Rail,Bihar,9.83,26,209,2,82.52,3,62.47,8.0,366,2
LA-INFR-02275,Industrial Park,Odisha,304.66,480,243,1,34.72,8,11.41,3.8,941,2
LA-INFR-02276,Industrial Park,Uttar Pradesh,155.98,268,290,3,56.11,3,47.45,5.6,585,2
LA-INFR-02277,Railway Corridor,Maharashtra,157.09,260,250,1,67.6,5,48.93,5.4,577,2
LA-INFR-02278,Industrial Park,West Bengal,392.6,608,222,2,29.52,15,0.0,1.0,1000,2
LA-INFR-02279,National Highway,Tamil Nadu,39.58,77,223,3,83.25,3,59.73,7.6,426,2
LA-INFR-02280,National Highway,Tamil Nadu,50.14,97,240,1,62.59,3,47.1,7.5,425,2
LA-INFR-02281,Railway Corridor,Maharashtra,64.69,118,188,0,19.75,10,0.0,4.9,953,2
LA-INFR-02282,Railway Corridor,Maharashtra,69.72,122,240,1,79.4,3,66.47,6.8,367,2
LA-INFR-02283,National Highway,Tamil Nadu,42.46,79,264,1,55.04,3,45.02,6.9,452,2
LA-INFR-02284,National Highway,Uttar Pradesh,30.7,59,234,1,83.64,2,64.33,6.1,280,1
LA-INFR-02285,National Highway,Bihar,96.92,161,208,4,48.02,6,22.22,5.9,796,2
LA-INFR-02286,Metro Rail,Bihar,5.21,21,215,2,63.72,6,34.53,6.9,628,2
LA-INFR-02287,National Highway,Uttar Pradesh,30.76,65,262,1,80.57,3,64.64,6.4,359,2
LA-INFR-02288,Railway Corridor,Gujarat,146.83,246,174,0,79.44,6,52.99,6.0,529,2
LA-INFR-02289,National Highway,Odisha,10.69,37,189,0,82.09,2,68.07,7.3,215,1
LA-INFR-02290,Industrial Park,West Bengal,86.54,158,149,1,91.06,5,65.32,5.5,431,2
LA-INFR-02291,National Highway,Maharashtra,41.69,80,231,1,46.02,2,44.58,7.7,402,2
LA-INFR-02292,National Highway,Maharashtra,277.35,437,273,1,49.69,12,13.52,5.0,1000,2
LA-INFR-02293,Railway Corridor,Bihar,234.71,374,296,0,80.71,9,44.92,5.8,798,2
LA-INFR-02294,National Highway,Maharashtra,27.78,60,307,3,68.64,2,48.13,6.4,446,2
LA-INFR-02295,National Highway,Gujarat,143.11,242,195,1,53.82,6,21.97,5.7,677,2
LA-INFR-02296,National Highway,Maharashtra,50.53,96,242,0,88.42,1,68.49,8.3,175,1
LA-INFR-02297,National Highway,Bihar,64.85,116,209,2,80.32,1,71.48,7.7,264,1
LA-INFR-02298,National Highway,Uttar Pradesh,16.03,48,312,0,54.86,4,36.56,5.1,492,2
LA-INFR-02299,National Highway,Tamil Nadu,38.97,77,295,2,76.34,4,62.87,5.6,489,2
LA-INFR-02300,Irrigation Dam,Maharashtra,125.9,207,358,2,66.55,6,45.48,6.2,714,2
LA-INFR-02301,Railway Corridor,Bihar,99.27,169,199,3,42.74,3,18.32,8.7,592,2
LA-INFR-02302,Railway Corridor,Uttar Pradesh,26.41,58,90,1,41.46,8,9.2,4.2,753,2
LA-INFR-02303,National Highway,Odisha,68.96,117,158,0,86.2,3,60.19,5.8,283,1
LA-INFR-02304,Metro Rail,Maharashtra,28.4,63,137,0,71.01,4,49.9,7.5,370,2
LA-INFR-02305,Railway Corridor,Gujarat,26.15,63,157,0,54.64,4,38.73,6.6,432,2
LA-INFR-02306,National Highway,Odisha,52.21,106,323,2,73.98,4,54.96,6.0,522,2
LA-INFR-02307,Industrial Park,Uttar Pradesh,60.78,112,165,2,83.68,3,66.22,6.6,363,2
LA-INFR-02308,National Highway,West Bengal,21.35,50,176,3,29.34,4,8.54,6.3,656,2
LA-INFR-02309,National Highway,Maharashtra,86.31,147,183,1,90.6,3,84.09,7.6,301,2
LA-INFR-02310,Railway Corridor,Gujarat,107.72,181,359,2,79.42,4,60.24,6.6,537,2
LA-INFR-02311,Irrigation Dam,Bihar,89.88,158,346,4,43.43,5,31.95,4.5,790,2
LA-INFR-02312,Railway Corridor,Uttar Pradesh,170.13,281,279,2,77.4,5,58.75,5.9,598,2
LA-INFR-02313,Industrial Park,Uttar Pradesh,266.5,414,238,0,86.88,14,39.24,4.2,1000,2
LA-INFR-02314,Metro Rail,Maharashtra,5.11,24,130,2,71.23,1,64.16,8.7,240,1
LA-INFR-02315,National Highway,Gujarat,24.57,51,306,1,58.83,5,35.17,7.3,583,2
LA-INFR-02316,National Highway,Maharashtra,42.65,76,250,0,72.04,2,55.89,6.4,290,1
LA-INFR-02317,Railway Corridor,Tamil Nadu,113.77,190,223,2,89.7,1,77.23,8.0,259,1
LA-INFR-02318,Railway Corridor,Bihar,248.06,392,318,2,64.14,7,35.91,6.1,824,2
LA-INFR-02319,Railway Corridor,Gujarat,71.32,130,212,2,82.72,1,59.19,7.7,278,1
LA-INFR-02320,Metro Rail,Uttar Pradesh,30.71,64,222,1,80.98,1,69.81,8.8,216,1
LA-INFR-02321,Industrial Park,Bihar,1225.0,1856,212,1,95.87,14,47.14,1.5,1000,2
LA-INFR-02322,Industrial Park,Bihar,115.18,189,283,0,74.97,6,42.96,5.8,581,2
LA-INFR-02323,National Highway,West Bengal,63.11,110,270,2,79.0,5,50.76,5.4,555,2
LA-INFR-02324,Irrigation Dam,Maharashtra,560.07,859,363,4,46.26,12,5.96,4.7,1000,2
LA-INFR-02325,Metro Rail,Maharashtra,24.47,57,177,2,61.06,5,42.01,5.9,559,2
LA-INFR-02326,Irrigation Dam,Uttar Pradesh,357.32,556,331,2,67.79,13,21.17,2.6,1000,2
LA-INFR-02327,National Highway,West Bengal,17.17,50,177,1,62.55,5,43.02,4.9,512,2
LA-INFR-02328,Industrial Park,Maharashtra,55.12,99,288,2,55.12,7,29.28,6.0,765,2
LA-INFR-02329,National Highway,Tamil Nadu,22.99,58,151,2,66.16,0,57.62,8.4,217,1
LA-INFR-02330,National Highway,Uttar Pradesh,66.96,124,309,1,80.26,2,66.06,7.2,333,2
LA-INFR-02331,National Highway,Odisha,264.57,409,294,1,55.1,13,10.44,3.4,1000,2
LA-INFR-02332,Industrial Park,Gujarat,209.96,334,184,0,90.44,9,54.5,5.5,707,2
LA-INFR-02333,Industrial Park,Bihar,491.62,753,209,1,66.21,13,19.85,3.0,1000,2
LA-INFR-02334,National Highway,Uttar Pradesh,35.17,75,194,0,64.35,1,56.62,8.0,225,1
LA-INFR-02335,Railway Corridor,Uttar Pradesh,476.47,738,251,2,59.35,13,19.15,3.3,1000,2
LA-INFR-02336,Railway Corridor,Maharashtra,20.73,48,300,0,69.18,3,55.44,5.0,370,2
LA-INFR-02337,Railway Corridor,Uttar Pradesh,50.58,95,289,2,55.34,2,32.26,7.7,460,2
LA-INFR-02338,National Highway,Tamil Nadu,104.57,172,208,2,63.47,8,26.19,3.2,795,2
LA-INFR-02339,Railway Corridor,Bihar,21.41,58,292,2,50.91,2,42.78,7.2,449,2
LA-INFR-02340,Irrigation Dam,Gujarat,408.62,639,408,4,81.43,12,33.21,3.8,1000,2
LA-INFR-02341,National Highway,Uttar Pradesh,33.46,77,220,2,88.0,1,82.07,5.8,226,1
LA-INFR-02342,National Highway,Tamil Nadu,35.04,67,229,2,82.74,3,58.07,6.9,389,2
LA-INFR-02343,Railway Corridor,Bihar,49.67,98,307,0,31.27,8,8.27,4.4,837,2
LA-INFR-02344,Metro Rail,Bihar,28.17,59,282,4,67.03,1,52.95,7.4,414,2
LA-INFR-02345,Industrial Park,Uttar Pradesh,56.96,103,291,1,49.77,9,23.41,5.2,868,2
LA-INFR-02346,Industrial Park,Bihar,95.68,163,359,0,52.09,6,25.19,7.5,683,2
LA-INFR-02347,Railway Corridor,Bihar,139.51,231,257,1,92.88,6,60.76,6.3,555,2
LA-INFR-02348,Railway Corridor,West Bengal,120.5,197,246,0,85.59,3,68.44,6.8,331,2
LA-INFR-02349,National Highway,Gujarat,22.94,56,297,2,59.16,2,39.91,5.9,434,2
LA-INFR-02350,Industrial Park,Uttar Pradesh,83.85,152,329,1,53.32,2,37.24,8.6,450,2
LA-INFR-02351,Metro Rail,Maharashtra,34.1,66,199,1,64.79,4,50.65,6.2,451,2
LA-INFR-02352,Industrial Park,Bihar,727.07,1110,219,1,89.38,22,21.7,1.0,1000,2
LA-INFR-02353,Irrigation Dam,Bihar,610.3,933,299,2,77.79,14,26.88,1.2,1000,2
LA-INFR-02354,Industrial Park,Maharashtra,453.67,699,247,1,32.04,16,0.0,1.0,1000,2
LA-INFR-02355,National Highway,West Bengal,24.26,50,274,2,57.42,3,35.06,5.7,494,2
LA-INFR-02356,Metro Rail,Gujarat,32.07,73,182,0,90.36,2,78.49,8.2,188,1
LA-INFR-02357,National Highway,Gujarat,99.14,174,286,2,51.47,2,38.11,7.4,482,2
LA-INFR-02358,Railway Corridor,Maharashtra,183.66,289,207,3,79.57,7,44.56,5.7,744,2
LA-INFR-02359,National Highway,Odisha,47.4,91,203,0,96.25,1,85.01,4.8,119,1
LA-INFR-02360,National Highway,West Bengal,99.45,168,286,0,85.96,8,46.77,5.6,664,2
LA-INFR-02361,Railway Corridor,Bihar,45.61,89,198,1,78.79,0,71.68,8.6,156,1
LA-INFR-02362,National Highway,Bihar,70.16,133,159,0,68.83,2,53.99,5.4,278,1
LA-INFR-02363,Railway Corridor,Odisha,41.22,77,267,0,35.73,2,27.12,6.0,422,2
LA-INFR-02364,Railway Corridor,Bihar,178.45,294,223,0,96.24,6,61.36,6.7,509,2
LA-INFR-02365,National Highway,Uttar Pradesh,19.94,53,289,1,41.86,2,32.66,6.6,442,2
LA-INFR-02366,National Highway,Bihar,116.52,198,271,1,63.75,7,27.49,6.2,725,2
LA-INFR-02367,Railway Corridor,Tamil Nadu,514.19,787,142,1,71.28,24,0.0,1.0,1000,2
LA-INFR-02368,National Highway,Maharashtra,29.84,67,295,1,61.17,5,39.6,5.5,571,2
LA-INFR-02369,Industrial Park,Gujarat,285.43,444,324,2,53.26,14,0.0,2.3,1000,2
LA-INFR-02370,Industrial Park,Tamil Nadu,62.29,119,281,3,72.42,3,56.11,4.8,492,2
LA-INFR-02371,Irrigation Dam,Tamil Nadu,435.65,672,403,2,80.11,17,24.59,1.6,1000,2
LA-INFR-02372,Industrial Park,Maharashtra,251.59,399,217,1,75.56,5,50.78,4.8,579,2
LA-INFR-02373,Railway Corridor,Tamil Nadu,134.48,213,206,1,58.3,2,39.97,5.4,402,2
LA-INFR-02374,Industrial Park,Maharashtra,633.24,967,240,1,64.86,18,2.23,1.0,1000,2
LA-INFR-02375,National Highway,Maharashtra,93.4,157,275,3,60.96,11,10.53,2.7,1000,2
LA-INFR-02376,National Highway,Bihar,13.96,46,274,2,48.08,3,35.86,7.4,514,2
LA-INFR-02377,Irrigation Dam,Bihar,276.26,434,328,3,58.56,8,32.46,4.0,958,2
LA-INFR-02378,Railway Corridor,Tamil Nadu,357.23,557,203,2,55.69,8,23.78,5.6,918,2
LA-INFR-02379,Irrigation Dam,Maharashtra,269.88,432,275,2,68.13,11,27.02,4.5,1000,2
LA-INFR-02380,Irrigation Dam,Bihar,792.66,1208,382,4,56.88,13,17.75,3.8,1000,2
LA-INFR-02381,Irrigation Dam,Maharashtra,507.43,781,330,2,49.52,16,4.26,3.4,1000,2
LA-INFR-02382,Metro Rail,Gujarat,28.46,69,214,1,85.15,0,80.29,8.5,131,1
LA-INFR-02383,Railway Corridor,Tamil Nadu,89.51,159,316,1,85.0,3,62.43,7.4,397,2
LA-INFR-02384,National Highway,Tamil Nadu,46.54,83,259,1,87.16,0,84.63,7.4,143,1
LA-INFR-02385,Railway Corridor,Uttar Pradesh,167.8,269,246,0,83.25,5,63.01,3.7,483,2
LA-INFR-02386,Railway Corridor,Maharashtra,117.41,195,271,2,86.8,4,67.3,6.7,479,2
LA-INFR-02387,Industrial Park,Gujarat,133.46,217,301,2,81.49,3,65.89,5.4,452,2
LA-INFR-02388,Industrial Park,Uttar Pradesh,887.94,1346,149,0,75.04,12,36.88,1.8,1000,2
LA-INFR-02389,Industrial Park,Bihar,53.29,107,201,0,55.69,1,37.82,6.4,280,1
LA-INFR-02390,Railway Corridor,Tamil Nadu,160.09,261,218,1,65.49,6,40.18,6.2,641,2
LA-INFR-02391,National Highway,Maharashtra,179.53,293,181,2,69.68,8,33.02,5.8,793,2
LA-INFR-02392,Railway Corridor,Odisha,230.88,368,216,0,92.69,8,61.47,5.0,655,2
LA-INFR-02393,National Highway,Bihar,133.0,217,152,2,37.79,9,2.93,3.3,937,2
LA-INFR-02394,Irrigation Dam,Uttar Pradesh,227.15,364,396,1,38.49,10,20.07,3.7,1000,2
LA-INFR-02395,National Highway,Maharashtra,36.79,75,204,1,75.12,3,62.37,8.2,355,2
LA-INFR-02396,National Highway,Maharashtra,65.0,120,240,0,90.63,4,63.74,6.1,361,2
LA-INFR-02397,National Highway,Odisha,20.19,49,232,1,74.07,4,59.45,5.9,426,2
LA-INFR-02398,Industrial Park,Tamil Nadu,1172.3,1781,257,0,82.76,12,36.44,4.6,1000,2
LA-INFR-02399,Industrial Park,Uttar Pradesh,343.76,536,106,1,82.69,8,50.88,7.1,734,2
LA-INFR-02400,National Highway,Maharashtra,91.69,153,252,2,62.85,3,46.86,6.5,485,2
LA-INFR-02401,National Highway,Tamil Nadu,55.05,107,216,0,77.27,0,60.41,6.4,145,1
LA-INFR-02402,Railway Corridor,Tamil Nadu,26.8,65,250,1,69.98,2,53.96,7.3,333,2
LA-INFR-02403,National Highway,Bihar,28.78,65,171,1,65.5,3,44.31,6.5,385,2
LA-INFR-02404,Industrial Park,Uttar Pradesh,157.5,261,250,2,62.64,8,20.31,6.3,844,2
LA-INFR-02405,Industrial Park,Uttar Pradesh,134.36,217,294,1,66.8,4,45.46,5.1,530,2
LA-INFR-02406,Railway Corridor,Tamil Nadu,54.52,107,239,2,68.18,3,51.05,5.9,448,2
LA-INFR-02407,National Highway,Gujarat,24.7,64,194,1,81.05,1,62.6,7.2,213,1
LA-INFR-02408,Metro Rail,Maharashtra,21.47,62,196,2,32.1,3,25.28,7.5,540,2
LA-INFR-02409,Railway Corridor,Tamil Nadu,83.79,142,258,2,69.98,3,55.85,5.7,456,2
LA-INFR-02410,Industrial Park,Bihar,519.9,797,258,0,64.88,15,13.9,3.1,1000,2
LA-INFR-02411,National Highway,Bihar,137.27,225,247,1,92.07,4,73.44,5.9,417,2
LA-INFR-02412,Railway Corridor,Uttar Pradesh,37.75,77,228,2,56.98,1,51.01,6.1,344,2
LA-INFR-02413,National Highway,Odisha,224.62,351,240,2,43.96,5,25.9,5.2,725,2
LA-INFR-02414,Railway Corridor,Bihar,27.97,58,226,0,73.55,3,64.92,5.4,321,2
LA-INFR-02415,Metro Rail,Bihar,7.77,33,210,1,52.71,4,24.96,5.1,507,2
LA-INFR-02416,Railway Corridor,Uttar Pradesh,95.59,155,267,0,92.56,2,79.96,9.1,238,1
LA-INFR-02417,National Highway,Maharashtra,61.08,112,245,2,60.38,3,43.47,6.9,481,2
LA-INFR-02418,National Highway,Maharashtra,101.11,170,294,2,77.19,8,52.47,5.9,763,2
LA-INFR-02419,Railway Corridor,West Bengal,118.96,199,285,1,81.34,2,69.05,6.8,337,2
LA-INFR-02420,National Highway,Maharashtra,238.72,375,243,0,76.26,7,47.07,5.8,666,2
LA-INFR-02421,National Highway,Tamil Nadu,44.19,92,259,0,83.65,4,70.49,5.6,370,2
LA-INFR-02422,Irrigation Dam,Uttar Pradesh,234.84,372,302,2,83.67,10,44.39,5.7,934,2
LA-INFR-02423,Railway Corridor,Bihar,392.1,605,226,3,49.51,13,7.65,2.5,1000,2
LA-INFR-02424,National Highway,Bihar,78.19,135,247,2,68.84,4,46.81,5.6,523,2
LA-INFR-02425,Metro Rail,Uttar Pradesh,46.26,99,150,2,78.31,1,68.14,6.3,244,1
LA-INFR-02426,National Highway,Maharashtra,46.83,83,251,1,54.51,4,47.39,5.3,506,2
LA-INFR-02427,Metro Rail,Uttar Pradesh,26.13,58,182,3,65.32,4,51.09,5.1,520,2
LA-INFR-02428,National Highway,Tamil Nadu,28.66,60,187,2,55.66,5,37.23,7.7,583,2
LA-INFR-02429,Irrigation Dam,Tamil Nadu,118.01,192,323,3,65.63,5,37.2,5.8,688,2
LA-INFR-02430,Industrial Park,Uttar Pradesh,277.62,435,228,2,47.26,14,12.32,2.1,1000,2
LA-INFR-02431,Irrigation Dam,Bihar,500.06,769,283,3,72.03,24,0.0,1.7,1000,2
LA-INFR-02432,Metro Rail,Maharashtra,24.48,57,272,2,38.21,9,7.74,5.9,935,2
LA-INFR-02433,National Highway,Uttar Pradesh,59.57,104,238,3,68.71,3,55.15,5.5,481,2
LA-INFR-02434,Metro Rail,Maharashtra,11.49,34,326,1,87.43,4,69.84,7.7,413,2
LA-INFR-02435,Railway Corridor,Odisha,85.7,141,245,2,58.15,5,33.8,5.6,626,2
LA-INFR-02436,Railway Corridor,Uttar Pradesh,72.12,128,258,1,87.47,6,64.08,5.5,538,2
LA-INFR-02437,National Highway,Uttar Pradesh,34.18,78,187,3,65.57,4,40.87,5.8,538,2
LA-INFR-02438,Railway Corridor,Uttar Pradesh,77.78,138,170,0,72.63,4,61.65,6.2,385,2
LA-INFR-02439,National Highway,Maharashtra,26.82,58,260,2,70.46,2,50.99,6.6,378,2
LA-INFR-02440,Railway Corridor,Tamil Nadu,96.52,160,175,0,95.59,4,71.44,6.1,324,2
LA-INFR-02441,Railway Corridor,Maharashtra,138.33,218,262,1,83.14,5,62.68,5.6,517,2
LA-INFR-02442,Irrigation Dam,Maharashtra,1639.2,2475,435,3,63.91,16,8.67,2.1,1000,2
LA-INFR-02443,Irrigation Dam,Tamil Nadu,554.79,852,397,3,75.27,17,24.32,1.7,1000,2
LA-INFR-02444,Railway Corridor,Uttar Pradesh,46.1,91,258,3,60.05,2,54.34,7.3,448,2
LA-INFR-02445,National Highway,West Bengal,10.37,36,243,0,78.03,3,63.7,8.3,311,2
LA-INFR-02446,National Highway,Tamil Nadu,52.54,97,210,0,87.14,1,71.83,8.7,162,1
LA-INFR-02447,National Highway,Uttar Pradesh,392.87,609,224,0,70.53,8,38.85,6.1,805,2
LA-INFR-02448,National Highway,Tamil Nadu,81.24,141,201,1,76.19,4,49.27,5.7,445,2
LA-INFR-02449,National Highway,Maharashtra,32.12,64,164,0,63.45,3,43.9,5.6,348,2
LA-INFR-02450,National Highway,Bihar,135.67,226,231,3,47.41,5,26.45,6.3,718,2
LA-INFR-02451,Metro Rail,Bihar,35.83,71,285,1,73.72,4,58.75,6.8,454,2
LA-INFR-02452,Railway Corridor,Uttar Pradesh,97.83,167,165,2,66.46,2,55.94,6.2,373,2
LA-INFR-02453,National Highway,Tamil Nadu,111.85,191,299,2,58.83,11,18.6,3.9,1000,2
LA-INFR-02454,Railway Corridor,Odisha,58.35,108,290,2,83.69,3,62.53,5.1,417,2
LA-INFR-02455,National Highway,Gujarat,19.73,45,249,2,57.15,3,46.26,6.5,470,2
LA-INFR-02456,Railway Corridor,Tamil Nadu,313.05,485,250,2,67.19,11,24.58,2.3,1000,2
LA-INFR-02457,Industrial Park,Bihar,884.13,1345,220,0,86.54,14,39.29,2.8,1000,2
LA-INFR-02458,Railway Corridor,Uttar Pradesh,26.71,61,232,2,81.89,2,70.29,8.0,316,2
LA-INFR-02459,Railway Corridor,Uttar Pradesh,69.13,118,206,1,90.85,6,69.1,3.5,500,2
LA-INFR-02460,Metro Rail,Bihar,33.73,70,231,1,61.23,5,35.83,2.9,551,2
LA-INFR-02461,Irrigation Dam,Uttar Pradesh,119.55,189,356,2,76.24,3,57.4,8.4,490,2
LA-INFR-02462,Industrial Park,Gujarat,553.16,851,324,1,87.81,12,43.02,2.0,1000,2
LA-INFR-02463,Railway Corridor,Uttar Pradesh,26.98,54,258,1,72.97,2,58.14,6.7,322,2
LA-INFR-02464,Industrial Park,Uttar Pradesh,1047.44,1589,219,2,57.49,21,0.0,1.0,1000,2
LA-INFR-02465,National Highway,Uttar Pradesh,26.85,59,225,0,83.42,3,62.66,8.0,298,1
LA-INFR-02466,Railway Corridor,Odisha,74.79,136,194,0,83.29,5,53.56,6.9,437,2
LA-INFR-02467,National Highway,Tamil Nadu,18.82,51,202,3,64.18,0,53.9,7.7,285,1
LA-INFR-02468,Railway Corridor,Tamil Nadu,443.49,686,275,1,38.72,25,0.0,1.0,1000,2
LA-INFR-02469,Railway Corridor,Uttar Pradesh,65.75,124,205,1,84.88,8,56.85,5.1,650,2
LA-INFR-02470,National Highway,Odisha,83.35,147,199,3,55.49,5,36.41,6.3,652,2
LA-INFR-02471,Metro Rail,Maharashtra,11.78,37,200,2,86.93,1,74.01,8.2,220,1
LA-INFR-02472,Metro Rail,Odisha,31.08,76,193,0,38.21,5,18.86,6.0,575,2
LA-INFR-02473,Industrial Park,Bihar,327.18,508,286,1,53.92,12,19.58,2.7,1000,2
LA-INFR-02474,Railway Corridor,Uttar Pradesh,61.94,116,237,2,56.39,9,28.03,5.3,867,2
LA-INFR-02475,Irrigation Dam,Bihar,579.39,885,335,3,81.82,12,24.57,3.4,1000,2
LA-INFR-02476,National Highway,Tamil Nadu,24.34,55,231,1,63.41,2,46.81,7.2,349,2
LA-INFR-02477,Irrigation Dam,Maharashtra,165.91,268,360,3,25.68,12,0.0,3.3,1000,2
LA-INFR-02478,National Highway,Odisha,29.05,64,192,2,48.91,1,48.68,7.0,349,2
LA-INFR-02479,Irrigation Dam,Bihar,745.66,1134,280,3,24.43,11,0.0,2.3,1000,2
LA-INFR-02480,National Highway,Uttar Pradesh,116.37,193,296,1,28.26,5,3.24,5.4,732,2
LA-INFR-02481,Irrigation Dam,Maharashtra,96.74,161,399,4,73.4,6,51.54,5.8,774,2
LA-INFR-02482,Metro Rail,Bihar,6.37,24,248,1,51.37,2,54.59,7.1,368,2
LA-INFR-02483,National Highway,Bihar,14.02,46,275,0,74.87,0,71.5,6.9,145,1
LA-INFR-02484,Railway Corridor,Bihar,222.37,357,325,0,57.91,9,20.77,3.0,891,2
LA-INFR-02485,Metro Rail,Tamil Nadu,34.48,67,203,2,77.15,2,70.94,6.0,318,2
LA-INFR-02486,Railway Corridor,Bihar,80.53,136,173,2,67.42,3,53.35,6.6,429,2
LA-INFR-02487,Irrigation Dam,Gujarat,723.49,1103,383,2,59.68,14,8.35,4.0,1000,2
LA-INFR-02488,Railway Corridor,Tamil Nadu,210.05,337,156,1,74.78,5,52.54,4.8,538,2
LA-INFR-02489,Railway Corridor,Odisha,288.25,454,231,0,50.75,10,14.47,4.7,965,2
LA-INFR-02490,National Highway,Maharashtra,107.9,179,215,1,35.82,8,4.74,3.4,855,2
LA-INFR-02491,National Highway,Uttar Pradesh,23.92,53,263,1,57.79,2,39.92,8.0,383,2
LA-INFR-02492,Irrigation Dam,Uttar Pradesh,187.42,295,325,2,40.79,11,0.7,2.9,1000,2
LA-INFR-02493,Railway Corridor,Tamil Nadu,25.59,53,289,1,77.96,3,60.91,6.7,378,2
LA-INFR-02494,Railway Corridor,Odisha,50.89,93,192,3,60.41,6,40.35,6.3,679,2
LA-INFR-02495,Railway Corridor,Maharashtra,92.36,166,265,2,61.69,5,34.14,6.1,631,2
LA-INFR-02496,Railway Corridor,Maharashtra,85.38,153,196,4,38.0,4,15.31,6.6,702,2
LA-INFR-02497,Irrigation Dam,Odisha,251.02,406,377,3,16.65,19,0.0,1.0,1000,2
LA-INFR-02498,Metro Rail,Uttar Pradesh,26.92,68,179,1,60.02,2,46.37,9.1,340,2
LA-INFR-02499,Railway Corridor,Tamil Nadu,292.38,457,228,1,47.86,8,17.11,3.5,889,2
LA-INFR-02500,Irrigation Dam,Bihar,1510.04,2288,416,2,62.54,20,0.0,1.0,1000,2
LA-INFR-02501,Irrigation Dam,Odisha,141.4,229,355,1,51.96,8,18.41,4.8,867,2
LA-INFR-02502,Railway Corridor,Maharashtra,273.5,436,289,0,78.01,12,28.6,2.3,1000,2
LA-INFR-02503,Metro Rail,Maharashtra,6.32,31,228,1,91.81,1,70.67,8.4,181,1
LA-INFR-02504,National Highway,Tamil Nadu,38.27,66,204,1,75.75,3,60.86,6.4,354,2
LA-INFR-02505,National Highway,Gujarat,252.67,400,238,3,62.0,9,31.28,5.2,965,2
LA-INFR-02506,Irrigation Dam,Bihar,364.68,576,380,3,77.77,14,36.31,2.5,1000,2
LA-INFR-02507,Railway Corridor,Uttar Pradesh,138.49,224,134,2,76.19,4,59.52,6.0,468,2
LA-INFR-02508,Irrigation Dam,Tamil Nadu,388.6,607,376,3,70.47,14,21.25,4.1,1000,2
LA-INFR-02509,Irrigation Dam,Gujarat,764.73,1169,303,1,76.4,19,14.13,1.0,1000,2
LA-INFR-02510,National Highway,Odisha,33.26,62,170,1,90.09,2,73.21,7.8,228,1
LA-INFR-02511,Irrigation Dam,Gujarat,253.94,398,376,3,40.13,14,0.0,3.8,1000,2
LA-INFR-02512,Railway Corridor,Maharashtra,27.82,63,296,2,37.99,4,25.43,4.9,626,2
LA-INFR-02513,Railway Corridor,Maharashtra,98.79,168,240,2,83.66,5,61.86,6.0,534,2
LA-INFR-02514,Industrial Park,Tamil Nadu,246.0,390,162,1,55.29,14,1.38,2.9,1000,2
LA-INFR-02515,Metro Rail,Odisha,24.79,58,196,2,63.2,2,50.69,6.3,371,2
LA-INFR-02516,National Highway,Uttar Pradesh,47.88,92,209,0,63.33,2,46.84,7.8,310,2
LA-INFR-02517,Railway Corridor,Uttar Pradesh,97.89,170,239,3,75.52,6,54.57,7.0,663,2
LA-INFR-02518,Industrial Park,West Bengal,125.96,207,226,0,56.93,3,40.1,7.5,431,2
LA-INFR-02519,Industrial Park,Maharashtra,493.95,766,254,0,77.32,13,39.13,4.7,1000,2
LA-INFR-02520,Industrial Park,Uttar Pradesh,232.89,374,279,1,80.4,9,51.25,3.3,825,2
LA-INFR-02521,National Highway,Bihar,120.79,212,247,0,78.22,3,55.95,6.6,368,2
LA-INFR-02522,National Highway,Tamil Nadu,72.68,128,274,1,77.61,7,45.52,3.7,651,2
LA-INFR-02523,Railway Corridor,West Bengal,202.31,319,216,1,73.87,8,45.84,4.3,748,2
LA-INFR-02524,Irrigation Dam,Uttar Pradesh,137.74,222,514,2,88.33,4,67.77,6.9,579,2
LA-INFR-02525,National Highway,Tamil Nadu,63.74,113,257,0,34.96,7,9.06,5.5,751,2
LA-INFR-02526,National Highway,Tamil Nadu,10.76,32,264,0,69.11,3,53.47,6.2,354,2
LA-INFR-02527,Metro Rail,Bihar,18.03,44,317,2,73.65,0,65.66,7.9,252,1
LA-INFR-02528,National Highway,Tamil Nadu,67.44,111,234,2,42.67,3,34.44,4.8,532,2
LA-INFR-02529,Metro Rail,Uttar Pradesh,14.65,40,197,1,22.19,4,6.55,6.4,602,2
LA-INFR-02530,Industrial Park,Maharashtra,108.87,180,295,1,34.95,7,12.8,6.8,820,2
LA-INFR-02531,Irrigation Dam,Maharashtra,450.52,692,418,3,88.74,21,19.18,1.0,1000,2
LA-INFR-02532,National Highway,Uttar Pradesh,13.31,38,237,2,62.26,3,53.25,6.8,442,2
LA-INFR-02533,National Highway,Bihar,32.56,65,317,3,59.77,2,47.44,8.6,474,2
LA-INFR-02534,Industrial Park,Odisha,333.51,517,225,1,47.18,6,25.25,4.6,776,2
LA-INFR-02535,Irrigation Dam,West Bengal,144.43,231,396,2,68.1,8,39.16,4.6,859,2
LA-INFR-02536,Industrial Park,West Bengal,171.58,276,305,1,45.62,7,16.82,6.4,818,2
LA-INFR-02537,National Highway,Uttar Pradesh,86.62,149,234,0,90.06,0,80.26,10.0,108,1
LA-INFR-02538,Irrigation Dam,Bihar,271.04,430,372,2,41.35,11,0.0,3.9,1000,2
LA-INFR-02539,Irrigation Dam,Uttar Pradesh,328.59,504,401,3,14.31,17,0.0,1.5,1000,2
LA-INFR-02540,Industrial Park,Maharashtra,662.33,1004,211,2,65.47,20,6.75,1.0,1000,2
LA-INFR-02541,Irrigation Dam,Maharashtra,588.69,906,309,2,85.18,14,25.12,2.8,1000,2
LA-INFR-02542,Irrigation Dam,Tamil Nadu,341.25,524,416,1,85.11,11,48.59,3.3,1000,2
LA-INFR-02543,Industrial Park,Gujarat,623.87,960,245,1,27.34,14,0.0,2.7,1000,2
LA-INFR-02544,National Highway,Maharashtra,27.8,56,204,1,64.8,4,52.63,6.9,448,2
LA-INFR-02545,Railway Corridor,Maharashtra,145.16,235,234,1,54.69,10,20.52,3.8,931,2
LA-INFR-02546,National Highway,West Bengal,65.82,117,255,1,77.79,0,74.87,9.3,185,1
LA-INFR-02547,Railway Corridor,Uttar Pradesh,88.14,145,151,1,71.18,5,48.54,6.5,500,2
LA-INFR-02548,Railway Corridor,Odisha,214.48,346,265,2,21.19,10,0.0,3.3,1000,2
LA-INFR-02549,National Highway,West Bengal,128.45,209,250,0,46.18,7,25.37,4.0,726,2
LA-INFR-02550,National Highway,Gujarat,49.98,92,312,3,71.98,3,68.04,8.2,484,2
LA-INFR-02551,National Highway,Bihar,18.66,48,219,2,77.29,1,63.92,8.7,267,1
LA-INFR-02552,Irrigation Dam,Tamil Nadu,668.2,1016,418,2,89.33,17,29.98,1.5,1000,2
LA-INFR-02553,Metro Rail,Bihar,13.27,46,227,4,63.99,2,47.97,5.9,461,2
LA-INFR-02554,National Highway,Tamil Nadu,66.98,116,236,1,60.59,5,38.34,5.7,564,2
LA-INFR-02555,Metro Rail,Bihar,93.01,159,244,0,76.57,4,54.35,6.9,420,2
LA-INFR-02556,Railway Corridor,Maharashtra,63.89,111,334,2,49.12,2,33.22,6.3,497,2
LA-INFR-02557,National Highway,Bihar,70.87,119,168,2,86.61,5,65.49,7.9,480,2
LA-INFR-02558,National Highway,Bihar,137.88,230,254,0,72.89,4,54.62,5.2,451,2
LA-INFR-02559,Railway Corridor,Odisha,342.36,530,232,0,80.37,13,28.86,1.6,1000,2
LA-INFR-02560,Irrigation Dam,West Bengal,94.82,163,348,3,71.26,5,43.31,6.2,669,2
LA-INFR-02561,Industrial Park,Tamil Nadu,287.96,448,259,1,78.6,15,30.08,3.3,1000,2
LA-INFR-02562,National Highway,Maharashtra,78.03,135,285,3,61.08,6,34.5,3.1,732,2
LA-INFR-02563,National Highway,West Bengal,149.49,249,256,0,34.59,5,27.34,5.2,645,2
LA-INFR-02564,Railway Corridor,Bihar,150.75,249,291,2,59.21,3,43.87,4.1,538,2
LA-INFR-02565,National Highway,Odisha,100.6,175,217,2,47.12,4,30.62,7.7,595,2
LA-INFR-02566,National Highway,Gujarat,87.41,150,227,2,79.46,4,58.38,5.6,478,2
LA-INFR-02567,National Highway,Maharashtra,13.68,39,179,0,56.53,0,43.82,9.7,184,1
LA-INFR-02568,Irrigation Dam,Odisha,297.96,465,449,2,63.78,10,20.34,2.3,1000,2
LA-INFR-02569,Metro Rail,Maharashtra,76.67,136,220,3,63.06,3,54.69,5.7,497,2
LA-INFR-02570,Railway Corridor,Uttar Pradesh,281.98,447,215,0,51.54,14,11.07,2.0,1000,2
LA-INFR-02571,Metro Rail,Bihar,43.85,91,260,0,90.49,2,70.52,7.7,233,1
LA-INFR-02572,National Highway,Maharashtra,16.97,48,285,2,60.32,2,50.78,7.3,411,2
LA-INFR-02573,Railway Corridor,West Bengal,31.53,63,195,1,42.59,6,26.99,4.9,652,2
LA-INFR-02574,National Highway,Maharashtra,64.15,116,289,1,76.9,4,50.58,4.0,470,2
LA-INFR-02575,Industrial Park,Maharashtra,166.49,261,214,3,77.38,4,57.58,6.1,549,2
LA-INFR-02576,Metro Rail,Tamil Nadu,9.56,29,301,2,75.2,5,50.06,5.8,557,2
LA-INFR-02577,Industrial Park,West Bengal,409.93,635,202,1,82.15,15,29.76,1.5,1000,2
LA-INFR-02578,Railway Corridor,Gujarat,26.95,66,266,1,79.81,4,65.99,7.7,421,2
LA-INFR-02579,Industrial Park,West Bengal,268.75,419,232,0,42.42,13,1.16,2.5,1000,2
LA-INFR-02580,National Highway,Tamil Nadu,107.15,185,173,1,80.63,4,63.52,7.8,417,2
LA-INFR-02581,Irrigation Dam,Uttar Pradesh,702.05,1075,279,3,83.53,16,16.08,2.1,1000,2
LA-INFR-02582,Railway Corridor,Maharashtra,31.16,62,192,1,47.61,4,34.35,7.0,510,2
LA-INFR-02583,Railway Corridor,Maharashtra,151.77,246,279,2,75.02,1,64.34,8.5,349,2
LA-INFR-02584,Railway Corridor,Bihar,58.72,110,132,0,65.54,9,42.78,4.8,703,2
LA-INFR-02585,Industrial Park,Tamil Nadu,381.78,589,246,1,84.7,6,61.23,5.2,667,2
LA-INFR-02586,National Highway,Bihar,24.03,56,242,2,52.36,5,30.49,6.5,620,2
LA-INFR-02587,Industrial Park,West Bengal,207.98,333,145,2,46.73,10,21.49,4.9,980,2
LA-INFR-02588,National Highway,Bihar,187.3,300,190,1,59.94,9,26.58,4.9,850,2
LA-INFR-02589,Industrial Park,Maharashtra,1213.29,1840,190,1,37.39,14,0.0,1.0,1000,2
LA-INFR-02590,Irrigation Dam,Maharashtra,2169.4,3271,352,1,79.3,12,28.46,4.0,1000,2
LA-INFR-02591,Irrigation Dam,Odisha,160.66,255,423,3,60.3,7,30.12,5.9,887,2
LA-INFR-02592,Railway Corridor,West Bengal,46.05,92,283,2,25.6,4,7.45,7.2,681,2
LA-INFR-02593,Railway Corridor,Odisha,37.3,70,211,3,63.82,4,44.53,6.1,547,2
LA-INFR-02594,National Highway,Maharashtra,14.7,39,188,0,51.87,1,37.59,6.9,267,1
LA-INFR-02595,Irrigation Dam,Gujarat,385.95,596,272,1,91.06,11,40.36,3.6,988,2
LA-INFR-02596,National Highway,Uttar Pradesh,81.34,146,211,2,82.16,3,65.48,7.7,395,2
LA-INFR-02597,Railway Corridor,Maharashtra,32.36,65,185,1,86.71,2,64.7,5.8,253,1
LA-INFR-02598,National Highway,Gujarat,58.21,111,228,1,49.33,7,27.04,5.2,721,2
LA-INFR-02599,National Highway,Uttar Pradesh,58.94,109,230,2,82.32,1,80.94,5.6,254,1
LA-INFR-02600,Industrial Park,Tamil Nadu,310.13,491,206,0,78.26,18,17.57,1.0,1000,2
LA-INFR-02601,National Highway,Maharashtra,48.76,91,207,1,82.19,3,66.28,7.9,338,2
LA-INFR-02602,Industrial Park,Tamil Nadu,147.72,243,195,2,59.97,6,24.87,5.9,699,2
LA-INFR-02603,National Highway,Gujarat,39.5,73,204,2,80.9,3,66.93,5.7,375,2
LA-INFR-02604,National Highway,Uttar Pradesh,113.11,189,301,0,84.29,4,63.49,7.0,420,2
LA-INFR-02605,Railway Corridor,Tamil Nadu,69.69,122,255,0,63.57,3,50.61,6.2,391,2
LA-INFR-02606,National Highway,Maharashtra,65.53,125,256,2,63.16,7,29.99,5.6,738,2
LA-INFR-02607,National Highway,Tamil Nadu,145.53,240,280,1,74.54,10,35.75,4.4,883,2
LA-INFR-02608,Industrial Park,Uttar Pradesh,316.26,495,276,0,76.53,9,48.04,5.1,830,2
LA-INFR-02609,National Highway,Uttar Pradesh,142.67,228,301,0,65.66,4,43.28,7.3,502,2
LA-INFR-02610,Irrigation Dam,Uttar Pradesh,582.46,890,379,2,64.4,12,20.34,3.0,1000,2
LA-INFR-02611,National Highway,Maharashtra,12.14,40,240,1,79.92,2,70.43,7.0,278,1
LA-INFR-02612,National Highway,Gujarat,28.15,59,200,2,92.63,1,83.85,8.9,200,1
LA-INFR-02613,Industrial Park,Uttar Pradesh,50.15,103,188,0,70.28,3,59.54,5.9,331,2
LA-INFR-02614,National Highway,Uttar Pradesh,154.05,249,274,2,52.2,10,13.41,4.5,1000,2
LA-INFR-02615,National Highway,Bihar,72.86,131,224,2,49.96,8,20.18,4.1,831,2
LA-INFR-02616,Railway Corridor,Uttar Pradesh,75.03,132,162,1,95.25,4,69.23,6.5,355,2
LA-INFR-02617,National Highway,West Bengal,18.73,47,125,0,77.32,1,61.79,9.4,151,1
LA-INFR-02618,Irrigation Dam,Gujarat,94.62,166,457,1,59.33,6,30.63,4.4,738,2
LA-INFR-02619,National Highway,Bihar,69.72,127,180,0,74.03,1,63.42,6.2,201,1
LA-INFR-02620,Irrigation Dam,Odisha,502.48,780,315,2,86.78,14,44.04,3.8,1000,2
LA-INFR-02621,Irrigation Dam,Tamil Nadu,497.56,766,411,2,56.15,12,20.88,3.4,1000,2
LA-INFR-02622,Railway Corridor,Maharashtra,317.78,501,169,2,89.35,12,47.11,2.5,1000,2
LA-INFR-02623,Metro Rail,Tamil Nadu,61.09,111,256,1,83.31,1,67.42,7.5,239,1
LA-INFR-02624,Railway Corridor,Bihar,86.2,145,321,1,54.47,4,31.92,6.2,569,2
LA-INFR-02625,Metro Rail,Tamil Nadu,5.88,29,335,2,29.17,5,9.8,5.7,733,2
LA-INFR-02626,National Highway,Odisha,36.66,72,207,3,66.82,3,53.18,8.2,467,2
LA-INFR-02627,Industrial Park,Bihar,168.93,274,229,1,42.3,7,19.86,4.3,791,2
LA-INFR-02628,Railway Corridor,Gujarat,120.54,197,210,1,55.6,2,45.24,7.0,400,2
LA-INFR-02629,Railway Corridor,West Bengal,227.15,358,229,2,44.07,9,12.19,3.3,979,2
LA-INFR-02630,Industrial Park,Bihar,634.18,968,294,2,82.14,12,39.0,3.0,1000,2
LA-INFR-02631,Industrial Park,Tamil Nadu,558.77,858,160,1,56.21,6,29.83,4.9,813,2
LA-INFR-02632,National Highway,Uttar Pradesh,13.98,42,262,1,87.72,1,68.73,7.9,210,1
LA-INFR-02633,National Highway,Gujarat,56.32,104,220,0,72.32,0,63.64,7.9,155,1
LA-INFR-02634,Industrial Park,Tamil Nadu,182.11,288,298,1,95.03,4,74.44,7.0,446,2
LA-INFR-02635,Industrial Park,Maharashtra,202.89,327,295,2,80.82,7,51.1,6.5,738,2
LA-INFR-02636,Metro Rail,Uttar Pradesh,19.57,46,209,0,58.07,4,32.64,5.2,448,2
LA-INFR-02637,Irrigation Dam,Tamil Nadu,190.31,306,344,3,73.85,5,50.4,6.1,690,2
LA-INFR-02638,Metro Rail,Maharashtra,25.99,47,274,1,35.94,7,8.28,3.6,779,2
LA-INFR-02639,Industrial Park,Maharashtra,87.85,153,279,2,70.13,1,66.8,7.7,333,2
LA-INFR-02640,National Highway,Bihar,41.05,81,106,2,46.11,5,29.31,6.6,590,2
LA-INFR-02641,National Highway,Uttar Pradesh,78.06,134,274,1,72.74,3,41.4,6.5,430,2
LA-INFR-02642,Irrigation Dam,Bihar,645.71,989,432,3,71.7,18,10.78,1.2,1000,2
LA-INFR-02643,Industrial Park,Uttar Pradesh,58.1,114,242,2,59.71,2,42.06,7.5,423,2
LA-INFR-02644,National Highway,Maharashtra,35.42,71,277,1,71.41,1,54.01,8.2,283,1
LA-INFR-02645,Railway Corridor,Tamil Nadu,212.88,342,293,1,47.41,12,0.0,2.0,1000,2
LA-INFR-02646,Metro Rail,Bihar,12.82,41,241,1,70.84,2,62.14,8.3,312,2
LA-INFR-02647,Railway Corridor,Uttar Pradesh,147.22,238,270,1,58.54,5,42.75,5.7,610,2
LA-INFR-02648,Railway Corridor,Uttar Pradesh,62.71,108,230,1,82.32,1,63.59,5.9,235,1
LA-INFR-02649,Railway Corridor,Tamil Nadu,546.87,838,227,2,40.27,14,0.0,1.5,1000,2
LA-INFR-02650,National Highway,Maharashtra,40.11,80,196,2,33.51,6,22.67,4.3,725,2
LA-INFR-02651,Railway Corridor,Maharashtra,47.28,93,238,0,66.84,3,50.12,6.3,369,2
LA-INFR-02652,Railway Corridor,Maharashtra,103.91,171,324,1,82.13,1,66.4,6.7,287,1
LA-INFR-02653,National Highway,Odisha,46.42,84,184,1,62.91,2,50.26,5.7,335,2
LA-INFR-02654,Irrigation Dam,West Bengal,103.94,171,380,3,82.06,4,67.7,4.7,568,2
LA-INFR-02655,Railway Corridor,West Bengal,143.58,230,246,1,52.74,9,27.04,4.4,872,2
LA-INFR-02656,Irrigation Dam,West Bengal,265.2,423,423,2,80.78,4,60.53,7.8,623,2
LA-INFR-02657,Irrigation Dam,Tamil Nadu,166.75,264,433,2,87.78,7,53.41,5.3,757,2
LA-INFR-02658,National Highway,Bihar,56.49,100,183,0,83.11,3,67.01,6.2,288,1
LA-INFR-02659,Industrial Park,Tamil Nadu,233.14,366,201,1,51.49,10,15.85,2.9,967,2
LA-INFR-02660,Railway Corridor,Maharashtra,87.49,146,204,0,84.0,4,64.2,5.1,370,2
LA-INFR-02661,Irrigation Dam,Tamil Nadu,568.01,875,325,2,76.24,12,30.68,2.9,1000,2
LA-INFR-02662,National Highway,West Bengal,76.32,127,210,2,60.45,2,49.37,7.0,404,2
LA-INFR-02663,Industrial Park,Bihar,394.6,615,247,1,73.51,9,29.84,5.0,919,2
LA-INFR-02664,Industrial Park,Uttar Pradesh,618.96,943,187,1,32.08,13,0.0,2.4,1000,2
LA-INFR-02665,National Highway,Uttar Pradesh,35.53,74,194,0,55.85,4,43.95,7.8,441,2
LA-INFR-02666,National Highway,Tamil Nadu,118.45,192,190,1,82.69,9,46.47,3.1,741,2
LA-INFR-02667,Industrial Park,Tamil Nadu,689.49,1049,254,1,43.06,16,0.0,1.0,1000,2
LA-INFR-02668,Industrial Park,Odisha,106.45,175,226,0,34.62,5,8.13,6.4,637,2
LA-INFR-02669,National Highway,Uttar Pradesh,16.52,40,217,2,73.89,3,60.1,6.3,397,2
LA-INFR-02670,Industrial Park,West Bengal,1102.99,1673,187,1,81.85,21,15.3,1.0,1000,2
LA-INFR-02671,Railway Corridor,Tamil Nadu,144.21,240,149,2,37.88,7,21.3,4.4,799,2
LA-INFR-02672,Industrial Park,Odisha,149.63,235,311,1,48.4,10,1.69,2.6,1000,2
LA-INFR-02673,National Highway,Bihar,13.18,38,215,4,71.84,3,58.3,4.7,483,2
LA-INFR-02674,Irrigation Dam,Bihar,1072.93,1633,485,3,56.97,11,9.57,2.9,1000,2
LA-INFR-02675,National Highway,Tamil Nadu,93.95,175,268,0,72.18,4,54.92,5.3,443,2
LA-INFR-02676,Railway Corridor,West Bengal,134.71,216,321,3,77.37,5,51.86,6.3,647,2
LA-INFR-02677,National Highway,Gujarat,96.46,164,279,1,93.55,1,83.7,7.5,217,1
LA-INFR-02678,National Highway,Maharashtra,92.1,161,237,1,73.24,2,62.07,6.6,336,2
LA-INFR-02679,Railway Corridor,Maharashtra,52.95,108,200,1,70.36,2,57.73,6.7,319,2
LA-INFR-02680,National Highway,Gujarat,88.3,156,181,1,54.24,8,22.53,5.9,767,2
LA-INFR-02681,Irrigation Dam,Bihar,144.77,234,405,2,60.1,7,33.9,4.4,830,2
LA-INFR-02682,National Highway,Tamil Nadu,40.4,91,243,2,66.82,1,61.83,8.5,316,2
LA-INFR-02683,Railway Corridor,Bihar,32.66,67,260,0,80.78,3,65.04,8.2,318,2
LA-INFR-02684,National Highway,Maharashtra,54.2,102,270,2,58.74,3,47.82,7.1,487,2
LA-INFR-02685,National Highway,West Bengal,162.6,262,247,1,86.46,3,61.87,6.4,395,2
LA-INFR-02686,National Highway,West Bengal,71.24,121,206,1,56.84,6,33.48,5.4,629,2
LA-INFR-02687,Railway Corridor,Uttar Pradesh,211.67,342,280,1,36.34,9,3.29,5.2,984,2
LA-INFR-02688,Railway Corridor,Uttar Pradesh,141.25,230,220,3,61.4,8,35.14,4.5,850,2
LA-INFR-02689,Railway Corridor,Odisha,168.72,272,234,2,81.66,4,64.15,8.8,501,2
LA-INFR-02690,Railway Corridor,Maharashtra,53.12,108,265,1,74.82,3,55.77,6.0,396,2
LA-INFR-02691,Railway Corridor,Odisha,53.95,102,227,2,76.76,4,57.86,7.1,473,2
LA-INFR-02692,National Highway,Uttar Pradesh,53.41,100,139,1,43.84,4,26.75,7.3,517,2
LA-INFR-02693,Railway Corridor,Tamil Nadu,64.6,115,282,2,45.66,3,34.06,5.2,545,2
LA-INFR-02694,Metro Rail,Gujarat,26.96,68,292,0,70.33,2,59.04,7.4,304,2
LA-INFR-02695,Railway Corridor,Tamil Nadu,111.78,191,138,1,63.24,5,42.26,5.7,533,2
LA-INFR-02696,Industrial Park,Bihar,73.81,130,177,1,77.07,5,47.67,5.7,492,2
LA-INFR-02697,National Highway,Tamil Nadu,118.45,198,331,2,73.4,4,61.49,7.4,544,2
LA-INFR-02698,Irrigation Dam,Uttar Pradesh,90.94,155,361,3,41.91,7,22.0,5.0,891,2
LA-INFR-02699,Irrigation Dam,Uttar Pradesh,514.32,797,350,3,78.4,12,35.01,4.6,1000,2
LA-INFR-02700,Railway Corridor,Gujarat,173.64,276,208,2,91.0,4,72.49,5.1,459,2
LA-INFR-02701,Metro Rail,West Bengal,17.46,48,178,0,88.32,3,73.49,5.6,251,1
LA-INFR-02702,National Highway,Tamil Nadu,94.27,152,220,0,91.88,7,58.24,4.9,546,2
LA-INFR-02703,National Highway,Uttar Pradesh,86.73,147,278,2,56.46,4,45.02,5.8,572,2
LA-INFR-02704,Irrigation Dam,Maharashtra,589.35,904,349,1,61.95,19,0.0,1.0,1000,2
LA-INFR-02705,Irrigation Dam,Maharashtra,345.88,534,380,2,54.13,15,0.0,1.0,1000,2
LA-INFR-02706,National Highway,Tamil Nadu,21.98,58,318,1,90.05,0,77.47,9.0,160,1
LA-INFR-02707,National Highway,West Bengal,105.75,180,200,0,89.36,4,70.11,6.8,357,2
LA-INFR-02708,National Highway,Bihar,46.64,93,245,2,89.19,3,71.94,7.3,369,2
LA-INFR-02709,National Highway,Odisha,33.87,68,280,0,78.93,2,65.4,6.4,271,1
LA-INFR-02710,Irrigation Dam,Maharashtra,496.05,757,303,3,79.03,9,43.77,4.9,1000,2
LA-INFR-02711,Railway Corridor,Uttar Pradesh,152.61,259,238,0,64.92,5,41.83,8.2,547,2
LA-INFR-02712,National Highway,Uttar Pradesh,75.06,128,323,2,66.89,1,50.82,8.2,372,2
LA-INFR-02713,Railway Corridor,Bihar,96.86,164,212,1,72.63,3,49.48,6.8,404,2
LA-INFR-02714,National Highway,Maharashtra,17.81,45,283,2,56.96,6,26.84,5.7,687,2
LA-INFR-02715,National Highway,Gujarat,17.17,46,222,0,85.09,0,71.11,9.2,99,0
LA-INFR-02716,Industrial Park,Uttar Pradesh,134.36,224,319,2,86.1,6,52.41,4.5,645,2
LA-INFR-02717,Metro Rail,Gujarat,24.84,62,147,1,74.13,7,38.54,5.1,600,2
LA-INFR-02718,Irrigation Dam,Bihar,123.41,200,353,3,81.81,3,63.26,6.8,511,2
LA-INFR-02719,National Highway,Gujarat,13.61,48,156,1,74.08,3,62.95,7.2,330,2
LA-INFR-02720,Irrigation Dam,Tamil Nadu,380.4,594,314,2,38.58,26,0.0,1.0,1000,2
LA-INFR-02721,Irrigation Dam,Gujarat,467.15,729,314,3,73.26,16,13.31,1.0,1000,2
LA-INFR-02722,Irrigation Dam,Maharashtra,286.83,451,336,3,60.29,9,23.81,4.5,1000,2
LA-INFR-02723,Railway Corridor,West Bengal,202.37,330,170,2,56.8,9,33.6,6.8,889,2
LA-INFR-02724,Railway Corridor,Gujarat,155.4,247,226,1,88.95,3,68.56,7.2,368,2
LA-INFR-02725,National Highway,Maharashtra,166.37,278,253,4,65.64,6,35.64,4.4,784,2
LA-INFR-02726,National Highway,Maharashtra,110.1,183,153,2,62.96,6,37.23,5.1,644,2
LA-INFR-02727,National Highway,Bihar,115.8,183,198,2,53.71,5,30.5,5.7,634,2
LA-INFR-02728,National Highway,Gujarat,60.6,117,357,0,83.86,4,59.19,8.0,429,2
LA-INFR-02729,Railway Corridor,Bihar,115.3,196,246,1,64.03,6,39.8,5.5,639,2
LA-INFR-02730,Industrial Park,Bihar,238.97,380,139,1,35.14,8,13.96,5.9,868,2
LA-INFR-02731,Railway Corridor,Maharashtra,111.37,184,159,1,65.56,5,37.4,6.2,540,2
LA-INFR-02732,National Highway,Maharashtra,69.41,130,241,0,54.47,5,35.96,6.1,548,2
LA-INFR-02733,Metro Rail,Odisha,33.35,66,235,1,60.21,4,47.13,5.4,481,2
LA-INFR-02734,Metro Rail,Maharashtra,31.99,59,200,0,60.8,1,53.97,8.4,236,1
LA-INFR-02735,Irrigation Dam,Tamil Nadu,529.63,814,459,3,55.94,12,19.52,2.7,1000,2
LA-INFR-02736,Metro Rail,Gujarat,14.46,45,360,0,81.73,1,73.24,8.7,220,1
LA-INFR-02737,Railway Corridor,Uttar Pradesh,80.0,141,216,2,77.71,2,60.45,7.2,353,2
LA-INFR-02738,Metro Rail,Tamil Nadu,40.56,77,273,2,44.79,5,34.29,5.9,653,2
LA-INFR-02739,National Highway,Maharashtra,92.72,160,276,3,55.99,4,40.99,5.7,620,2
LA-INFR-02740,Railway Corridor,Tamil Nadu,72.92,135,282,1,75.31,4,67.2,5.9,456,2
LA-INFR-02741,National Highway,Maharashtra,62.44,116,197,2,71.03,2,48.62,6.7,370,2
LA-INFR-02742,National Highway,West Bengal,50.16,87,326,1,13.87,4,12.43,6.4,681,2
LA-INFR-02743,National Highway,Uttar Pradesh,22.39,58,226,1,77.28,6,55.87,7.2,541,2
LA-INFR-02744,Industrial Park,Bihar,242.37,383,251,1,72.81,10,37.88,2.6,911,2
LA-INFR-02745,Irrigation Dam,Tamil Nadu,172.91,274,350,2,75.42,7,42.27,5.3,770,2
LA-INFR-02746,Railway Corridor,Maharashtra,452.57,697,223,0,89.9,14,42.62,4.2,1000,2
LA-INFR-02747,National Highway,West Bengal,93.18,167,243,0,82.25,5,65.02,4.8,454,2
LA-INFR-02748,Irrigation Dam,Uttar Pradesh,873.5,1324,290,4,61.63,11,13.68,3.2,1000,2
LA-INFR-02749,Industrial Park,Tamil Nadu,169.75,271,131,1,70.58,6,48.38,6.5,587,2
LA-INFR-02750,Railway Corridor,Maharashtra,154.15,256,219,1,60.38,6,33.11,4.4,661,2
LA-INFR-02751,Industrial Park,Tamil Nadu,794.75,1207,185,1,71.57,14,25.3,3.9,1000,2
LA-INFR-02752,National Highway,Maharashtra,21.41,48,257,2,83.7,1,67.18,8.9,262,1
LA-INFR-02753,National Highway,Bihar,13.36,32,251,1,65.82,2,59.6,7.5,330,2
LA-INFR-02754,Metro Rail,Uttar Pradesh,42.74,79,230,1,90.92,2,75.43,4.2,252,1
LA-INFR-02755,National Highway,West Bengal,118.84,202,304,0,53.06,4,39.51,5.9,531,2
LA-INFR-02756,Railway Corridor,Uttar Pradesh,149.05,244,229,0,92.07,3,78.7,7.8,308,2
LA-INFR-02757,Irrigation Dam,Odisha,92.39,163,277,2,62.45,3,48.7,6.4,496,2
LA-INFR-02758,Industrial Park,Odisha,52.1,96,218,2,77.34,1,62.26,7.6,281,1
LA-INFR-02759,National Highway,Maharashtra,33.62,71,288,1,83.52,0,78.33,10.0,167,1
LA-INFR-02760,National Highway,Tamil Nadu,19.8,47,135,1,73.26,4,53.45,6.7,396,2
LA-INFR-02761,National Highway,Maharashtra,68.14,125,225,3,83.96,3,67.51,7.0,428,2
LA-INFR-02762,Industrial Park,Uttar Pradesh,695.85,1061,258,2,60.07,14,10.24,2.0,1000,2
LA-INFR-02763,Railway Corridor,West Bengal,110.46,187,362,1,63.33,3,39.05,8.4,506,2
LA-INFR-02764,National Highway,Tamil Nadu,96.05,160,290,3,60.46,6,36.7,6.6,740,2
LA-INFR-02765,Metro Rail,Tamil Nadu,8.29,35,236,1,77.72,1,63.95,7.1,229,1
LA-INFR-02766,Railway Corridor,Uttar Pradesh,22.05,48,256,1,62.44,1,54.7,6.9,290,1
LA-INFR-02767,National Highway,Uttar Pradesh,174.23,278,135,3,75.43,9,40.71,3.6,847,2
LA-INFR-02768,Railway Corridor,Maharashtra,71.25,130,177,1,70.16,4,48.52,5.9,448,2
LA-INFR-02769,Industrial Park,West Bengal,221.42,353,262,1,61.71,6,48.21,4.8,683,2
LA-INFR-02770,National Highway,Bihar,85.89,143,238,0,46.67,3,31.44,6.9,455,2
LA-INFR-02771,National Highway,West Bengal,66.7,115,244,0,67.0,7,39.7,6.0,630,2
LA-INFR-02772,Irrigation Dam,Uttar Pradesh,308.23,480,351,3,81.79,13,44.0,2.0,1000,2
LA-INFR-02773,Railway Corridor,Uttar Pradesh,40.47,79,229,1,56.09,5,30.44,5.3,572,2
LA-INFR-02774,Railway Corridor,Uttar Pradesh,377.22,581,235,1,66.8,11,31.32,3.0,1000,2
LA-INFR-02775,Railway Corridor,Maharashtra,146.35,241,177,0,74.38,8,39.21,5.1,678,2
LA-INFR-02776,National Highway,Uttar Pradesh,21.78,48,218,1,58.69,2,45.67,6.2,355,2
LA-INFR-02777,National Highway,Odisha,164.96,261,167,2,65.32,5,45.77,4.5,595,2
LA-INFR-02778,Railway Corridor,Odisha,63.77,118,199,2,76.19,4,62.3,6.2,462,2
LA-INFR-02779,National Highway,Bihar,49.39,91,289,2,81.57,4,56.3,6.5,485,2
LA-INFR-02780,National Highway,Bihar,78.38,141,220,1,69.2,6,45.56,5.5,594,2
LA-INFR-02781,Irrigation Dam,Maharashtra,301.4,473,379,3,39.28,11,0.0,3.5,1000,2
LA-INFR-02782,Metro Rail,Odisha,14.34,37,235,2,91.56,2,79.63,8.0,276,1
LA-INFR-02783,Irrigation Dam,Maharashtra,1084.9,1657,330,4,53.16,22,0.0,1.0,1000,2
LA-INFR-02784,Irrigation Dam,Gujarat,446.98,680,299,2,92.69,16,38.76,1.5,1000,2
LA-INFR-02785,National Highway,Bihar,106.27,179,209,1,60.55,5,35.47,6.1,574,2
LA-INFR-02786,Metro Rail,Uttar Pradesh,19.45,47,239,1,69.75,3,48.26,8.6,392,2
LA-INFR-02787,National Highway,Gujarat,258.18,415,259,1,82.19,4,61.11,6.1,511,2
LA-INFR-02788,Metro Rail,Maharashtra,25.65,59,236,0,76.66,2,56.86,6.8,266,1
LA-INFR-02789,Metro Rail,Tamil Nadu,52.81,90,262,1,34.74,2,27.83,5.9,465,2
LA-INFR-02790,Industrial Park,Bihar,509.93,782,153,1,56.15,19,0.6,1.1,1000,2
LA-INFR-02791,Metro Rail,Uttar Pradesh,7.88,31,273,3,74.89,1,60.46,6.2,334,2
LA-INFR-02792,Railway Corridor,Bihar,69.78,127,173,3,82.49,2,70.86,6.6,348,2
LA-INFR-02793,National Highway,Tamil Nadu,196.62,312,279,1,67.94,10,27.18,3.0,929,2
LA-INFR-02794,Railway Corridor,West Bengal,260.37,406,255,2,66.47,11,33.1,2.3,1000,2
LA-INFR-02795,Railway Corridor,Maharashtra,22.54,61,136,2,67.53,1,62.83,9.1,262,1
LA-INFR-02796,National Highway,Gujarat,114.17,190,266,1,73.84,8,42.06,4.9,738,2
LA-INFR-02797,Industrial Park,Maharashtra,52.73,94,279,1,52.69,4,39.25,4.8,534,2
LA-INFR-02798,Metro Rail,Uttar Pradesh,36.44,71,292,0,79.95,2,70.14,7.5,268,1
LA-INFR-02799,National Highway,Uttar Pradesh,44.25,87,191,2,44.34,6,15.95,6.6,706,2
LA-INFR-02800,Irrigation Dam,Maharashtra,116.57,197,358,4,49.35,4,34.89,6.9,727,2
LA-INFR-02801,Metro Rail,Maharashtra,17.56,40,264,2,92.62,1,77.25,8.7,229,1
LA-INFR-02802,Metro Rail,Gujarat,12.09,38,266,1,83.82,1,73.06,8.2,216,1
LA-INFR-02803,Metro Rail,Uttar Pradesh,14.28,47,250,0,69.8,3,52.1,7.6,351,2
LA-INFR-02804,Railway Corridor,Maharashtra,335.8,527,208,2,54.48,13,10.18,2.7,1000,2
LA-INFR-02805,Metro Rail,Maharashtra,9.41,30,279,2,49.53,1,46.18,9.1,377,2
LA-INFR-02806,Irrigation Dam,West Bengal,235.24,371,399,1,74.14,6,43.01,6.4,718,2
LA-INFR-02807,National Highway,Odisha,33.46,65,222,2,69.3,2,47.62,7.5,372,2
LA-INFR-02808,Railway Corridor,Uttar Pradesh,53.47,110,190,2,51.97,6,26.54,4.8,679,2
LA-INFR-02809,Industrial Park,Maharashtra,527.69,810,193,1,23.85,15,0.0,3.1,1000,2
LA-INFR-02810,National Highway,Uttar Pradesh,30.33,60,298,0,63.05,6,34.25,6.8,593,2
LA-INFR-02811,Industrial Park,Maharashtra,103.57,180,277,1,93.62,2,75.67,9.3,290,1
LA-INFR-02812,Industrial Park,Maharashtra,79.79,140,228,1,61.63,5,46.3,5.9,555,2
LA-INFR-02813,National Highway,Bihar,13.43,31,220,1,92.31,0,90.0,8.4,94,0
LA-INFR-02814,Railway Corridor,Uttar Pradesh,113.38,193,141,1,59.61,8,33.11,5.2,735,2
LA-INFR-02815,Irrigation Dam,Bihar,604.37,916,345,3,51.73,20,0.0,1.0,1000,2
LA-INFR-02816,Railway Corridor,Uttar Pradesh,83.79,147,170,0,80.55,2,71.5,8.1,236,1
LA-INFR-02817,National Highway,Gujarat,205.32,332,237,2,84.71,5,59.16,6.5,576,2
LA-INFR-02818,National Highway,Gujarat,43.41,80,289,0,79.62,3,66.12,6.4,335,2
LA-INFR-02819,Railway Corridor,Tamil Nadu,46.12,97,180,0,78.32,4,54.5,5.6,372,2
LA-INFR-02820,Metro Rail,Uttar Pradesh,5.87,34,241,1,81.93,2,75.83,6.1,265,1
LA-INFR-02821,National Highway,Uttar Pradesh,58.05,116,279,0,69.04,3,58.35,7.4,375,2
LA-INFR-02822,Industrial Park,Bihar,320.32,504,241,3,52.98,7,29.97,4.5,898,2
LA-INFR-02823,National Highway,West Bengal,66.68,123,203,2,82.96,4,60.96,6.9,449,2
LA-INFR-02824,National Highway,Bihar,172.42,277,230,1,85.15,5,65.1,5.9,511,2
LA-INFR-02825,Irrigation Dam,Odisha,739.29,1130,397,4,51.96,9,19.67,4.7,1000,2
LA-INFR-02826,Industrial Park,Gujarat,341.04,526,243,1,93.05,20,20.97,1.3,1000,2
LA-INFR-02827,National Highway,Uttar Pradesh,11.43,35,229,1,53.32,2,44.91,7.7,370,2
LA-INFR-02828,Railway Corridor,Tamil Nadu,64.37,117,287,3,24.92,3,3.91,7.2,675,2
LA-INFR-02829,National Highway,Maharashtra,17.04,49,255,1,24.17,5,11.19,5.5,677,2
LA-INFR-02830,Railway Corridor,Uttar Pradesh,46.66,91,169,2,65.58,5,38.87,6.5,557,2
LA-INFR-02831,Industrial Park,Bihar,201.97,325,261,0,74.07,7,49.33,5.2,663,2
LA-INFR-02832,National Highway,Uttar Pradesh,38.04,69,277,1,90.39,0,73.9,6.7,151,1
LA-INFR-02833,National Highway,Odisha,42.43,81,168,0,91.18,3,70.99,6.6,252,1
LA-INFR-02834,Railway Corridor,Maharashtra,75.97,135,116,0,39.12,6,19.48,6.8,617,2
LA-INFR-02835,Metro Rail,Bihar,20.76,48,177,1,53.24,5,37.27,5.1,542,2
LA-INFR-02836,Metro Rail,Tamil Nadu,13.57,42,224,0,83.52,2,65.72,7.6,229,1
LA-INFR-02837,National Highway,Tamil Nadu,40.71,81,280,2,48.29,3,29.84,6.7,533,2
LA-INFR-02838,Irrigation Dam,Uttar Pradesh,538.72,826,305,1,67.43,13,26.8,2.8,1000,2
LA-INFR-02839,Railway Corridor,Odisha,145.63,236,257,1,51.22,5,40.6,5.8,625,2
LA-INFR-02840,Railway Corridor,Tamil Nadu,217.18,345,90,1,88.37,6,56.98,5.9,535,2
LA-INFR-02841,Irrigation Dam,Bihar,1064.04,1619,359,3,73.65,17,2.21,1.0,1000,2
LA-INFR-02842,Metro Rail,Maharashtra,30.79,65,209,1,91.65,3,81.09,7.4,291,1
LA-INFR-02843,Metro Rail,Bihar,25.45,60,334,1,51.45,1,42.57,7.2,366,2
LA-INFR-02844,Railway Corridor,Odisha,484.58,749,135,1,68.96,13,18.54,3.0,1000,2
LA-INFR-02845,Railway Corridor,Tamil Nadu,49.12,95,229,1,56.23,4,38.9,6.6,506,2
LA-INFR-02846,Irrigation Dam,Odisha,88.68,157,255,2,36.35,8,18.44,5.1,887,2
LA-INFR-02847,National Highway,Bihar,139.29,224,202,0,76.92,5,57.52,5.8,476,2
LA-INFR-02848,Railway Corridor,Maharashtra,63.97,111,144,2,63.29,4,48.87,5.1,487,2
LA-INFR-02849,Railway Corridor,Maharashtra,204.69,328,345,2,84.47,10,46.83,3.5,934,2
LA-INFR-02850,Industrial Park,Uttar Pradesh,425.41,659,212,0,80.62,21,11.94,1.0,1000,2
LA-INFR-02851,National Highway,Tamil Nadu,41.74,78,219,1,83.56,1,80.69,5.9,199,1
LA-INFR-02852,National Highway,West Bengal,135.66,225,227,1,70.55,7,37.98,4.7,685,2
LA-INFR-02853,Metro Rail,Uttar Pradesh,62.46,114,173,2,38.88,4,26.79,7.5,586,2
LA-INFR-02854,National Highway,Bihar,34.41,71,282,1,81.14,0,72.85,7.0,178,1
LA-INFR-02855,Railway Corridor,Bihar,587.27,902,262,2,48.68,17,0.0,2.0,1000,2
LA-INFR-02856,National Highway,Bihar,106.66,189,275,1,67.33,4,42.88,5.9,516,2
LA-INFR-02857,National Highway,Uttar Pradesh,68.77,122,169,1,69.98,4,53.09,5.8,438,2
LA-INFR-02858,National Highway,Maharashtra,47.87,86,286,2,83.7,6,60.24,5.4,592,2
LA-INFR-02859,National Highway,Maharashtra,24.71,53,280,3,58.46,4,39.68,6.7,589,2
LA-INFR-02860,Irrigation Dam,Maharashtra,152.4,250,338,2,65.78,7,45.44,4.8,779,2
LA-INFR-02861,National Highway,Maharashtra,202.9,325,274,3,69.19,8,38.68,4.3,873,2
LA-INFR-02862,Metro Rail,Maharashtra,19.08,51,243,1,67.14,0,49.81,9.4,219,1
LA-INFR-02863,Railway Corridor,Tamil Nadu,36.49,74,150,0,74.97,2,64.22,7.3,231,1
LA-INFR-02864,Railway Corridor,Uttar Pradesh,177.13,285,220,1,19.57,7,0.0,3.8,871,2
LA-INFR-02865,Railway Corridor,Gujarat,26.41,49,205,0,64.95,4,53.6,4.3,405,2
LA-INFR-02866,Railway Corridor,Maharashtra,28.52,58,234,2,90.97,0,91.25,9.4,149,1
LA-INFR-02867,Irrigation Dam,Uttar Pradesh,298.33,467,401,3,68.16,11,33.38,4.5,1000,2
LA-INFR-02868,National Highway,Uttar Pradesh,62.76,111,147,1,84.06,2,69.65,7.4,251,1
LA-INFR-02869,Railway Corridor,Maharashtra,72.13,123,207,2,75.46,2,64.92,7.3,346,2
LA-INFR-02870,Irrigation Dam,Odisha,126.03,206,308,2,58.61,6,31.01,5.6,731,2
LA-INFR-02871,Metro Rail,Maharashtra,63.23,113,191,0,51.25,0,49.19,8.1,216,1
LA-INFR-02872,Irrigation Dam,Gujarat,263.5,422,308,1,57.15,5,32.46,6.2,690,2
LA-INFR-02873,Railway Corridor,Odisha,52.76,97,233,2,59.92,6,45.33,6.6,651,2
LA-INFR-02874,Irrigation Dam,Bihar,871.81,1332,376,2,74.9,8,38.48,5.7,1000,2
LA-INFR-02875,Railway Corridor,Bihar,106.41,175,247,2,76.69,2,54.83,7.4,384,2
LA-INFR-02876,Railway Corridor,Tamil Nadu,47.11,91,239,1,88.53,3,69.85,7.0,331,2
LA-INFR-02877,National Highway,Uttar Pradesh,75.85,136,261,1,78.39,3,64.51,7.6,383,2
LA-INFR-02878,Railway Corridor,Tamil Nadu,87.56,157,349,0,80.15,3,74.73,7.4,367,2
LA-INFR-02879,National Highway,Maharashtra,23.78,56,236,2,65.0,2,48.89,7.1,384,2
LA-INFR-02880,National Highway,Maharashtra,94.42,158,281,1,76.99,4,57.6,3.6,469,2
LA-INFR-02881,Irrigation Dam,Bihar,484.58,748,398,2,72.48,12,29.23,3.9,1000,2
LA-INFR-02882,National Highway,Bihar,58.31,111,318,1,77.29,3,55.3,7.9,413,2
LA-INFR-02883,National Highway,Odisha,50.23,94,258,2,89.65,6,57.68,5.3,571,2
LA-INFR-02884,National Highway,Maharashtra,17.26,51,187,0,52.75,4,26.05,5.3,461,2
LA-INFR-02885,Metro Rail,Odisha,44.6,90,245,1,46.2,3,40.21,7.7,474,2
LA-INFR-02886,Railway Corridor,Uttar Pradesh,58.27,113,242,2,71.67,3,51.53,7.8,442,2
LA-INFR-02887,Railway Corridor,Uttar Pradesh,94.74,162,270,2,77.08,3,49.94,5.9,455,2
LA-INFR-02888,Irrigation Dam,Uttar Pradesh,118.88,200,306,2,39.97,3,25.04,7.3,602,2
LA-INFR-02889,Irrigation Dam,Bihar,356.82,555,413,2,49.63,13,11.76,2.3,1000,2
LA-INFR-02890,National Highway,Maharashtra,74.72,139,230,1,82.78,2,71.08,7.5,293,1
LA-INFR-02891,Industrial Park,Bihar,89.91,158,271,0,73.46,6,50.67,7.0,562,2
LA-INFR-02892,Irrigation Dam,Odisha,104.55,170,365,3,58.25,5,45.52,6.5,708,2
LA-INFR-02893,Industrial Park,Bihar,155.18,253,236,2,54.3,8,30.08,4.2,846,2
LA-INFR-02894,National Highway,Bihar,38.2,78,241,3,74.66,2,48.11,6.7,409,2
LA-INFR-02895,Irrigation Dam,Odisha,124.06,208,383,2,57.51,6,31.37,7.6,763,2
LA-INFR-02896,Railway Corridor,West Bengal,31.08,69,327,2,39.93,3,29.11,8.1,570,2
LA-INFR-02897,National Highway,Bihar,134.29,221,129,2,78.75,2,65.82,6.8,331,2
LA-INFR-02898,Railway Corridor,Uttar Pradesh,92.7,160,257,4,57.64,6,36.66,5.5,773,2
LA-INFR-02899,National Highway,Odisha,10.66,37,232,2,73.11,1,76.22,7.3,265,1
LA-INFR-02900,National Highway,Tamil Nadu,140.45,231,221,1,45.68,5,21.26,6.2,646,2
LA-INFR-02901,Irrigation Dam,Uttar Pradesh,629.22,967,231,4,32.22,12,0.0,4.0,1000,2
LA-INFR-02902,National Highway,Uttar Pradesh,12.39,36,259,1,76.53,1,53.71,8.1,254,1
LA-INFR-02903,Railway Corridor,Odisha,22.12,57,223,1,51.43,5,35.89,6.7,569,2
LA-INFR-02904,Railway Corridor,Maharashtra,84.37,146,188,2,68.72,7,40.04,4.5,690,2
LA-INFR-02905,National Highway,Gujarat,64.41,118,232,1,78.18,4,50.92,6.5,444,2
LA-INFR-02906,Metro Rail,Maharashtra,26.21,59,215,1,62.16,3,45.77,7.6,408,2
LA-INFR-02907,National Highway,West Bengal,110.64,180,142,3,27.68,8,0.0,6.3,932,2
LA-INFR-02908,National Highway,Uttar Pradesh,102.59,168,234,2,35.72,4,18.38,4.3,644,2
LA-INFR-02909,National Highway,Bihar,142.49,234,259,2,92.23,4,61.44,6.9,478,2
LA-INFR-02910,National Highway,Odisha,58.28,108,202,0,58.24,5,40.38,7.2,512,2
LA-INFR-02911,National Highway,Bihar,215.86,340,243,0,86.97,10,51.86,2.0,805,2
LA-INFR-02912,Industrial Park,Bihar,511.39,783,235,0,70.4,9,37.01,5.8,919,2
LA-INFR-02913,Metro Rail,Maharashtra,7.47,34,282,2,63.57,7,35.83,7.4,716,2
LA-INFR-02914,National Highway,Maharashtra,123.64,202,224,1,11.33,4,0.0,6.6,692,2
LA-INFR-02915,Industrial Park,Uttar Pradesh,326.72,511,270,0,44.99,10,10.74,4.5,1000,2
LA-INFR-02916,Industrial Park,Tamil Nadu,1164.43,1773,214,2,79.62,19,5.78,1.0,1000,2
LA-INFR-02917,Irrigation Dam,Maharashtra,522.48,803,448,3,56.06,17,0.0,3.2,1000,2
LA-INFR-02918,Railway Corridor,Maharashtra,51.37,106,208,1,88.19,8,56.44,5.1,639,2
LA-INFR-02919,National Highway,Bihar,52.37,100,195,2,28.71,9,0.0,1.8,949,2
LA-INFR-02920,National Highway,Tamil Nadu,132.83,219,224,1,39.25,7,18.74,6.2,784,2
LA-INFR-02921,Industrial Park,West Bengal,737.45,1125,193,4,39.95,10,0.0,3.1,1000,2
LA-INFR-02922,Irrigation Dam,Maharashtra,839.98,1275,287,3,40.25,19,0.0,1.0,1000,2
LA-INFR-02923,National Highway,Maharashtra,178.29,283,266,1,66.47,10,40.19,4.3,904,2
LA-INFR-02924,Railway Corridor,Gujarat,65.84,116,90,0,86.29,2,70.24,7.2,183,1
LA-INFR-02925,Metro Rail,Uttar Pradesh,17.26,38,194,1,90.85,1,71.28,7.9,172,1
LA-INFR-02926,Irrigation Dam,Odisha,295.62,466,282,1,62.18,8,29.28,5.2,862,2
LA-INFR-02927,Metro Rail,Odisha,9.17,34,237,3,67.7,0,67.0,9.3,270,1
LA-INFR-02928,Irrigation Dam,West Bengal,1145.4,1740,240,1,89.13,17,27.52,1.0,1000,2
LA-INFR-02929,Railway Corridor,Maharashtra,212.21,345,257,1,86.29,8,55.63,5.3,728,2
LA-INFR-02930,Railway Corridor,Odisha,160.62,258,262,1,91.23,9,55.37,4.6,755,2
LA-INFR-02931,Industrial Park,West Bengal,70.63,128,148,1,91.31,3,76.04,6.6,290,1
LA-INFR-02932,National Highway,Tamil Nadu,55.78,109,239,1,73.55,4,56.7,5.1,449,2
LA-INFR-02933,Railway Corridor,Uttar Pradesh,33.91,73,255,0,76.03,5,51.94,6.4,465,2
LA-INFR-02934,Industrial Park,Uttar Pradesh,338.63,526,277,0,78.69,4,66.09,5.4,511,2
LA-INFR-02935,National Highway,Maharashtra,85.89,140,156,1,31.38,7,9.78,3.5,766,2
LA-INFR-02936,Irrigation Dam,Bihar,1049.05,1590,269,3,70.3,17,18.18,1.0,1000,2
LA-INFR-02937,Railway Corridor,Tamil Nadu,82.77,144,305,2,82.9,6,55.38,6.2,623,2
LA-INFR-02938,Metro Rail,Uttar Pradesh,65.74,112,188,2,61.21,9,27.26,3.7,836,2
LA-INFR-02939,National Highway,Bihar,30.15,64,203,1,90.37,2,88.73,5.3,222,1
LA-INFR-02940,National Highway,Uttar Pradesh,29.93,69,261,0,44.58,5,24.94,6.0,577,2
LA-INFR-02941,Industrial Park,Tamil Nadu,314.27,497,171,1,47.23,11,15.77,4.8,1000,2
LA-INFR-02942,National Highway,Gujarat,11.11,33,216,1,63.38,3,40.76,6.1,404,2
LA-INFR-02943,Industrial Park,Maharashtra,354.27,548,274,1,81.74,8,51.35,3.4,806,2
LA-INFR-02944,Irrigation Dam,Uttar Pradesh,95.98,165,278,2,86.98,5,61.25,4.4,540,2
LA-INFR-02945,National Highway,Maharashtra,32.27,69,204,2,72.51,4,60.95,5.7,462,2
LA-INFR-02946,Railway Corridor,Tamil Nadu,72.26,132,173,2,63.01,3,44.33,6.8,450,2
LA-INFR-02947,Railway Corridor,West Bengal,105.31,174,191,1,88.39,4,65.4,5.9,400,2
LA-INFR-02948,Railway Corridor,Gujarat,75.89,135,289,1,69.29,4,53.26,6.7,491,2
LA-INFR-02949,Metro Rail,Uttar Pradesh,5.85,22,300,1,70.19,2,51.91,7.3,345,2
LA-INFR-02950,Irrigation Dam,Gujarat,245.77,396,362,1,83.69,6,57.96,6.6,667,2
LA-INFR-02951,Industrial Park,Maharashtra,280.23,437,256,2,55.9,15,2.3,1.9,1000,2
LA-INFR-02952,Industrial Park,Tamil Nadu,364.04,562,255,0,57.62,12,16.56,3.8,1000,2
LA-INFR-02953,Railway Corridor,Maharashtra,65.94,125,196,2,61.11,5,39.54,6.0,587,2
LA-INFR-02954,Metro Rail,Odisha,22.31,46,241,0,57.46,4,48.89,6.6,443,2
LA-INFR-02955,Industrial Park,Bihar,243.45,387,165,1,77.14,14,29.74,2.6,1000,2
LA-INFR-02956,Industrial Park,Tamil Nadu,122.58,205,182,2,62.94,3,41.12,5.8,477,2
LA-INFR-02957,Irrigation Dam,Odisha,206.72,337,345,2,38.37,13,0.0,2.7,1000,2
LA-INFR-02958,National Highway,Maharashtra,35.15,69,176,1,54.02,4,34.43,5.8,489,2
LA-INFR-02959,Irrigation Dam,Maharashtra,173.03,274,286,3,62.6,8,28.84,4.0,893,2
LA-INFR-02960,National Highway,Odisha,10.21,34,194,1,60.78,5,46.8,6.4,515,2
LA-INFR-02961,National Highway,Uttar Pradesh,11.68,31,287,2,53.83,5,30.65,6.5,628,2
LA-INFR-02962,National Highway,Maharashtra,114.18,181,307,2,55.08,9,22.38,3.8,923,2
LA-INFR-02963,Metro Rail,Bihar,16.27,42,228,2,84.16,4,66.75,7.1,428,2
LA-INFR-02964,Irrigation Dam,Tamil Nadu,334.81,515,379,3,77.77,7,62.95,4.8,856,2
LA-INFR-02965,Industrial Park,Maharashtra,83.8,141,201,2,46.08,7,19.74,6.1,776,2
LA-INFR-02966,Industrial Park,Uttar Pradesh,555.47,843,126,0,86.79,13,47.42,5.0,1000,2
LA-INFR-02967,Railway Corridor,Maharashtra,71.29,125,185,0,80.97,6,52.72,6.1,498,2
LA-INFR-02968,Metro Rail,Bihar,52.76,109,214,1,61.1,5,44.87,5.9,544,2
LA-INFR-02969,Railway Corridor,Odisha,36.04,78,237,1,55.78,2,40.02,6.5,384,2
LA-INFR-02970,Railway Corridor,Gujarat,24.87,58,224,0,65.63,1,60.07,7.8,225,1
LA-INFR-02971,National Highway,Tamil Nadu,166.4,273,215,0,86.38,7,54.88,4.2,593,2
LA-INFR-02972,Irrigation Dam,Maharashtra,639.41,985,321,2,84.5,10,50.61,3.8,1000,2
LA-INFR-02973,Industrial Park,Gujarat,322.44,499,247,1,69.77,10,36.82,3.1,950,2
LA-INFR-02974,Railway Corridor,Bihar,97.46,164,161,0,85.49,3,71.07,7.6,285,1
LA-INFR-02975,National Highway,Maharashtra,83.99,134,270,1,83.58,3,68.36,6.3,370,2
LA-INFR-02976,Irrigation Dam,Gujarat,1023.75,1548,320,3,73.18,10,33.48,4.0,1000,2
LA-INFR-02977,National Highway,West Bengal,12.15,41,333,1,72.71,3,60.07,5.1,406,2
LA-INFR-02978,Industrial Park,West Bengal,420.93,662,214,3,43.92,16,0.0,1.3,1000,2
LA-INFR-02979,Metro Rail,West Bengal,19.95,55,205,1,73.28,4,66.72,6.0,409,2
LA-INFR-02980,Railway Corridor,Uttar Pradesh,81.97,141,201,4,61.84,6,40.88,4.7,731,2
LA-INFR-02981,National Highway,Uttar Pradesh,52.98,101,206,0,77.18,1,69.17,7.3,189,1
LA-INFR-02982,Industrial Park,Tamil Nadu,752.18,1147,260,0,76.16,20,10.91,1.0,1000,2
LA-INFR-02983,Irrigation Dam,Uttar Pradesh,225.23,356,347,2,89.21,14,34.57,1.2,1000,2
LA-INFR-02984,Railway Corridor,Bihar,154.15,243,279,2,55.66,8,23.11,3.1,866,2
LA-INFR-02985,Metro Rail,West Bengal,23.7,49,253,1,68.26,2,56.63,8.0,332,2
LA-INFR-02986,National Highway,West Bengal,183.89,293,231,1,77.9,5,52.68,6.0,549,2
LA-INFR-02987,Railway Corridor,Bihar,210.67,336,248,2,75.55,11,29.07,1.0,1000,2
LA-INFR-02988,Industrial Park,West Bengal,203.86,322,289,3,46.62,10,11.56,5.0,1000,2
LA-INFR-02989,Irrigation Dam,Odisha,754.07,1151,382,0,71.68,10,36.26,4.4,1000,2
LA-INFR-02990,National Highway,Tamil Nadu,153.61,253,244,1,85.46,8,52.85,4.7,704,2
LA-INFR-02991,Irrigation Dam,Uttar Pradesh,422.61,652,371,2,81.11,15,33.26,2.3,1000,2
LA-INFR-02992,Railway Corridor,Uttar Pradesh,21.85,49,172,2,66.46,4,48.63,6.3,474,2
LA-INFR-02993,Railway Corridor,Uttar Pradesh,98.8,163,358,2,70.15,4,59.06,6.0,557,2
LA-INFR-02994,National Highway,Maharashtra,39.02,85,256,4,67.88,5,57.63,6.1,642,2
LA-INFR-02995,Irrigation Dam,Uttar Pradesh,177.33,288,381,2,68.04,12,24.57,3.3,1000,2
LA-INFR-02996,National Highway,Uttar Pradesh,80.84,137,228,2,45.86,8,11.7,4.0,856,2
LA-INFR-02997,National Highway,Bihar,131.32,216,115,1,53.31,9,15.26,5.1,828,2
LA-INFR-02998,National Highway,Gujarat,37.39,75,216,1,74.84,0,67.11,7.2,175,1
LA-INFR-02999,Irrigation Dam,Maharashtra,126.58,207,353,1,39.07,6,21.17,5.3,770,2
LA-INFR-03000,Industrial Park,West Bengal,272.23,434,188,1,79.7,8,45.99,5.6,752,2
LA-INFR-03001,Irrigation Dam,Tamil Nadu,201.56,324,308,4,24.69,7,1.35,6.3,1000,2
LA-INFR-03002,National Highway,Maharashtra,186.99,296,213,1,44.12,9,10.11,5.3,918,2
LA-INFR-03003,Industrial Park,Gujarat,267.7,428,268,3,64.17,14,14.16,1.0,1000,2
LA-INFR-03004,Railway Corridor,Tamil Nadu,228.99,368,292,2,40.39,19,0.0,1.0,1000,2
LA-INFR-03005,Irrigation Dam,Uttar Pradesh,337.68,529,358,3,9.67,11,0.0,2.4,1000,2
LA-INFR-03006,Metro Rail,West Bengal,12.68,31,201,0,74.41,0,71.63,7.0,113,1
LA-INFR-03007,National Highway,Uttar Pradesh,212.23,332,211,2,42.77,10,0.0,3.4,1000,2
LA-INFR-03008,Industrial Park,Tamil Nadu,218.17,344,234,1,67.61,2,58.25,6.9,403,2
LA-INFR-03009,National Highway,Maharashtra,22.0,53,240,0,39.4,4,26.7,5.8,516,2
LA-INFR-03010,Railway Corridor,Odisha,128.97,215,251,3,63.29,2,50.52,4.6,475,2
LA-INFR-03011,National Highway,Bihar,70.85,121,208,1,81.56,5,56.72,6.3,480,2
LA-INFR-03012,National Highway,Tamil Nadu,90.69,163,256,1,74.0,4,57.63,6.3,467,2
LA-INFR-03013,Railway Corridor,Uttar Pradesh,156.94,259,252,2,89.66,1,78.36,8.8,288,1
LA-INFR-03014,Industrial Park,Tamil Nadu,102.06,178,210,1,87.77,7,56.85,5.1,600,2
LA-INFR-03015,National Highway,West Bengal,71.09,127,144,1,75.32,4,66.65,4.5,399,2
LA-INFR-03016,Industrial Park,Bihar,510.97,784,185,1,70.37,11,32.88,2.2,1000,2
LA-INFR-03017,Railway Corridor,Tamil Nadu,240.08,385,308,3,67.36,13,18.97,1.1,1000,2
LA-INFR-03018,National Highway,Bihar,42.09,83,145,0,70.99,1,64.63,7.3,181,1
LA-INFR-03019,Irrigation Dam,Odisha,244.49,387,415,2,62.3,12,22.26,4.8,1000,2
LA-INFR-03020,National Highway,Bihar,62.35,122,143,1,31.63,4,18.37,6.9,564,2
LA-INFR-03021,Railway Corridor,Odisha,51.45,90,191,2,81.53,1,74.72,7.7,244,1
LA-INFR-03022,Industrial Park,Odisha,147.3,239,211,2,75.82,7,44.88,4.1,701,2
LA-INFR-03023,National Highway,Bihar,77.5,136,319,0,88.18,6,62.68,6.0,524,2
LA-INFR-03024,National Highway,Uttar Pradesh,57.77,107,231,1,74.85,2,57.13,6.9,321,2
LA-INFR-03025,Railway Corridor,Bihar,237.98,381,219,0,55.34,22,0.0,1.0,1000,2
LA-INFR-03026,Metro Rail,Odisha,33.74,80,183,1,91.24,3,73.2,7.3,294,1
LA-INFR-03027,Industrial Park,Uttar Pradesh,375.88,581,256,2,36.67,10,0.0,3.5,1000,2
LA-INFR-03028,Industrial Park,Bihar,51.89,93,204,0,63.99,4,45.34,6.7,429,2
LA-INFR-03029,Industrial Park,Odisha,96.0,161,218,1,76.31,6,51.85,7.4,573,2
LA-INFR-03030,National Highway,Uttar Pradesh,31.82,68,212,2,59.62,2,52.17,8.5,387,2
LA-INFR-03031,Railway Corridor,Tamil Nadu,118.31,195,265,3,77.31,3,66.68,7.7,481,2
LA-INFR-03032,Irrigation Dam,Uttar Pradesh,344.91,535,388,2,75.06,10,42.23,6.4,1000,2
LA-INFR-03033,National Highway,Maharashtra,16.25,47,185,2,88.81,3,73.62,8.8,332,2
LA-INFR-03034,National Highway,West Bengal,12.6,36,198,1,74.51,4,58.76,7.9,408,2
LA-INFR-03035,National Highway,Maharashtra,77.24,140,193,1,69.53,4,49.26,5.4,457,2
LA-INFR-03036,Railway Corridor,Uttar Pradesh,82.59,145,239,0,50.16,5,24.69,4.8,575,2
LA-INFR-03037,Metro Rail,Odisha,13.72,41,275,1,58.64,4,37.45,5.1,506,2
LA-INFR-03038,National Highway,Uttar Pradesh,70.38,126,239,1,82.77,5,59.73,6.9,487,2
LA-INFR-03039,Railway Corridor,Gujarat,128.54,213,120,1,71.67,9,36.49,5.2,758,2
LA-INFR-03040,National Highway,Gujarat,43.48,74,267,0,96.24,2,79.39,7.7,208,1
LA-INFR-03041,Metro Rail,Uttar Pradesh,6.53,26,162,0,70.35,2,58.67,6.1,242,1
LA-INFR-03042,National Highway,Maharashtra,194.19,316,194,0,67.18,11,32.42,4.6,911,2
LA-INFR-03043,Railway Corridor,West Bengal,26.3,56,239,3,64.77,3,50.71,6.5,484,2
LA-INFR-03044,Industrial Park,Bihar,282.86,440,225,3,43.39,8,12.63,4.6,980,2
LA-INFR-03045,Industrial Park,Maharashtra,167.17,269,273,0,63.9,7,30.44,5.9,701,2
LA-INFR-03046,Railway Corridor,West Bengal,209.22,329,199,0,83.1,9,47.01,4.2,740,2
LA-INFR-03047,National Highway,Maharashtra,59.33,106,181,2,74.07,0,56.44,7.9,224,1
LA-INFR-03048,Railway Corridor,Odisha,23.12,50,214,0,84.56,1,78.56,6.2,150,1
LA-INFR-03049,National Highway,Maharashtra,53.83,100,278,3,59.2,1,50.76,6.1,405,2
LA-INFR-03050,National Highway,Maharashtra,167.56,266,261,1,56.46,6,41.67,6.6,681,2
LA-INFR-03051,Railway Corridor,Maharashtra,185.89,302,234,1,73.58,4,60.92,6.7,493,2
LA-INFR-03052,National Highway,Gujarat,415.81,640,296,2,34.19,16,0.0,1.0,1000,2
LA-INFR-03053,National Highway,Tamil Nadu,61.94,106,287,1,78.94,4,56.54,6.7,454,2
LA-INFR-03054,Industrial Park,Odisha,95.3,158,269,0,67.08,5,43.52,6.0,526,2
LA-INFR-03055,Metro Rail,Uttar Pradesh,32.63,64,171,2,53.88,8,32.29,3.6,769,2
LA-INFR-03056,Industrial Park,Uttar Pradesh,757.9,1150,269,3,74.97,10,39.88,3.9,1000,2
LA-INFR-03057,National Highway,Uttar Pradesh,11.98,40,219,2,63.67,4,38.74,6.7,509,2
LA-INFR-03058,National Highway,Bihar,113.17,184,210,2,58.28,5,35.79,4.3,621,2
LA-INFR-03059,Metro Rail,Tamil Nadu,18.22,47,195,3,71.06,2,65.01,8.1,371,2
LA-INFR-03060,National Highway,Tamil Nadu,105.54,169,221,0,91.83,2,82.16,7.4,222,1
LA-INFR-03061,National Highway,Uttar Pradesh,30.4,67,198,1,57.63,5,38.9,7.7,542,2
LA-INFR-03062,Railway Corridor,Gujarat,223.4,346,238,0,72.75,15,27.29,3.3,1000,2
LA-INFR-03063,Industrial Park,Maharashtra,348.61,546,221,0,71.91,20,0.0,1.6,1000,2
LA-INFR-03064,Industrial Park,Gujarat,71.35,124,241,2,53.78,8,21.43,4.1,826,2
LA-INFR-03065,National Highway,Maharashtra,65.18,117,257,0,81.47,4,60.77,7.0,394,2
LA-INFR-03066,National Highway,Bihar,66.49,120,215,0,60.24,5,36.71,6.1,520,2
LA-INFR-03067,Metro Rail,Uttar Pradesh,23.9,55,193,1,68.71,0,65.59,9.5,178,1
LA-INFR-03068,National Highway,Bihar,157.69,258,129,0,48.1,7,26.29,6.6,685,2
LA-INFR-03069,Industrial Park,Tamil Nadu,96.0,156,268,0,82.71,6,58.98,7.3,528,2
LA-INFR-03070,Industrial Park,Bihar,386.18,606,233,0,79.13,16,18.12,1.4,1000,2
LA-INFR-03071,Industrial Park,Bihar,198.88,310,221,2,42.93,9,20.48,3.2,956,2
LA-INFR-03072,National Highway,West Bengal,21.98,44,288,2,81.21,2,68.78,6.3,338,2
LA-INFR-03073,National Highway,Tamil Nadu,57.15,105,165,2,63.78,4,37.44,6.8,506,2
LA-INFR-03074,Railway Corridor,Odisha,26.58,60,232,2,64.79,2,46.29,6.0,387,2
LA-INFR-03075,Irrigation Dam,Uttar Pradesh,377.65,588,301,1,85.88,12,37.5,3.4,1000,2
LA-INFR-03076,Metro Rail,Tamil Nadu,15.96,45,262,0,76.85,2,71.43,7.0,255,1
LA-INFR-03077,National Highway,Tamil Nadu,73.6,129,118,2,70.66,3,50.23,4.5,401,2
LA-INFR-03078,National Highway,Uttar Pradesh,119.72,197,270,1,81.7,4,56.23,6.7,465,2
LA-INFR-03079,Metro Rail,Bihar,25.85,50,268,0,68.15,2,60.81,7.9,294,1
LA-INFR-03080,Industrial Park,Uttar Pradesh,336.83,525,183,2,64.47,12,26.5,4.4,1000,2
LA-INFR-03081,Irrigation Dam,Maharashtra,484.13,752,353,3,61.94,17,1.95,1.0,1000,2
LA-INFR-03082,National Highway,Uttar Pradesh,49.7,100,184,0,89.82,2,77.38,6.1,199,1
LA-INFR-03083,Railway Corridor,Maharashtra,262.79,410,251,0,46.53,17,0.0,1.0,1000,2
LA-INFR-03084,Industrial Park,Tamil Nadu,308.2,486,271,1,81.48,10,46.43,2.8,914,2
LA-INFR-03085,Industrial Park,Tamil Nadu,77.07,137,179,2,19.74,3,7.24,7.3,606,2
LA-INFR-03086,Railway Corridor,Gujarat,69.07,118,165,1,45.36,8,19.47,4.9,777,2
LA-INFR-03087,National Highway,West Bengal,218.15,350,284,2,70.08,2,57.19,6.0,459,2
LA-INFR-03088,Railway Corridor,Maharashtra,66.59,119,327,0,80.69,3,60.67,6.4,364,2
LA-INFR-03089,National Highway,Odisha,40.78,81,254,1,58.46,3,48.27,8.4,435,2
LA-INFR-03090,Railway Corridor,Odisha,374.41,580,258,0,50.99,16,0.0,1.5,1000,2
LA-INFR-03091,Metro Rail,Bihar,7.97,29,213,2,57.75,2,50.88,6.5,384,2
LA-INFR-03092,Railway Corridor,Tamil Nadu,33.67,72,239,3,26.53,4,14.43,5.9,687,2
LA-INFR-03093,Irrigation Dam,Gujarat,132.03,224,367,3,56.81,4,38.93,6.6,674,2
LA-INFR-03094,National Highway,Bihar,152.34,249,220,3,77.36,3,66.52,8.6,477,2
LA-INFR-03095,Industrial Park,Gujarat,59.61,106,297,2,80.5,3,64.74,5.7,425,2
LA-INFR-03096,Metro Rail,Maharashtra,12.25,40,238,0,65.75,3,52.52,8.2,355,2
LA-INFR-03097,National Highway,Maharashtra,13.36,39,245,1,85.22,0,75.23,7.7,141,1
LA-INFR-03098,National Highway,Bihar,34.0,69,221,2,87.22,2,70.2,8.5,301,2
LA-INFR-03099,Railway Corridor,Tamil Nadu,21.63,60,226,1,67.17,3,52.39,5.6,391,2
LA-INFR-03100,National Highway,Odisha,23.75,55,290,1,93.77,1,76.93,9.2,200,1
LA-INFR-03101,Industrial Park,Gujarat,138.07,223,237,1,46.46,8,18.58,6.6,832,2
LA-INFR-03102,Metro Rail,Uttar Pradesh,24.11,55,238,1,91.72,0,83.58,9.9,117,1
LA-INFR-03103,Railway Corridor,Maharashtra,24.26,55,239,0,73.62,2,55.13,7.2,276,1
LA-INFR-03104,National Highway,Odisha,84.81,149,211,1,69.52,2,63.02,7.2,331,2
LA-INFR-03105,Railway Corridor,Tamil Nadu,117.49,202,159,2,23.27,6,10.23,4.9,783,2
LA-INFR-03106,Industrial Park,Maharashtra,578.72,887,308,2,81.55,11,47.25,2.6,1000,2
LA-INFR-03107,National Highway,Bihar,153.84,246,283,1,71.86,2,57.83,8.1,386,2
LA-INFR-03108,Railway Corridor,West Bengal,74.09,134,292,1,69.49,1,60.44,7.6,302,2
LA-INFR-03109,Industrial Park,West Bengal,183.46,302,176,0,52.19,5,30.28,6.5,580,2
LA-INFR-03110,Industrial Park,Bihar,89.14,148,302,2,28.11,7,8.02,5.6,877,2
LA-INFR-03111,National Highway,Uttar Pradesh,54.75,106,328,1,59.53,3,43.74,5.5,474,2
LA-INFR-03112,Industrial Park,Gujarat,650.38,1001,282,1,74.84,17,17.47,1.0,1000,2
LA-INFR-03113,National Highway,Tamil Nadu,44.41,77,312,0,98.28,0,90.31,8.8,88,0
LA-INFR-03114,National Highway,Bihar,62.31,115,269,0,64.62,4,40.71,6.8,464,2
LA-INFR-03115,Irrigation Dam,Uttar Pradesh,282.43,444,307,4,67.86,11,27.93,3.5,1000,2
LA-INFR-03116,Industrial Park,West Bengal,280.88,442,255,2,70.7,8,44.25,5.2,846,2
LA-INFR-03117,National Highway,Uttar Pradesh,56.91,107,178,1,56.08,4,57.62,7.8,466,2
LA-INFR-03118,National Highway,Maharashtra,201.36,325,200,1,79.32,10,32.57,4.9,865,2
LA-INFR-03119,National Highway,Bihar,23.84,55,245,3,86.98,3,66.12,7.1,412,2
LA-INFR-03120,National Highway,Uttar Pradesh,73.82,134,239,0,53.29,5,29.98,6.4,558,2
LA-INFR-03121,National Highway,Tamil Nadu,12.66,42,253,0,60.82,2,42.54,8.7,325,2
LA-INFR-03122,National Highway,Maharashtra,14.12,40,140,0,97.66,1,94.71,7.2,65,0
LA-INFR-03123,Railway Corridor,Tamil Nadu,113.75,194,222,1,81.2,1,69.91,7.8,250,1
LA-INFR-03124,Industrial Park,Uttar Pradesh,53.62,102,257,2,75.79,1,64.4,7.6,299,1
LA-INFR-03125,Industrial Park,Maharashtra,179.38,284,267,2,71.4,6,49.42,5.0,681,2
LA-INFR-03126,Industrial Park,Maharashtra,78.87,135,270,1,75.09,2,58.67,7.0,342,2
LA-INFR-03127,National Highway,Gujarat,59.92,109,242,2,91.21,4,73.79,5.4,426,2
LA-INFR-03128,Metro Rail,Odisha,46.12,86,211,2,71.18,5,46.19,7.1,550,2
LA-INFR-03129,Irrigation Dam,Uttar Pradesh,365.3,564,375,2,79.01,18,24.07,1.0,1000,2
LA-INFR-03130,Irrigation Dam,West Bengal,243.93,388,335,3,58.67,9,26.5,4.6,1000,2
LA-INFR-03131,Irrigation Dam,Tamil Nadu,247.47,394,395,2,60.8,11,28.68,4.6,1000,2
LA-INFR-03132,Metro Rail,Gujarat,5.15,32,251,2,75.61,0,71.15,9.4,210,1
LA-INFR-03133,Railway Corridor,Uttar Pradesh,90.24,158,226,1,67.17,3,39.79,6.9,433,2
LA-INFR-03134,National Highway,Tamil Nadu,73.64,126,191,1,71.92,4,46.67,6.3,451,2
LA-INFR-03135,Industrial Park,Maharashtra,289.2,447,285,1,42.77,10,16.74,4.7,1000,2
LA-INFR-03136,Industrial Park,Uttar Pradesh,110.45,188,257,1,82.43,10,42.64,4.4,832,2
LA-INFR-03137,Industrial Park,Gujarat,601.18,927,335,0,74.78,12,22.47,2.1,1000,2
LA-INFR-03138,Railway Corridor,Bihar,45.84,87,256,1,63.21,8,30.45,6.4,747,2
LA-INFR-03139,National Highway,Uttar Pradesh,14.13,44,260,0,55.56,3,39.25,7.0,406,2
LA-INFR-03140,Railway Corridor,Maharashtra,61.79,104,156,1,56.8,3,48.51,7.6,407,2
LA-INFR-03141,Metro Rail,West Bengal,11.83,32,245,0,87.42,2,68.57,7.6,222,1
LA-INFR-03142,Railway Corridor,Tamil Nadu,149.74,247,214,3,59.31,8,28.86,5.3,865,2
LA-INFR-03143,Railway Corridor,Uttar Pradesh,56.34,110,271,1,40.95,7,21.39,5.0,765,2
LA-INFR-03144,National Highway,Gujarat,17.15,44,246,1,44.83,3,29.05,7.5,479,2
LA-INFR-03145,Railway Corridor,Maharashtra,66.78,112,279,0,54.62,8,20.98,5.5,756,2
LA-INFR-03146,Irrigation Dam,Uttar Pradesh,1067.54,1622,456,3,79.57,11,40.52,4.5,1000,2
LA-INFR-03147,Industrial Park,Gujarat,204.93,327,190,2,64.7,9,35.21,3.0,875,2
LA-INFR-03148,Irrigation Dam,Uttar Pradesh,91.2,154,397,4,36.5,8,8.56,3.6,1000,2
LA-INFR-03149,Railway Corridor,Uttar Pradesh,127.92,205,264,1,58.72,3,47.02,6.9,474,2
LA-INFR-03150,Industrial Park,Bihar,505.74,783,328,0,69.36,14,17.79,2.0,1000,2
LA-INFR-03151,National Highway,Odisha,12.78,44,265,1,49.36,6,16.6,6.8,670,2
LA-INFR-03152,Industrial Park,Maharashtra,277.79,431,260,2,38.73,10,9.27,3.1,1000,2
LA-INFR-03153,Railway Corridor,Gujarat,38.2,79,272,3,77.45,1,61.7,8.5,338,2
LA-INFR-03154,Railway Corridor,West Bengal,58.41,104,276,1,71.73,3,52.56,5.1,412,2
LA-INFR-03155,Industrial Park,Maharashtra,622.09,950,302,2,58.47,19,0.0,1.0,1000,2
LA-INFR-03156,Metro Rail,West Bengal,12.81,41,189,2,55.59,2,48.9,7.2,385,2
LA-INFR-03157,National Highway,Uttar Pradesh,17.98,51,210,1,44.25,12,3.43,3.6,1000,2
LA-INFR-03158,Irrigation Dam,Bihar,188.24,301,436,1,81.33,7,49.7,5.8,748,2
LA-INFR-03159,National Highway,West Bengal,19.07,52,132,1,61.03,3,53.36,7.8,366,2
LA-INFR-03160,Railway Corridor,Gujarat,131.13,209,225,0,88.45,6,60.09,5.9,509,2
LA-INFR-03161,National Highway,Maharashtra,63.95,110,237,3,43.82,4,26.17,6.3,640,2
LA-INFR-03162,National Highway,Bihar,57.05,106,221,0,53.52,3,31.3,6.0,421,2
LA-INFR-03163,Railway Corridor,Bihar,172.89,282,309,1,65.05,11,26.13,1.8,1000,2
LA-INFR-03164,National Highway,Uttar Pradesh,33.03,65,253,1,30.8,5,19.97,6.7,654,2
LA-INFR-03165,Railway Corridor,Uttar Pradesh,77.92,133,210,1,57.84,4,32.78,5.5,512,2
LA-INFR-03166,Metro Rail,Maharashtra,7.65,29,198,2,37.44,3,21.15,6.9,524,2
LA-INFR-03167,National Highway,Tamil Nadu,22.54,64,244,0,66.86,1,56.99,8.5,235,1
LA-INFR-03168,Irrigation Dam,Bihar,816.3,1248,408,3,79.0,22,7.8,2.2,1000,2
LA-INFR-03169,Railway Corridor,Maharashtra,54.65,98,236,0,59.94,3,46.46,6.7,391,2
LA-INFR-03170,Industrial Park,Odisha,493.89,765,223,0,55.69,18,0.0,1.0,1000,2
LA-INFR-03171,National Highway,Odisha,44.17,84,195,2,75.61,2,58.74,7.4,337,2
LA-INFR-03172,National Highway,Bihar,39.4,80,248,2,51.89,3,44.53,5.0,493,2
LA-INFR-03173,National Highway,Uttar Pradesh,120.59,201,245,1,46.51,6,13.32,5.4,715,2
LA-INFR-03174,National Highway,Tamil Nadu,24.86,51,193,0,65.22,0,64.39,8.0,147,1
LA-INFR-03175,National Highway,Uttar Pradesh,89.5,152,281,1,56.14,9,33.65,4.6,849,2
LA-INFR-03176,Industrial Park,Uttar Pradesh,393.34,614,315,1,77.21,17,22.2,2.4,1000,2
LA-INFR-03177,Irrigation Dam,West Bengal,186.46,298,352,2,73.76,4,51.43,7.1,590,2
LA-INFR-03178,Irrigation Dam,Maharashtra,163.14,265,365,4,59.61,4,43.09,5.7,712,2
LA-INFR-03179,Industrial Park,Maharashtra,236.51,369,174,1,82.1,9,41.09,5.7,790,2
LA-INFR-03180,National Highway,Maharashtra,15.87,44,266,1,66.08,3,45.69,8.1,414,2
LA-INFR-03181,National Highway,Maharashtra,12.82,45,253,3,75.68,5,55.82,5.2,573,2
LA-INFR-03182,National Highway,Maharashtra,17.1,44,213,0,68.75,2,58.79,5.6,271,1
LA-INFR-03183,National Highway,Gujarat,22.43,59,192,0,71.89,3,57.54,4.6,320,2
LA-INFR-03184,Railway Corridor,Uttar Pradesh,53.7,99,322,3,76.53,4,50.91,7.0,559,2
LA-INFR-03185,Railway Corridor,Maharashtra,31.98,65,249,1,70.21,4,62.94,7.4,442,2
LA-INFR-03186,Railway Corridor,Uttar Pradesh,26.79,58,184,2,52.43,1,47.04,7.2,338,2
LA-INFR-03187,Railway Corridor,Gujarat,160.9,258,272,2,63.57,7,35.63,5.2,772,2
LA-INFR-03188,Irrigation Dam,Bihar,368.5,560,361,3,77.62,12,34.27,3.7,1000,2
LA-INFR-03189,Irrigation Dam,Uttar Pradesh,438.53,675,352,3,59.45,12,14.46,3.5,1000,2
LA-INFR-03190,National Highway,Odisha,119.05,201,278,1,72.52,2,54.96,7.6,374,2
LA-INFR-03191,Metro Rail,Uttar Pradesh,33.75,70,99,2,36.86,1,42.54,9.7,351,2
LA-INFR-03192,Metro Rail,Uttar Pradesh,13.04,40,139,2,63.16,1,49.6,7.4,285,1
LA-INFR-03193,National Highway,Uttar Pradesh,60.47,120,298,2,76.66,1,62.68,7.8,320,2
LA-INFR-03194,Railway Corridor,Uttar Pradesh,105.5,166,223,1,72.52,1,60.61,7.0,276,1
LA-INFR-03195,Railway Corridor,Uttar Pradesh,102.24,167,208,1,67.74,5,42.41,7.1,544,2
LA-INFR-03196,Metro Rail,Tamil Nadu,8.75,31,163,1,61.07,2,49.02,8.7,318,2
LA-INFR-03197,Irrigation Dam,Uttar Pradesh,421.16,653,359,1,60.04,21,0.0,1.0,1000,2
LA-INFR-03198,National Highway,Tamil Nadu,35.41,73,245,2,71.3,2,57.54,7.6,366,2
LA-INFR-03199,Railway Corridor,Maharashtra,79.63,137,302,1,47.47,3,32.12,8.2,516,2
LA-INFR-03200,Railway Corridor,Maharashtra,241.31,382,248,1,89.8,5,64.66,5.6,535,2
LA-INFR-03201,Railway Corridor,Bihar,117.44,188,214,2,62.07,5,33.17,6.3,617,2
LA-INFR-03202,National Highway,Gujarat,58.65,113,250,1,58.25,6,32.87,4.0,641,2
LA-INFR-03203,Irrigation Dam,Uttar Pradesh,703.4,1071,405,2,74.68,19,9.59,1.0,1000,2
LA-INFR-03204,Industrial Park,Tamil Nadu,438.57,670,274,1,90.8,18,26.35,1.0,1000,2
LA-INFR-03205,Irrigation Dam,Uttar Pradesh,758.34,1164,381,3,42.46,23,0.0,1.0,1000,2
LA-INFR-03206,Irrigation Dam,Maharashtra,203.5,323,363,3,48.61,13,9.35,2.6,1000,2
LA-INFR-03207,Industrial Park,Maharashtra,750.61,1144,200,0,70.02,11,27.46,3.3,1000,2
LA-INFR-03208,Railway Corridor,Uttar Pradesh,99.93,166,178,0,52.02,3,42.88,8.4,410,2
LA-INFR-03209,Industrial Park,Maharashtra,390.79,607,170,1,83.58,14,43.28,2.2,1000,2
LA-INFR-03210,National Highway,Maharashtra,77.46,138,249,0,40.0,2,26.75,7.8,420,2
LA-INFR-03211,Industrial Park,West Bengal,139.44,230,254,1,75.04,10,39.42,5.4,864,2
LA-INFR-03212,National Highway,Maharashtra,22.63,50,284,0,61.98,4,44.99,5.8,454,2
LA-INFR-03213,Industrial Park,Tamil Nadu,165.27,270,258,1,95.42,11,53.14,4.5,869,2
LA-INFR-03214,National Highway,Uttar Pradesh,11.96,30,282,1,73.99,0,58.5,7.3,202,1
LA-INFR-03215,National Highway,Bihar,47.25,94,223,3,38.96,5,24.5,6.7,703,2
LA-INFR-03216,National Highway,Tamil Nadu,32.57,65,268,1,54.56,5,32.22,6.9,586,2
LA-INFR-03217,National Highway,Uttar Pradesh,75.63,137,179,0,90.08,3,77.88,6.3,265,1
LA-INFR-03218,Industrial Park,Uttar Pradesh,51.39,93,226,1,73.5,1,63.07,5.3,252,1
LA-INFR-03219,Industrial Park,West Bengal,364.67,570,138,2,78.35,8,52.19,3.7,805,2
LA-INFR-03220,Railway Corridor,Odisha,65.9,115,231,1,64.16,2,54.31,7.4,354,2
LA-INFR-03221,National Highway,Maharashtra,250.77,404,291,1,63.07,5,45.58,4.9,647,2
LA-INFR-03222,National Highway,Maharashtra,101.93,169,233,3,78.82,5,59.07,5.6,587,2
LA-INFR-03223,National Highway,Odisha,146.5,241,266,1,92.89,3,73.91,7.3,366,2
LA-INFR-03224,National Highway,Uttar Pradesh,44.66,82,243,3,88.91,3,69.21,6.5,410,2
LA-INFR-03225,Irrigation Dam,Tamil Nadu,451.08,704,321,1,90.58,14,41.77,2.5,1000,2
LA-INFR-03226,National Highway,Uttar Pradesh,41.85,90,220,2,47.25,4,34.02,5.7,569,2
LA-INFR-03227,Railway Corridor,Maharashtra,168.71,272,288,1,62.93,8,32.6,6.7,808,2
LA-INFR-03228,National Highway,Tamil Nadu,16.95,47,265,0,88.94,1,80.94,6.9,155,1
LA-INFR-03229,National Highway,Bihar,28.92,62,199,2,66.7,4,44.34,6.4,492,2
LA-INFR-03230,Railway Corridor,Uttar Pradesh,41.39,91,160,1,74.83,5,53.62,6.5,472,2
LA-INFR-03231,Industrial Park,Bihar,111.97,182,240,1,65.49,3,55.66,5.8,431,2
LA-INFR-03232,National Highway,West Bengal,115.42,194,200,0,91.79,6,65.88,5.6,479,2
LA-INFR-03233,National Highway,Tamil Nadu,11.5,35,221,1,84.14,1,72.16,7.4,197,1
LA-INFR-03234,Railway Corridor,Maharashtra,31.06,66,157,1,42.72,1,39.99,8.4,322,2
LA-INFR-03235,National Highway,Bihar,171.73,274,282,1,68.41,7,48.46,5.2,713,2
LA-INFR-03236,National Highway,West Bengal,26.22,60,225,1,40.12,5,24.09,5.4,613,2
LA-INFR-03237,Metro Rail,West Bengal,7.82,32,232,1,29.94,5,4.04,6.3,658,2
LA-INFR-03238,Industrial Park,Tamil Nadu,220.4,355,188,2,56.25,9,19.79,5.5,921,2
LA-INFR-03239,Railway Corridor,Maharashtra,57.82,116,216,1,37.35,6,20.72,5.3,695,2
LA-INFR-03240,Railway Corridor,West Bengal,109.82,194,236,1,77.33,7,46.22,5.3,653,2
LA-INFR-03241,Railway Corridor,Tamil Nadu,64.38,111,199,2,67.91,3,52.56,6.7,433,2
LA-INFR-03242,Railway Corridor,Maharashtra,22.09,51,219,2,65.68,0,56.55,8.4,245,1
LA-INFR-03243,Industrial Park,Bihar,1075.23,1631,299,1,66.17,17,12.9,1.0,1000,2
LA-INFR-03244,Industrial Park,Uttar Pradesh,375.07,581,142,3,72.65,17,17.03,3.1,1000,2
LA-INFR-03245,National Highway,Tamil Nadu,77.3,140,239,1,79.68,2,62.55,8.6,315,2
LA-INFR-03246,Railway Corridor,Uttar Pradesh,30.37,70,190,1,85.42,2,75.17,6.9,247,1
LA-INFR-03247,Railway Corridor,Tamil Nadu,102.25,175,296,2,60.02,3,49.6,8.9,512,2
LA-INFR-03248,Irrigation Dam,Gujarat,386.73,607,340,3,63.63,13,21.28,1.0,1000,2
LA-INFR-03249,Industrial Park,West Bengal,166.85,268,177,2,69.1,10,33.41,4.9,906,2
LA-INFR-03250,Railway Corridor,Gujarat,38.9,78,219,1,60.76,4,61.21,10.0,459,2
LA-INFR-03251,National Highway,Gujarat,44.94,84,247,2,85.82,1,67.19,7.4,262,1
LA-INFR-03252,Industrial Park,Maharashtra,748.9,1140,368,1,67.01,14,16.89,3.3,1000,2
LA-INFR-03253,National Highway,Tamil Nadu,30.84,64,124,0,74.43,5,52.03,6.9,414,2
LA-INFR-03254,National Highway,Bihar,24.26,64,170,2,55.05,2,49.91,7.0,383,2
LA-INFR-03255,National Highway,Odisha,28.53,60,295,2,34.46,7,8.72,5.8,834,2
LA-INFR-03256,Industrial Park,Uttar Pradesh,137.08,227,154,3,55.68,7,34.86,6.9,777,2
LA-INFR-03257,National Highway,Gujarat,35.56,76,230,1,90.22,4,66.39,5.5,383,2
LA-INFR-03258,Railway Corridor,Tamil Nadu,165.19,262,205,1,82.74,3,67.83,7.3,380,2
LA-INFR-03259,Irrigation Dam,West Bengal,152.85,252,317,1,54.11,3,44.12,7.8,522,2
LA-INFR-03260,National Highway,Maharashtra,92.41,158,221,1,61.55,4,40.42,5.7,504,2
LA-INFR-03261,Railway Corridor,Maharashtra,55.9,98,213,0,42.34,3,33.07,6.9,442,2
LA-INFR-03262,Railway Corridor,West Bengal,28.36,69,282,0,54.56,9,29.39,4.9,795,2
LA-INFR-03263,National Highway,Maharashtra,85.71,147,296,3,86.2,7,56.2,4.5,711,2
LA-INFR-03264,Irrigation Dam,Odisha,645.71,987,371,3,52.92,13,3.83,4.3,1000,2
LA-INFR-03265,National Highway,Maharashtra,201.21,316,218,2,82.5,5,57.83,6.3,572,2
LA-INFR-03266,Railway Corridor,Tamil Nadu,127.4,212,242,1,70.94,5,48.54,5.3,554,2
LA-INFR-03267,Railway Corridor,Uttar Pradesh,92.21,147,270,1,77.2,1,71.42,6.5,265,1
LA-INFR-03268,Industrial Park,Tamil Nadu,291.24,458,280,2,30.67,9,0.0,4.2,1000,2
LA-INFR-03269,Industrial Park,Tamil Nadu,669.51,1030,248,1,69.2,13,26.63,2.5,1000,2
LA-INFR-03270,National Highway,Uttar Pradesh,21.03,47,306,1,80.61,1,72.49,8.0,243,1
LA-INFR-03271,National Highway,Maharashtra,33.74,76,199,0,52.91,5,35.13,4.8,521,2
LA-INFR-03272,Industrial Park,Maharashtra,298.61,469,286,1,88.26,15,40.61,1.4,1000,2
LA-INFR-03273,Railway Corridor,Tamil Nadu,172.43,277,265,2,81.62,6,56.92,7.2,644,2
LA-INFR-03274,Irrigation Dam,Bihar,488.48,761,319,3,52.0,16,0.0,1.0,1000,2
LA-INFR-03275,Irrigation Dam,West Bengal,119.68,205,361,2,63.17,6,38.68,5.0,731,2
LA-INFR-03276,Irrigation Dam,Bihar,467.18,714,365,4,44.99,19,0.0,1.0,1000,2
LA-INFR-03277,Railway Corridor,Bihar,62.48,110,222,2,39.78,6,15.42,5.8,737,2
LA-INFR-03278,National Highway,Uttar Pradesh,42.82,81,222,2,53.28,3,31.78,7.5,495,2
LA-INFR-03279,Irrigation Dam,Maharashtra,498.91,781,273,2,72.19,13,26.63,6.4,1000,2
LA-INFR-03280,Railway Corridor,Uttar Pradesh,324.88,499,195,0,75.76,6,51.47,6.6,617,2
LA-INFR-03281,National Highway,Gujarat,14.01,34,218,1,47.22,2,36.31,6.0,391,2
LA-INFR-03282,Irrigation Dam,Odisha,254.4,404,321,4,63.67,3,48.57,7.4,655,2
LA-INFR-03283,Irrigation Dam,Uttar Pradesh,350.99,546,307,3,37.12,12,0.0,3.1,1000,2
LA-INFR-03284,Railway Corridor,Tamil Nadu,214.28,338,283,1,79.67,13,20.72,2.4,1000,2
LA-INFR-03285,National Highway,Odisha,198.64,313,224,2,76.71,8,43.77,4.8,785,2
LA-INFR-03286,Railway Corridor,Bihar,24.79,48,338,4,70.82,3,48.06,7.7,550,2
LA-INFR-03287,Irrigation Dam,Maharashtra,123.27,207,361,2,86.84,8,55.99,5.6,771,2
LA-INFR-03288,Metro Rail,Maharashtra,5.52,34,282,1,59.67,4,36.35,5.1,505,2
LA-INFR-03289,National Highway,Bihar,26.03,59,219,1,64.25,0,57.61,8.0,210,1
LA-INFR-03290,National Highway,Gujarat,55.62,102,196,0,80.3,1,67.8,6.6,180,1
LA-INFR-03291,Irrigation Dam,Tamil Nadu,209.82,330,363,2,52.86,10,13.89,4.2,1000,2
LA-INFR-03292,Railway Corridor,Maharashtra,66.51,127,294,2,59.69,4,46.74,6.0,562,2
LA-INFR-03293,Railway Corridor,Maharashtra,81.81,140,225,1,84.46,2,64.33,8.0,295,1
LA-INFR-03294,Metro Rail,West Bengal,60.17,105,252,2,63.35,2,39.24,6.9,420,2
LA-INFR-03295,National Highway,Odisha,24.9,55,242,3,59.17,4,35.15,5.7,578,2
LA-INFR-03296,Industrial Park,Tamil Nadu,356.24,551,225,1,90.72,16,41.29,1.7,1000,2
LA-INFR-03297,National Highway,Tamil Nadu,87.95,147,227,1,74.83,8,42.0,4.8,709,2
LA-INFR-03298,Railway Corridor,Maharashtra,35.99,71,180,3,71.79,6,52.04,5.4,625,2
LA-INFR-03299,Irrigation Dam,Odisha,244.79,396,349,2,77.03,9,42.25,4.0,918,2
LA-INFR-03300,Railway Corridor,West Bengal,121.1,202,262,2,61.69,7,40.54,2.7,752,2
LA-INFR-03301,Metro Rail,Uttar Pradesh,5.17,19,244,0,54.28,2,38.74,9.1,337,2
LA-INFR-03302,Railway Corridor,West Bengal,38.72,76,239,1,47.2,7,22.91,3.9,727,2
LA-INFR-03303,National Highway,Uttar Pradesh,118.24,199,266,1,62.43,10,30.17,4.2,903,2
LA-INFR-03304,National Highway,Maharashtra,67.39,132,239,1,89.17,0,73.92,8.4,155,1
LA-INFR-03305,Railway Corridor,Uttar Pradesh,126.3,207,230,2,85.18,4,59.52,8.6,479,2
LA-INFR-03306,Railway Corridor,Maharashtra,90.13,155,266,1,46.89,3,31.95,9.1,508,2
LA-INFR-03307,National Highway,Uttar Pradesh,167.26,268,236,3,76.06,4,58.84,6.8,561,2
LA-INFR-03308,Railway Corridor,Bihar,85.25,153,218,1,60.54,1,47.52,6.6,315,2
LA-INFR-03309,Railway Corridor,Bihar,53.88,101,253,0,81.39,1,75.95,6.6,190,1
LA-INFR-03310,Industrial Park,Bihar,67.16,122,228,0,82.34,2,72.87,6.6,247,1
LA-INFR-03311,Industrial Park,Uttar Pradesh,428.69,666,215,0,87.62,21,15.55,1.0,1000,2
LA-INFR-03312,Industrial Park,Maharashtra,81.56,145,237,1,79.65,2,67.92,6.7,309,2
LA-INFR-03313,National Highway,Tamil Nadu,70.69,119,238,0,57.27,0,55.19,7.0,214,1
LA-INFR-03314,National Highway,Uttar Pradesh,51.6,101,174,1,64.33,5,47.15,6.1,515,2
LA-INFR-03315,Industrial Park,Uttar Pradesh,843.06,1289,246,2,28.01,16,0.0,1.0,1000,2
LA-INFR-03316,Railway Corridor,Odisha,25.73,57,322,0,38.2,4,19.47,7.8,561,2
LA-INFR-03317,National Highway,West Bengal,49.19,87,181,0,71.34,2,49.97,6.4,274,1
LA-INFR-03318,Irrigation Dam,Odisha,194.25,311,324,2,64.2,6,40.58,4.9,740,2
LA-INFR-03319,Irrigation Dam,Bihar,453.07,701,489,2,65.82,12,29.47,3.3,1000,2
LA-INFR-03320,Railway Corridor,Maharashtra,47.07,83,188,2,72.5,1,68.9,6.3,270,1
LA-INFR-03321,National Highway,Tamil Nadu,34.84,70,294,2,58.63,2,48.36,6.8,428,2
LA-INFR-03322,Irrigation Dam,Uttar Pradesh,271.28,431,338,1,70.46,8,37.13,3.3,845,2
LA-INFR-03323,Railway Corridor,Bihar,47.32,95,233,1,74.25,3,62.44,6.7,374,2
LA-INFR-03324,Irrigation Dam,Maharashtra,1848.18,2792,343,3,66.76,14,12.59,1.6,1000,2
LA-INFR-03325,Irrigation Dam,Odisha,471.06,729,371,1,90.99,13,39.81,2.3,1000,2
LA-INFR-03326,Irrigation Dam,Maharashtra,1250.86,1893,271,2,76.58,16,13.77,1.7,1000,2
LA-INFR-03327,Railway Corridor,Gujarat,38.85,78,239,2,51.39,2,45.24,6.8,430,2
LA-INFR-03328,National Highway,Odisha,33.69,76,209,1,79.51,1,60.37,8.3,228,1
LA-INFR-03329,Industrial Park,Bihar,212.49,335,136,0,83.87,5,62.52,5.0,455,2
LA-INFR-03330,Industrial Park,West Bengal,201.39,321,286,1,88.12,7,69.94,4.7,652,2
LA-INFR-03331,Industrial Park,Tamil Nadu,401.61,623,124,0,56.23,16,4.62,1.3,1000,2
LA-INFR-03332,National Highway,Odisha,52.79,93,337,0,53.47,0,43.28,8.8,271,1
LA-INFR-03333,National Highway,Bihar,129.28,213,260,2,86.38,4,63.65,7.5,485,2
LA-INFR-03334,Irrigation Dam,West Bengal,134.38,221,281,3,37.45,5,11.16,5.0,781,2
LA-INFR-03335,Industrial Park,Bihar,985.03,1500,296,1,83.11,14,28.32,2.0,1000,2
LA-INFR-03336,Metro Rail,Gujarat,17.93,50,192,3,62.37,3,43.56,4.9,478,2
LA-INFR-03337,Irrigation Dam,Bihar,554.7,852,314,3,74.59,20,2.97,1.0,1000,2
LA-INFR-03338,Railway Corridor,Bihar,68.48,126,139,0,76.58,5,54.61,6.0,428,2
LA-INFR-03339,Industrial Park,West Bengal,265.08,412,186,2,49.18,13,0.0,4.2,1000,2
LA-INFR-03340,Irrigation Dam,Odisha,88.64,153,312,2,73.86,6,42.26,5.4,666,2
LA-INFR-03341,Railway Corridor,Tamil Nadu,83.15,151,270,1,63.56,6,42.07,5.5,635,2
LA-INFR-03342,Industrial Park,Maharashtra,742.51,1132,288,2,65.49,16,21.44,1.2,1000,2
LA-INFR-03343,National Highway,Bihar,78.26,141,167,1,49.44,4,34.65,6.9,515,2
LA-INFR-03344,Railway Corridor,Gujarat,90.35,164,243,2,49.41,1,37.28,7.9,408,2
LA-INFR-03345,Industrial Park,West Bengal,102.28,178,137,0,76.62,5,58.21,6.4,437,2
LA-INFR-03346,National Highway,Odisha,56.58,108,243,1,89.77,2,80.27,9.3,261,1
LA-INFR-03347,National Highway,Maharashtra,23.21,58,338,1,81.16,2,63.29,5.7,328,2
LA-INFR-03348,National Highway,Bihar,43.8,84,141,2,54.65,4,32.89,3.7,519,2
LA-INFR-03349,National Highway,Tamil Nadu,51.79,100,179,1,52.76,5,40.55,6.7,554,2
LA-INFR-03350,National Highway,Odisha,148.87,238,266,2,37.02,6,9.92,5.6,802,2
LA-INFR-03351,Railway Corridor,Maharashtra,239.78,376,272,0,83.47,7,62.89,4.6,641,2
LA-INFR-03352,Metro Rail,Odisha,27.42,58,182,2,38.59,7,16.54,6.2,768,2
LA-INFR-03353,Railway Corridor,Bihar,281.11,441,303,0,86.16,13,44.96,3.0,1000,2
LA-INFR-03354,National Highway,Maharashtra,11.23,36,189,1,85.07,2,75.63,6.8,238,1
LA-INFR-03355,National Highway,Uttar Pradesh,87.38,156,313,1,75.75,2,67.4,8.1,352,2
LA-INFR-03356,Industrial Park,Uttar Pradesh,53.43,106,253,0,94.82,3,70.61,7.6,283,1
LA-INFR-03357,Railway Corridor,Bihar,90.1,158,293,0,83.94,4,67.17,7.1,405,2
LA-INFR-03358,Irrigation Dam,Maharashtra,148.86,240,368,1,82.27,5,65.39,4.7,563,2
LA-INFR-03359,Industrial Park,Maharashtra,1774.41,2685,262,1,81.04,12,35.74,2.4,1000,2
LA-INFR-03360,Irrigation Dam,Odisha,448.55,691,385,3,80.06,7,41.11,5.5,925,2
LA-INFR-03361,National Highway,Maharashtra,38.82,77,287,1,77.12,4,50.85,6.9,458,2
LA-INFR-03362,Industrial Park,Uttar Pradesh,127.12,207,228,0,95.99,8,54.51,6.2,617,2
LA-INFR-03363,National Highway,Bihar,37.95,76,185,0,86.73,3,67.14,6.2,273,1
LA-INFR-03364,Metro Rail,Bihar,27.52,58,226,1,60.55,4,35.5,6.4,488,2
LA-INFR-03365,Industrial Park,West Bengal,300.97,472,196,0,60.28,7,30.11,6.4,734,2
LA-INFR-03366,National Highway,Bihar,20.77,60,199,3,45.45,10,21.03,3.9,972,2
LA-INFR-03367,National Highway,West Bengal,122.24,204,312,3,22.77,11,0.0,3.8,1000,2
LA-INFR-03368,National Highway,Tamil Nadu,110.41,181,261,1,92.03,4,73.91,6.4,410,2
LA-INFR-03369,Industrial Park,Maharashtra,334.01,516,258,0,90.79,10,57.38,4.6,841,2
LA-INFR-03370,National Highway,Maharashtra,124.93,209,283,1,75.25,3,52.3,7.3,434,2
LA-INFR-03371,Railway Corridor,Bihar,143.85,237,260,0,79.33,3,57.68,5.2,376,2
LA-INFR-03372,National Highway,Uttar Pradesh,11.06,38,323,1,75.27,3,59.26,7.4,396,2
LA-INFR-03373,Industrial Park,West Bengal,422.09,651,125,0,70.45,10,30.07,5.7,908,2
LA-INFR-03374,Irrigation Dam,Tamil Nadu,254.25,402,300,2,46.6,7,19.08,3.8,884,2
LA-INFR-03375,Irrigation Dam,Uttar Pradesh,227.72,363,314,3,75.56,7,50.11,5.5,809,2
LA-INFR-03376,Irrigation Dam,Maharashtra,1620.61,2445,281,2,77.14,17,23.14,1.8,1000,2
LA-INFR-03377,National Highway,Uttar Pradesh,220.24,349,235,0,81.87,7,55.37,3.9,632,2
LA-INFR-03378,National Highway,Tamil Nadu,70.38,128,237,1,63.58,3,53.96,6.0,421,2
LA-INFR-03379,Industrial Park,Bihar,77.03,128,328,0,48.5,5,15.34,5.3,622,2
LA-INFR-03380,Railway Corridor,Bihar,26.02,68,275,3,80.45,4,70.49,6.6,498,2
LA-INFR-03381,Railway Corridor,Maharashtra,44.59,80,204,1,87.27,1,79.63,6.2,186,1
LA-INFR-03382,National Highway,Tamil Nadu,89.28,161,254,0,88.22,3,68.61,6.1,317,2
LA-INFR-03383,National Highway,Odisha,43.87,84,138,1,70.95,2,50.48,7.6,296,1
LA-INFR-03384,National Highway,Uttar Pradesh,45.43,97,237,0,86.13,2,70.64,8.1,236,1
LA-INFR-03385,Irrigation Dam,Bihar,175.77,278,354,2,29.02,15,0.0,2.0,1000,2
LA-INFR-03386,National Highway,Gujarat,66.09,111,184,0,91.08,1,85.03,6.5,130,1
LA-INFR-03387,Railway Corridor,Uttar Pradesh,21.33,47,219,1,71.44,3,58.69,6.5,368,2
LA-INFR-03388,National Highway,Tamil Nadu,69.16,121,195,1,83.38,4,59.82,6.6,406,2
LA-INFR-03389,Industrial Park,Maharashtra,131.63,226,183,2,39.75,5,13.77,7.5,693,2
LA-INFR-03390,National Highway,Tamil Nadu,13.96,38,263,1,79.11,3,60.96,7.2,361,2
LA-INFR-03391,Irrigation Dam,Maharashtra,81.87,143,401,1,73.61,3,62.27,8.9,456,2
LA-INFR-03392,Irrigation Dam,Gujarat,930.48,1420,375,1,82.27,17,25.77,2.0,1000,2
LA-INFR-03393,National Highway,West Bengal,141.89,237,208,3,60.95,4,35.84,7.6,607,2
LA-INFR-03394,Metro Rail,West Bengal,12.57,33,196,1,83.56,3,63.58,6.1,319,2
LA-INFR-03395,Metro Rail,West Bengal,42.18,81,209,2,52.1,3,42.79,7.6,480,2
LA-INFR-03396,Irrigation Dam,Tamil Nadu,404.79,633,338,3,16.15,15,0.0,2.2,1000,2
LA-INFR-03397,Irrigation Dam,Bihar,2060.22,3113,306,3,46.13,16,0.0,4.0,1000,2
LA-INFR-03398,National Highway,Odisha,12.82,41,282,2,34.55,3,31.54,6.5,556,2
LA-INFR-03399,Railway Corridor,Gujarat,20.96,55,219,0,74.31,2,55.54,9.0,266,1
LA-INFR-03400,National Highway,Bihar,275.71,433,268,1,77.98,11,42.8,5.3,973,2
LA-INFR-03401,National Highway,Gujarat,74.52,122,160,1,63.64,5,40.16,5.4,526,2
LA-INFR-03402,Metro Rail,Tamil Nadu,13.52,47,195,0,78.78,2,63.07,7.5,234,1
LA-INFR-03403,National Highway,Bihar,48.14,92,272,2,41.94,7,17.67,3.8,803,2
LA-INFR-03404,Industrial Park,Bihar,268.53,428,273,1,85.48,8,54.51,6.6,760,2
LA-INFR-03405,Irrigation Dam,Uttar Pradesh,230.84,365,289,2,75.04,9,43.6,2.3,889,2
LA-INFR-03406,Irrigation Dam,Maharashtra,1067.61,1620,365,1,80.72,13,32.85,1.2,1000,2
LA-INFR-03407,Metro Rail,Uttar Pradesh,76.19,130,246,2,40.44,8,15.77,4.6,869,2
LA-INFR-03408,National Highway,Bihar,22.21,57,194,2,33.5,10,0.83,3.1,984,2
LA-INFR-03409,National Highway,Uttar Pradesh,120.09,207,247,0,85.51,5,59.21,5.0,465,2
LA-INFR-03410,Railway Corridor,Bihar,87.25,154,150,1,94.65,2,72.97,6.9,233,1
LA-INFR-03411,National Highway,Gujarat,24.52,52,183,1,80.32,4,63.45,7.4,387,2
LA-INFR-03412,National Highway,Uttar Pradesh,12.27,35,259,2,56.26,1,49.16,8.6,350,2
LA-INFR-03413,Railway Corridor,Bihar,432.52,672,231,0,92.15,15,34.62,2.5,1000,2
LA-INFR-03414,Irrigation Dam,Maharashtra,207.31,327,354,2,60.87,11,14.7,4.1,1000,2
LA-INFR-03415,Railway Corridor,Maharashtra,260.3,414,221,0,93.43,7,60.16,5.2,609,2
LA-INFR-03416,National Highway,West Bengal,14.85,44,256,0,88.82,4,58.16,7.4,358,2
LA-INFR-03417,Industrial Park,Tamil Nadu,1005.0,1520,259,1,43.49,20,0.0,1.0,1000,2
LA-INFR-03418,National Highway,West Bengal,136.71,220,269,1,46.86,6,23.62,4.8,717,2
LA-INFR-03419,National Highway,Maharashtra,94.31,157,236,3,29.62,8,3.97,4.5,954,2
LA-INFR-03420,Irrigation Dam,Tamil Nadu,779.41,1191,330,2,88.79,19,20.89,1.0,1000,2
LA-INFR-03421,Industrial Park,Uttar Pradesh,72.41,134,202,1,47.28,6,33.41,6.5,654,2
LA-INFR-03422,Irrigation Dam,Uttar Pradesh,251.02,393,297,3,86.48,7,60.34,5.5,771,2
LA-INFR-03423,National Highway,Maharashtra,80.27,135,209,0,50.88,6,25.94,4.4,618,2
LA-INFR-03424,Irrigation Dam,Maharashtra,493.75,762,319,2,73.68,10,34.6,4.8,1000,2
LA-INFR-03425,Industrial Park,Uttar Pradesh,718.74,1106,310,0,85.46,9,46.79,4.0,985,2
LA-INFR-03426,Railway Corridor,Maharashtra,111.26,182,177,2,56.06,9,22.71,4.9,868,2
LA-INFR-03427,Industrial Park,Gujarat,274.7,433,281,0,65.26,10,30.66,2.4,924,2
LA-INFR-03428,Irrigation Dam,Uttar Pradesh,277.3,438,336,3,73.71,9,41.09,5.0,974,2
LA-INFR-03429,Railway Corridor,Maharashtra,34.28,67,219,2,73.37,2,58.68,8.2,348,2
LA-INFR-03430,Railway Corridor,Maharashtra,302.59,484,250,2,75.5,7,54.2,4.7,771,2
LA-INFR-03431,Metro Rail,Tamil Nadu,45.02,85,159,1,51.98,5,21.73,6.4,567,2
LA-INFR-03432,Irrigation Dam,Maharashtra,302.09,471,310,3,41.37,17,0.0,1.4,1000,2
LA-INFR-03433,Railway Corridor,Odisha,165.08,260,167,3,39.25,12,2.77,2.5,1000,2
LA-INFR-03434,Industrial Park,Gujarat,211.78,338,210,2,60.02,6,43.06,6.6,709,2
LA-INFR-03435,Railway Corridor,Uttar Pradesh,20.98,52,184,2,71.22,3,56.08,6.6,398,2
LA-INFR-03436,National Highway,Bihar,34.48,77,295,0,96.63,1,91.45,7.2,143,1
LA-INFR-03437,Railway Corridor,Maharashtra,113.33,193,200,1,49.87,5,38.44,6.6,597,2
LA-INFR-03438,Metro Rail,Tamil Nadu,27.82,49,111,0,83.76,0,73.6,8.2,57,0
LA-INFR-03439,Metro Rail,Bihar,16.03,43,213,0,64.77,4,42.08,7.1,420,2
LA-INFR-03440,National Highway,Uttar Pradesh,38.51,78,270,0,78.19,2,60.05,7.4,277,1
LA-INFR-03441,Railway Corridor,Uttar Pradesh,36.71,71,311,1,83.2,2,61.74,7.6,318,2
LA-INFR-03442,National Highway,Tamil Nadu,156.44,258,218,4,70.6,8,33.39,4.7,875,2
LA-INFR-03443,Metro Rail,Bihar,36.78,74,204,1,88.07,1,71.53,6.9,192,1
LA-INFR-03444,Metro Rail,Maharashtra,21.62,53,229,2,49.12,1,35.38,6.9,377,2
LA-INFR-03445,Industrial Park,Tamil Nadu,308.24,483,250,2,47.43,8,23.82,4.1,938,2
LA-INFR-03446,Irrigation Dam,Tamil Nadu,795.39,1217,293,3,45.65,11,5.86,3.1,1000,2
LA-INFR-03447,Industrial Park,Odisha,206.39,332,217,0,70.37,6,38.39,8.7,609,2
LA-INFR-03448,Railway Corridor,Maharashtra,41.35,88,227,1,34.43,3,20.04,7.3,520,2
LA-INFR-03449,National Highway,West Bengal,22.52,46,232,2,89.02,1,78.37,6.9,225,1
LA-INFR-03450,Railway Corridor,Tamil Nadu,37.1,75,222,2,73.45,3,55.8,7.8,414,2
LA-INFR-03451,Industrial Park,Maharashtra,936.34,1426,183,1,69.82,20,1.75,1.9,1000,2
LA-INFR-03452,Industrial Park,Tamil Nadu,51.14,93,246,2,77.14,3,51.28,6.3,425,2
LA-INFR-03453,Railway Corridor,Bihar,26.45,54,227,0,60.36,2,52.88,6.7,307,2
LA-INFR-03454,Metro Rail,Gujarat,8.71,32,227,0,97.04,1,82.58,5.8,114,1
LA-INFR-03455,National Highway,Maharashtra,117.33,195,175,1,91.31,1,72.68,7.3,203,1
LA-INFR-03456,Railway Corridor,Tamil Nadu,45.54,84,262,2,11.27,5,0.0,6.8,775,2
LA-INFR-03457,Industrial Park,Uttar Pradesh,560.92,861,182,1,91.36,11,46.75,3.3,1000,2
LA-INFR-03458,Industrial Park,Gujarat,134.46,219,310,0,81.28,6,55.76,4.6,569,2
LA-INFR-03459,Industrial Park,Uttar Pradesh,492.07,753,171,1,76.91,12,46.0,1.7,1000,2
LA-INFR-03460,National Highway,Gujarat,232.65,369,268,0,64.25,10,24.09,4.3,912,2
LA-INFR-03461,National Highway,Gujarat,22.09,55,134,2,50.96,6,31.59,5.0,639,2
LA-INFR-03462,Industrial Park,Uttar Pradesh,62.85,115,117,1,81.17,1,68.41,9.6,189,1
LA-INFR-03463,Railway Corridor,Odisha,34.55,65,202,1,67.07,2,52.41,7.3,324,2
LA-INFR-03464,National Highway,Gujarat,74.34,134,117,2,75.14,2,67.91,6.4,309,2
LA-INFR-03465,Industrial Park,Uttar Pradesh,70.24,125,266,2,86.53,2,72.78,8.1,332,2
LA-INFR-03466,Railway Corridor,Bihar,104.02,172,228,0,83.92,5,68.59,8.0,441,2
LA-INFR-03467,Industrial Park,Bihar,193.4,307,300,1,59.48,3,44.28,8.6,516,2
LA-INFR-03468,Irrigation Dam,Uttar Pradesh,781.24,1189,341,3,62.09,23,0.0,1.0,1000,2
LA-INFR-03469,National Highway,Maharashtra,45.05,88,242,2,83.05,1,70.07,6.3,265,1
LA-INFR-03470,National Highway,Uttar Pradesh,20.14,45,216,2,74.82,0,63.91,6.7,211,1
LA-INFR-03471,Irrigation Dam,Uttar Pradesh,603.85,920,306,3,78.88,16,25.18,2.3,1000,2
LA-INFR-03472,Industrial Park,Bihar,679.81,1040,209,2,77.12,10,40.0,3.7,1000,2
LA-INFR-03473,Industrial Park,Maharashtra,273.09,423,169,1,69.72,9,29.06,3.7,848,2
LA-INFR-03474,Irrigation Dam,Odisha,324.59,507,369,2,34.26,10,1.83,4.8,1000,2
LA-INFR-03475,Irrigation Dam,West Bengal,157.4,252,334,4,56.31,6,28.87,4.7,842,2
LA-INFR-03476,Metro Rail,Maharashtra,9.23,23,224,0,73.42,3,61.16,7.8,316,2
LA-INFR-03477,Railway Corridor,Tamil Nadu,50.37,97,371,2,53.85,6,27.14,4.6,743,2
LA-INFR-03478,Railway Corridor,Tamil Nadu,113.58,187,209,0,93.66,4,70.48,6.1,351,2
LA-INFR-03479,Railway Corridor,Gujarat,105.78,181,245,2,65.37,6,35.7,7.0,676,2
LA-INFR-03480,National Highway,Maharashtra,81.18,134,227,2,75.63,5,58.09,6.1,544,2
LA-INFR-03481,Railway Corridor,Uttar Pradesh,487.73,747,287,2,60.48,11,23.57,2.6,1000,2
LA-INFR-03482,National Highway,Gujarat,67.54,121,241,2,56.62,4,50.34,7.9,543,2
LA-INFR-03483,Metro Rail,Gujarat,9.45,36,216,1,69.23,4,56.61,7.5,431,2
LA-INFR-03484,Railway Corridor,West Bengal,97.08,170,344,2,64.5,5,40.85,7.4,649,2
LA-INFR-03485,Railway Corridor,West Bengal,82.0,146,187,1,71.82,8,32.89,3.1,711,2
LA-INFR-03486,Railway Corridor,Maharashtra,40.44,83,220,1,78.94,1,64.91,7.9,231,1
LA-INFR-03487,National Highway,Bihar,78.89,133,275,1,57.85,2,45.27,6.5,403,2
LA-INFR-03488,National Highway,Uttar Pradesh,26.25,65,189,2,84.52,1,64.06,7.0,241,1
LA-INFR-03489,Railway Corridor,Maharashtra,80.47,132,268,1,79.23,2,61.06,7.8,328,2
LA-INFR-03490,National Highway,Odisha,126.32,202,206,2,38.23,3,30.48,5.0,561,2
LA-INFR-03491,Industrial Park,Maharashtra,564.51,864,280,1,50.13,13,1.82,3.0,1000,2
LA-INFR-03492,Irrigation Dam,Bihar,513.09,782,398,4,80.21,13,28.82,4.3,1000,2
LA-INFR-03493,Irrigation Dam,Gujarat,127.65,207,345,1,62.86,4,47.17,6.5,556,2
LA-INFR-03494,Industrial Park,Maharashtra,1303.92,1981,179,0,60.92,19,0.0,1.5,1000,2
LA-INFR-03495,National Highway,Gujarat,38.29,74,210,2,67.05,4,48.41,6.5,494,2
LA-INFR-03496,Irrigation Dam,Gujarat,181.86,292,349,3,45.85,13,4.23,1.9,1000,2
LA-INFR-03497,Irrigation Dam,Tamil Nadu,436.42,673,394,1,24.74,17,0.0,3.1,1000,2
LA-INFR-03498,National Highway,Maharashtra,37.8,72,246,2,64.13,2,55.57,7.0,387,2
LA-INFR-03499,Industrial Park,Uttar Pradesh,244.32,380,256,0,71.6,10,37.89,2.7,876,2
LA-INFR-03500,National Highway,Bihar,25.37,47,247,1,67.6,1,59.47,6.2,268,1
LA-INFR-03501,Irrigation Dam,Uttar Pradesh,529.59,819,392,4,64.2,15,20.34,1.8,1000,2
LA-INFR-03502,Metro Rail,Uttar Pradesh,29.06,64,219,1,58.32,4,44.89,7.3,481,2
LA-INFR-03503,National Highway,Gujarat,13.46,38,238,2,75.23,4,54.34,6.4,468,2
LA-INFR-03504,Irrigation Dam,Maharashtra,182.36,293,351,3,74.21,6,44.97,4.1,755,2
LA-INFR-03505,Industrial Park,West Bengal,118.81,201,208,2,50.06,11,12.83,3.7,1000,2
LA-INFR-03506,Metro Rail,Maharashtra,19.43,52,280,0,59.75,4,41.42,7.5,463,2
LA-INFR-03507,Railway Corridor,Tamil Nadu,97.55,169,279,0,56.1,5,35.2,5.9,570,2
LA-INFR-03508,Irrigation Dam,Gujarat,118.02,195,410,4,64.76,7,34.49,6.7,889,2
LA-INFR-03509,National Highway,Uttar Pradesh,63.89,114,191,1,56.28,5,35.86,5.2,559,2
LA-INFR-03510,National Highway,Maharashtra,50.99,97,247,1,77.64,3,68.69,7.7,364,2
LA-INFR-03511,National Highway,Tamil Nadu,184.84,296,284,0,53.8,7,30.87,5.7,737,2
LA-INFR-03512,Metro Rail,West Bengal,16.33,38,305,4,65.14,2,53.31,7.7,482,2
LA-INFR-03513,Irrigation Dam,Tamil Nadu,265.45,415,274,0,47.75,6,31.17,6.0,720,2
LA-INFR-03514,Irrigation Dam,Uttar Pradesh,153.08,247,349,2,85.1,10,50.22,3.7,909,2
LA-INFR-03515,Metro Rail,Uttar Pradesh,24.92,58,220,1,64.81,4,44.7,6.7,464,2
LA-INFR-03516,National Highway,Gujarat,47.75,87,309,3,45.56,5,25.74,5.6,719,2
LA-INFR-03517,Railway Corridor,Gujarat,70.3,125,119,2,47.65,4,35.39,6.7,536,2
LA-INFR-03518,National Highway,Bihar,27.85,57,177,0,60.31,2,49.48,7.5,292,1
LA-INFR-03519,National Highway,Odisha,28.87,58,301,2,55.35,3,42.95,6.6,502,2
LA-INFR-03520,National Highway,Bihar,41.8,80,206,0,87.64,2,66.61,7.1,221,1
LA-INFR-03521,Railway Corridor,Bihar,60.31,110,164,1,74.91,1,61.79,6.2,230,1
LA-INFR-03522,National Highway,Maharashtra,18.3,57,305,1,62.38,1,52.85,7.7,313,2
LA-INFR-03523,National Highway,Bihar,126.87,211,158,2,49.56,5,35.26,6.6,629,2
LA-INFR-03524,National Highway,Bihar,59.02,109,281,0,68.88,9,44.44,4.6,752,2
LA-INFR-03525,National Highway,Maharashtra,128.55,208,151,0,78.44,8,42.09,4.9,646,2
LA-INFR-03526,Metro Rail,Bihar,21.75,55,157,2,68.76,2,52.78,5.8,338,2
LA-INFR-03527,Irrigation Dam,West Bengal,115.5,192,360,1,75.39,7,49.09,5.6,704,2
LA-INFR-03528,Metro Rail,Tamil Nadu,12.73,40,187,1,58.88,2,57.63,6.0,325,2
LA-INFR-03529,Railway Corridor,Tamil Nadu,131.63,224,243,2,39.04,8,6.15,4.0,908,2
LA-INFR-03530,National Highway,Gujarat,158.08,251,320,2,77.02,7,38.5,4.0,753,2
LA-INFR-03531,Irrigation Dam,Maharashtra,230.86,374,342,2,82.77,11,42.32,2.6,1000,2
LA-INFR-03532,National Highway,Tamil Nadu,40.02,81,311,1,42.34,6,13.36,5.7,720,2
LA-INFR-03533,National Highway,West Bengal,31.64,66,246,1,91.62,1,82.3,6.2,184,1
LA-INFR-03534,National Highway,Bihar,47.04,94,277,3,56.14,2,48.43,6.0,473,2
LA-INFR-03535,National Highway,Uttar Pradesh,27.4,74,112,2,69.81,1,58.73,9.2,255,1
LA-INFR-03536,National Highway,Maharashtra,38.19,76,261,1,43.16,5,21.6,7.9,627,2
LA-INFR-03537,Railway Corridor,Odisha,244.87,388,254,0,70.29,16,11.7,2.6,1000,2
LA-INFR-03538,Industrial Park,Bihar,51.38,96,211,2,76.1,3,59.82,6.5,404,2
LA-INFR-03539,National Highway,Odisha,31.76,66,324,1,90.0,6,56.4,6.7,551,2
LA-INFR-03540,National Highway,Tamil Nadu,47.98,89,205,1,86.85,1,72.86,8.1,198,1
LA-INFR-03541,Irrigation Dam,Tamil Nadu,206.69,329,269,4,37.14,9,2.78,2.5,1000,2
LA-INFR-03542,National Highway,Odisha,13.25,34,269,2,74.33,4,56.28,7.6,480,2
LA-INFR-03543,National Highway,Tamil Nadu,141.97,232,158,1,72.74,4,55.21,5.1,453,2
LA-INFR-03544,Irrigation Dam,Uttar Pradesh,106.21,180,353,2,69.15,4,57.28,5.9,564,2
LA-INFR-03545,National Highway,Bihar,78.09,133,296,1,92.46,5,63.31,6.3,483,2
LA-INFR-03546,National Highway,Odisha,62.42,102,254,2,21.6,0,17.71,8.3,430,2
LA-INFR-03547,Railway Corridor,Uttar Pradesh,77.56,138,217,1,32.61,7,13.02,5.6,783,2
LA-INFR-03548,National Highway,Uttar Pradesh,127.69,206,212,1,86.56,8,56.27,6.0,672,2
LA-INFR-03549,Railway Corridor,Maharashtra,25.15,55,293,0,25.03,5,4.23,6.3,661,2
LA-INFR-03550,Irrigation Dam,Gujarat,773.18,1176,289,2,61.55,19,0.0,1.0,1000,2
LA-INFR-03551,National Highway,Maharashtra,56.36,107,268,0,76.69,3,69.27,8.3,337,2
LA-INFR-03552,Railway Corridor,Tamil Nadu,90.6,163,339,1,72.42,6,39.22,5.5,647,2
LA-INFR-03553,Railway Corridor,Bihar,87.37,152,257,1,24.02,3,6.38,6.7,592,2
LA-INFR-03554,National Highway,Bihar,107.45,187,218,2,69.26,6,45.27,6.0,645,2
LA-INFR-03555,Industrial Park,Tamil Nadu,370.9,572,221,2,44.57,11,11.92,5.6,1000,2
LA-INFR-03556,National Highway,Maharashtra,22.56,50,205,2,57.25,2,41.14,6.5,399,2
LA-INFR-03557,Railway Corridor,Tamil Nadu,109.21,177,197,0,78.2,6,55.79,3.9,520,2
LA-INFR-03558,National Highway,West Bengal,15.72,46,235,1,41.03,4,19.88,6.4,556,2
LA-INFR-03559,Railway Corridor,Odisha,292.31,459,263,1,60.76,7,37.69,6.6,787,2
LA-INFR-03560,National Highway,Maharashtra,13.96,37,310,1,87.91,2,77.19,7.8,278,1
LA-INFR-03561,Irrigation Dam,Odisha,591.47,905,252,2,79.35,20,7.02,1.0,1000,2
LA-INFR-03562,National Highway,Tamil Nadu,65.14,112,108,0,89.39,0,84.84,8.0,44,0
LA-INFR-03563,Railway Corridor,Odisha,66.8,125,311,1,49.3,7,18.47,4.2,768,2
LA-INFR-03564,Railway Corridor,Bihar,34.95,66,232,2,82.65,3,52.98,5.0,397,2
LA-INFR-03565,Industrial Park,Bihar,380.7,583,235,2,54.16,18,0.0,1.0,1000,2
LA-INFR-03566,Railway Corridor,Gujarat,158.48,254,255,2,79.99,7,52.92,4.2,703,2
LA-INFR-03567,Industrial Park,Odisha,198.43,320,220,2,38.67,16,0.0,1.3,1000,2
LA-INFR-03568,Irrigation Dam,Bihar,463.28,716,448,3,84.2,16,33.15,1.0,1000,2
LA-INFR-03569,Irrigation Dam,Uttar Pradesh,129.9,208,374,2,68.48,10,26.43,5.7,979,2
LA-INFR-03570,National Highway,Uttar Pradesh,19.42,49,207,0,83.16,1,71.79,8.5,158,1
LA-INFR-03571,Railway Corridor,Uttar Pradesh,60.0,99,212,0,88.93,3,68.83,6.3,283,1
LA-INFR-03572,Irrigation Dam,Uttar Pradesh,469.86,725,342,3,48.62,14,1.69,2.4,1000,2
LA-INFR-03573,Metro Rail,Uttar Pradesh,7.56,27,191,0,84.58,0,87.63,9.1,63,0
LA-INFR-03574,Irrigation Dam,Odisha,157.69,258,434,2,76.19,10,37.61,4.3,983,2
LA-INFR-03575,Railway Corridor,Maharashtra,141.1,230,236,0,53.71,5,28.44,5.7,584,2
LA-INFR-03576,National Highway,Tamil Nadu,32.67,66,171,3,36.58,3,22.65,7.3,564,2
LA-INFR-03577,Railway Corridor,Maharashtra,81.49,145,250,2,49.86,3,40.1,6.5,522,2
LA-INFR-03578,Industrial Park,Uttar Pradesh,359.26,566,301,3,83.67,11,44.72,3.5,1000,2
LA-INFR-03579,Railway Corridor,Maharashtra,57.8,114,283,2,76.97,2,68.47,8.9,365,2
LA-INFR-03580,Railway Corridor,Uttar Pradesh,58.58,106,192,3,62.57,4,53.56,6.8,541,2
LA-INFR-03581,Irrigation Dam,West Bengal,185.8,300,294,3,75.07,8,52.59,4.7,843,2
LA-INFR-03582,Railway Corridor,Odisha,32.07,63,301,1,43.63,8,11.26,3.8,831,2
LA-INFR-03583,Irrigation Dam,Uttar Pradesh,761.44,1163,268,3,55.03,13,14.28,3.3,1000,2
LA-INFR-03584,Railway Corridor,Bihar,163.13,267,248,1,49.11,9,8.46,5.4,913,2
LA-INFR-03585,National Highway,Bihar,11.3,38,201,2,75.93,4,61.8,7.6,443,2
LA-INFR-03586,Railway Corridor,Odisha,147.0,236,295,1,82.14,9,39.19,7.0,805,2
LA-INFR-03587,Irrigation Dam,West Bengal,331.13,512,297,3,64.13,12,14.0,2.2,1000,2
LA-INFR-03588,National Highway,Bihar,10.58,38,190,1,81.57,1,69.46,5.6,195,1
LA-INFR-03589,National Highway,Tamil Nadu,26.24,63,260,0,66.95,4,52.91,7.4,426,2
LA-INFR-03590,Metro Rail,Odisha,7.28,30,269,2,85.73,1,69.47,6.4,254,1
LA-INFR-03591,National Highway,Maharashtra,42.89,83,297,1,60.34,5,36.66,4.8,582,2
LA-INFR-03592,Railway Corridor,Bihar,65.55,121,253,2,72.9,2,55.44,7.8,381,2
LA-INFR-03593,Railway Corridor,Gujarat,177.83,284,247,3,55.74,7,29.91,5.5,836,2
LA-INFR-03594,Railway Corridor,West Bengal,153.91,244,282,0,79.75,6,58.38,5.0,565,2
LA-INFR-03595,Industrial Park,Bihar,326.12,508,161,4,67.02,13,21.41,2.0,1000,2
LA-INFR-03596,National Highway,Bihar,58.58,108,186,3,76.58,2,59.82,7.2,376,2
LA-INFR-03597,Railway Corridor,Uttar Pradesh,21.16,59,165,1,82.74,3,73.14,6.3,303,2
LA-INFR-03598,Railway Corridor,Bihar,140.11,229,95,2,87.54,2,77.88,7.3,283,1
LA-INFR-03599,Industrial Park,Tamil Nadu,178.34,288,272,0,88.07,6,57.35,4.6,553,2
LA-INFR-03600,National Highway,Bihar,22.4,54,301,3,70.82,3,50.27,5.9,494,2
LA-INFR-03601,Railway Corridor,West Bengal,99.14,159,257,1,60.63,4,40.54,4.9,522,2
LA-INFR-03602,National Highway,Odisha,48.37,89,249,2,77.61,3,65.75,7.2,407,2
LA-INFR-03603,National Highway,Maharashtra,50.59,94,234,1,69.44,2,43.54,6.6,349,2
LA-INFR-03604,National Highway,Bihar,11.12,34,232,2,43.44,5,30.65,6.7,633,2
LA-INFR-03605,National Highway,Bihar,19.61,46,314,1,72.46,2,57.42,5.0,344,2
LA-INFR-03606,Irrigation Dam,Tamil Nadu,190.49,300,427,3,86.1,8,47.37,3.4,875,2
LA-INFR-03607,National Highway,Uttar Pradesh,79.07,137,200,3,76.95,4,57.96,6.2,511,2
LA-INFR-03608,Metro Rail,Tamil Nadu,10.28,33,285,2,88.64,3,72.18,6.1,371,2
LA-INFR-03609,Metro Rail,Odisha,18.06,43,291,2,49.9,1,46.27,6.5,384,2
LA-INFR-03610,Railway Corridor,Bihar,276.3,439,262,1,54.1,16,6.43,1.3,1000,2
LA-INFR-03611,National Highway,Gujarat,141.67,224,249,3,76.33,8,46.43,4.5,810,2
LA-INFR-03612,Railway Corridor,Gujarat,112.78,182,247,2,13.2,4,2.41,7.3,728,2
LA-INFR-03613,Irrigation Dam,Maharashtra,990.62,1502,275,4,77.49,10,40.06,4.3,1000,2
LA-INFR-03614,Railway Corridor,Uttar Pradesh,168.82,278,151,2,64.64,5,46.5,7.1,593,2
LA-INFR-03615,National Highway,Gujarat,92.4,155,269,0,58.18,5,34.31,7.5,559,2
LA-INFR-03616,Railway Corridor,Gujarat,88.22,149,174,2,65.18,6,38.7,5.0,636,2
LA-INFR-03617,Irrigation Dam,Maharashtra,805.61,1227,280,3,83.16,16,19.01,2.7,1000,2
LA-INFR-03618,Irrigation Dam,Maharashtra,296.04,464,246,2,78.45,9,51.86,5.3,880,2
LA-INFR-03619,National Highway,Maharashtra,12.05,34,206,2,76.8,1,62.97,7.6,260,1
LA-INFR-03620,Industrial Park,Gujarat,572.16,872,248,1,75.97,15,28.75,2.5,1000,2
LA-INFR-03621,National Highway,Maharashtra,31.25,70,252,2,88.66,1,83.09,7.8,234,1
LA-INFR-03622,National Highway,Bihar,121.9,205,272,2,61.02,0,47.19,7.9,330,2
LA-INFR-03623,Irrigation Dam,Odisha,300.3,465,330,3,81.53,14,32.06,2.7,1000,2
LA-INFR-03624,National Highway,Maharashtra,46.3,90,235,1,52.06,1,47.13,7.9,327,2
LA-INFR-03625,National Highway,Tamil Nadu,41.45,84,272,0,90.6,2,72.78,8.2,233,1
LA-INFR-03626,National Highway,Uttar Pradesh,51.26,102,253,1,79.77,4,52.95,5.4,441,2
LA-INFR-03627,Irrigation Dam,Odisha,565.05,875,320,3,87.52,9,59.18,5.2,1000,2
LA-INFR-03628,Irrigation Dam,Uttar Pradesh,997.44,1521,364,2,56.51,17,3.1,1.0,1000,2
LA-INFR-03629,Industrial Park,Tamil Nadu,350.26,545,130,1,25.29,12,0.0,3.1,1000,2
LA-INFR-03630,Irrigation Dam,Tamil Nadu,450.76,694,350,1,77.59,15,19.6,2.3,1000,2
LA-INFR-03631,National Highway,Uttar Pradesh,17.7,49,199,1,88.44,0,74.53,5.5,118,1
LA-INFR-03632,Railway Corridor,Maharashtra,155.43,259,305,1,91.3,4,71.01,6.1,453,2
LA-INFR-03633,Railway Corridor,Bihar,145.18,236,181,1,75.53,7,44.65,5.6,649,2
LA-INFR-03634,National Highway,Uttar Pradesh,74.98,134,235,0,78.15,6,53.43,5.5,526,2
LA-INFR-03635,Railway Corridor,Odisha,100.03,170,208,0,85.67,5,63.97,5.1,434,2
LA-INFR-03636,Metro Rail,Odisha,19.16,49,202,2,46.81,1,36.87,8.3,369,2
LA-INFR-03637,National Highway,Bihar,45.84,97,248,1,36.52,3,32.34,6.0,511,2
LA-INFR-03638,National Highway,Tamil Nadu,66.94,116,209,0,76.02,3,55.64,7.0,334,2
LA-INFR-03639,National Highway,Tamil Nadu,79.94,149,322,0,60.15,4,37.39,6.3,509,2
LA-INFR-03640,National Highway,Odisha,53.14,98,131,1,60.99,2,50.99,7.1,321,2
LA-INFR-03641,Metro Rail,Bihar,14.94,46,261,2,39.26,7,16.74,5.4,794,2
LA-INFR-03642,Railway Corridor,Uttar Pradesh,86.96,157,225,1,70.46,2,52.41,6.6,349,2
LA-INFR-03643,Railway Corridor,Uttar Pradesh,68.04,128,227,1,68.65,3,51.07,7.7,408,2
LA-INFR-03644,Irrigation Dam,Bihar,626.96,960,365,3,49.34,16,0.0,1.0,1000,2
LA-INFR-03645,National Highway,Bihar,66.94,113,279,3,73.83,3,54.62,7.6,488,2
LA-INFR-03646,Railway Corridor,Bihar,48.29,91,243,1,73.41,3,61.08,6.4,381,2
LA-INFR-03647,Railway Corridor,Maharashtra,90.79,159,280,1,81.45,4,54.84,4.4,461,2
LA-INFR-03648,Railway Corridor,West Bengal,35.3,71,232,1,91.35,3,67.76,6.0,318,2
LA-INFR-03649,Metro Rail,Uttar Pradesh,10.47,39,178,2,87.42,2,68.53,8.5,277,1
LA-INFR-03650,Irrigation Dam,Maharashtra,436.66,676,345,4,61.08,9,33.67,5.6,1000,2
LA-INFR-03651,Railway Corridor,Bihar,50.2,97,287,1,61.48,8,36.33,2.8,759,2
LA-INFR-03652,Irrigation Dam,Uttar Pradesh,456.62,701,329,1,83.05,14,22.26,1.7,1000,2
LA-INFR-03653,National Highway,Tamil Nadu,59.25,107,175,0,68.27,6,34.51,3.7,543,2
LA-INFR-03654,National Highway,Uttar Pradesh,63.59,112,260,3,58.31,2,46.92,7.3,468,2
LA-INFR-03655,National Highway,Bihar,224.64,363,246,1,77.64,3,52.84,6.1,453,2
LA-INFR-03656,National Highway,Bihar,36.92,87,191,1,17.07,4,9.39,6.8,621,2
LA-INFR-03657,Railway Corridor,Uttar Pradesh,162.36,256,218,3,61.31,3,35.18,7.5,557,2
LA-INFR-03658,Industrial Park,Maharashtra,521.19,799,220,0,94.43,16,33.23,3.1,1000,2
LA-INFR-03659,Metro Rail,Odisha,62.82,119,230,2,74.2,4,55.82,8.1,487,2
LA-INFR-03660,Railway Corridor,Bihar,41.27,87,262,2,83.77,5,67.76,7.9,513,2
LA-INFR-03661,Railway Corridor,Bihar,307.14,479,209,1,54.95,19,0.0,1.3,1000,2
LA-INFR-03662,National Highway,Maharashtra,66.33,120,264,0,53.14,6,31.4,5.5,623,2
LA-INFR-03663,National Highway,Bihar,79.84,141,203,1,65.35,5,44.7,4.2,538,2
LA-INFR-03664,Railway Corridor,Tamil Nadu,33.1,71,313,0,77.36,1,71.33,6.8,221,1
LA-INFR-03665,Railway Corridor,Tamil Nadu,97.68,169,314,1,64.69,7,38.76,3.8,718,2
LA-INFR-03666,Irrigation Dam,West Bengal,287.97,452,307,2,80.61,7,55.24,5.7,772,2
LA-INFR-03667,National Highway,Maharashtra,30.12,59,168,1,70.69,1,64.41,9.7,225,1
LA-INFR-03668,National Highway,Uttar Pradesh,145.81,235,278,1,88.52,4,73.11,5.5,441,2
LA-INFR-03669,Railway Corridor,Odisha,359.31,563,242,0,94.93,15,29.57,1.0,1000,2
LA-INFR-03670,National Highway,Gujarat,20.75,49,257,0,34.3,4,11.26,5.4,553,2
LA-INFR-03671,National Highway,Maharashtra,11.58,41,197,2,80.79,2,70.1,9.0,300,2
LA-INFR-03672,Industrial Park,Bihar,405.92,629,223,0,60.01,12,27.82,4.5,1000,2
LA-INFR-03673,National Highway,Uttar Pradesh,30.26,72,212,1,52.84,5,34.18,7.1,567,2
LA-INFR-03674,Industrial Park,Maharashtra,264.2,410,245,3,42.69,13,0.0,1.5,1000,2
LA-INFR-03675,National Highway,Uttar Pradesh,59.06,110,167,1,79.28,4,64.27,7.3,397,2
LA-INFR-03676,National Highway,Maharashtra,38.03,83,225,2,73.51,1,69.77,7.7,280,1
LA-INFR-03677,Railway Corridor,West Bengal,313.81,477,167,0,78.22,12,37.77,4.1,970,2
LA-INFR-03678,Irrigation Dam,Bihar,1334.24,2023,324,3,69.8,7,41.64,4.1,1000,2
LA-INFR-03679,Railway Corridor,Maharashtra,179.86,285,225,1,49.9,7,24.16,5.2,769,2
LA-INFR-03680,Irrigation Dam,Maharashtra,389.17,607,375,2,46.64,12,7.29,2.6,1000,2
LA-INFR-03681,National Highway,Odisha,123.63,206,259,3,57.42,9,31.3,5.1,934,2
LA-INFR-03682,Irrigation Dam,Maharashtra,294.86,459,388,2,74.01,9,41.71,6.6,959,2
LA-INFR-03683,National Highway,Tamil Nadu,53.08,98,155,0,60.87,6,38.95,4.3,546,2
LA-INFR-03684,Industrial Park,Uttar Pradesh,125.71,203,293,1,91.77,3,78.37,6.6,364,2
LA-INFR-03685,Railway Corridor,Tamil Nadu,31.48,60,197,1,75.46,4,55.67,7.4,416,2
LA-INFR-03686,Metro Rail,Uttar Pradesh,7.24,29,201,1,53.85,3,40.75,6.4,421,2
LA-INFR-03687,Railway Corridor,Maharashtra,35.28,72,243,1,59.17,4,51.07,5.6,483,2
LA-INFR-03688,National Highway,Uttar Pradesh,30.63,67,213,1,73.02,1,59.54,7.7,245,1
LA-INFR-03689,National Highway,Maharashtra,104.9,179,248,1,64.34,5,40.05,5.6,574,2
LA-INFR-03690,Irrigation Dam,Bihar,230.29,370,377,1,86.52,7,52.57,7.0,726,2
LA-INFR-03691,Railway Corridor,Tamil Nadu,142.58,230,191,1,41.09,13,0.0,3.1,1000,2
LA-INFR-03692,Irrigation Dam,Uttar Pradesh,133.79,224,340,3,46.69,10,13.9,4.5,1000,2
LA-INFR-03693,National Highway,Maharashtra,21.08,53,222,1,41.62,5,12.87,5.1,620,2
LA-INFR-03694,National Highway,Bihar,69.89,131,277,2,43.79,7,23.23,5.3,804,2
LA-INFR-03695,National Highway,Tamil Nadu,15.37,45,206,2,50.77,3,31.28,6.7,486,2
LA-INFR-03696,Metro Rail,Gujarat,25.35,52,204,2,67.79,4,51.26,7.1,481,2
LA-INFR-03697,Industrial Park,Tamil Nadu,451.22,711,178,1,63.01,18,3.34,1.5,1000,2
LA-INFR-03698,Metro Rail,Bihar,34.48,69,184,2,76.26,2,48.46,6.6,340,2
LA-INFR-03699,National Highway,Tamil Nadu,18.3,43,162,3,70.18,1,48.33,7.7,319,2
LA-INFR-03700,Industrial Park,Gujarat,637.44,970,194,0,16.47,21,0.0,1.0,1000,2
LA-INFR-03701,Industrial Park,Odisha,157.44,254,309,2,67.8,7,45.91,4.6,763,2
LA-INFR-03702,National Highway,Uttar Pradesh,91.21,160,264,2,66.88,8,26.82,6.7,805,2
LA-INFR-03703,Irrigation Dam,Uttar Pradesh,102.93,180,413,3,76.82,2,68.7,6.0,474,2
LA-INFR-03704,Metro Rail,Uttar Pradesh,6.81,32,182,1,52.97,1,35.84,7.3,302,2
LA-INFR-03705,Irrigation Dam,Bihar,394.5,607,252,2,78.85,12,24.03,2.3,1000,2
LA-INFR-03706,Industrial Park,West Bengal,97.17,164,245,1,75.72,6,51.63,6.1,587,2
LA-INFR-03707,National Highway,Bihar,27.01,55,322,0,67.73,2,54.79,7.2,325,2
LA-INFR-03708,National Highway,Maharashtra,236.72,373,205,3,75.36,6,41.02,4.3,720,2
LA-INFR-03709,Metro Rail,West Bengal,59.34,107,235,1,75.87,3,53.27,8.9,385,2
LA-INFR-03710,National Highway,Odisha,41.96,86,151,1,69.73,2,58.28,6.6,295,1
LA-INFR-03711,Industrial Park,Uttar Pradesh,1565.31,2371,231,0,76.15,18,12.68,1.0,1000,2
LA-INFR-03712,Industrial Park,Tamil Nadu,251.16,401,223,1,76.35,11,38.82,3.8,955,2
LA-INFR-03713,Industrial Park,Bihar,289.83,451,125,2,80.94,10,41.16,4.1,895,2
LA-INFR-03714,Metro Rail,Odisha,18.74,57,178,1,60.41,4,47.3,5.8,454,2
LA-INFR-03715,National Highway,Odisha,24.26,55,174,1,53.6,3,33.51,6.0,426,2
LA-INFR-03716,National Highway,Bihar,58.84,108,151,0,71.31,3,58.12,6.8,317,2
LA-INFR-03717,National Highway,Tamil Nadu,102.8,178,193,1,67.49,4,42.4,5.3,481,2
LA-INFR-03718,Railway Corridor,Odisha,48.94,90,255,2,44.12,5,26.25,6.9,661,2
LA-INFR-03719,National Highway,Bihar,15.31,32,198,0,77.09,1,69.58,8.4,168,1
LA-INFR-03720,National Highway,Uttar Pradesh,47.48,89,287,0,34.46,8,1.7,4.9,827,2
LA-INFR-03721,Irrigation Dam,West Bengal,305.24,480,331,2,55.12,14,9.5,1.2,1000,2
LA-INFR-03722,Metro Rail,Uttar Pradesh,22.14,53,246,1,78.21,3,64.21,5.7,356,2
LA-INFR-03723,National Highway,Uttar Pradesh,24.9,56,254,1,86.99,3,71.79,7.2,329,2
LA-INFR-03724,Railway Corridor,Odisha,21.03,51,306,1,77.04,2,59.61,7.6,328,2
LA-INFR-03725,Metro Rail,West Bengal,71.88,120,194,0,84.87,2,68.57,7.2,232,1
LA-INFR-03726,National Highway,Bihar,289.17,448,252,1,72.41,10,43.72,4.5,923,2
LA-INFR-03727,National Highway,Uttar Pradesh,108.91,186,182,0,84.24,6,53.39,6.1,504,2
LA-INFR-03728,National Highway,Uttar Pradesh,22.51,42,316,0,67.46,2,55.41,7.2,319,2
LA-INFR-03729,Railway Corridor,Uttar Pradesh,90.03,149,178,1,49.27,5,28.31,6.1,590,2
LA-INFR-03730,National Highway,Maharashtra,34.95,75,249,1,51.17,2,41.74,5.6,398,2
LA-INFR-03731,Metro Rail,West Bengal,6.6,33,307,0,75.06,1,71.58,7.6,214,1
LA-INFR-03732,Railway Corridor,Uttar Pradesh,115.76,187,170,0,53.06,6,26.8,5.4,610,2
LA-INFR-03733,Railway Corridor,Bihar,283.35,441,259,2,78.43,19,15.41,1.0,1000,2
LA-INFR-03734,National Highway,Uttar Pradesh,87.24,155,180,1,88.33,2,77.04,7.8,256,1
LA-INFR-03735,Railway Corridor,Gujarat,239.85,374,346,0,62.52,10,24.61,3.9,949,2
LA-INFR-03736,Industrial Park,Uttar Pradesh,972.24,1484,135,0,54.61,23,0.0,1.0,1000,2
LA-INFR-03737,Irrigation Dam,Maharashtra,784.42,1188,274,2,60.4,15,9.86,1.0,1000,2
LA-INFR-03738,Irrigation Dam,Maharashtra,165.32,269,293,4,46.06,7,20.57,5.0,925,2
LA-INFR-03739,Railway Corridor,Tamil Nadu,69.09,124,175,1,72.85,2,51.37,7.8,315,2
LA-INFR-03740,Metro Rail,Tamil Nadu,7.16,36,256,1,86.13,6,55.58,5.2,526,2
LA-INFR-03741,Irrigation Dam,Bihar,361.91,561,439,2,76.79,18,18.75,1.0,1000,2
LA-INFR-03742,Irrigation Dam,Bihar,467.83,718,407,2,60.3,17,1.01,1.4,1000,2
LA-INFR-03743,National Highway,Maharashtra,73.65,134,241,2,65.55,2,55.31,7.2,398,2
LA-INFR-03744,National Highway,Bihar,15.98,44,230,1,73.83,2,55.19,8.5,309,2
LA-INFR-03745,National Highway,Bihar,33.04,73,199,1,87.5,6,61.38,6.1,503,2
LA-INFR-03746,Industrial Park,Maharashtra,69.58,126,249,1,48.81,4,32.55,6.9,548,2
LA-INFR-03747,Railway Corridor,Maharashtra,65.29,105,219,1,47.47,4,32.22,6.7,535,2
LA-INFR-03748,Railway Corridor,Maharashtra,38.47,79,239,2,78.59,3,59.85,8.0,404,2
LA-INFR-03749,Irrigation Dam,Maharashtra,129.81,216,312,0,57.57,6,34.61,6.0,653,2
LA-INFR-03750,Irrigation Dam,Tamil Nadu,407.4,634,289,3,30.38,15,0.0,1.0,1000,2
LA-INFR-03751,Metro Rail,Maharashtra,10.95,33,231,2,52.34,2,43.2,8.2,415,2
LA-INFR-03752,National Highway,Uttar Pradesh,27.17,58,230,1,84.18,1,80.12,6.8,197,1
LA-INFR-03753,Industrial Park,Maharashtra,261.79,415,200,1,76.26,19,10.77,1.0,1000,2
LA-INFR-03754,National Highway,Gujarat,22.85,56,191,1,70.46,4,38.46,5.2,445,2
LA-INFR-03755,National Highway,Odisha,61.31,107,257,1,73.52,5,54.93,4.3,518,2
LA-INFR-03756,National Highway,Uttar Pradesh,33.86,67,252,3,67.78,1,67.83,7.3,344,2
LA-INFR-03757,National Highway,Uttar Pradesh,113.0,200,323,2,83.52,6,57.86,7.3,640,2
LA-INFR-03758,Railway Corridor,Uttar Pradesh,108.37,177,299,1,81.97,6,52.92,4.6,595,2
LA-INFR-03759,Irrigation Dam,Bihar,321.73,496,290,2,21.92,19,0.0,1.0,1000,2
LA-INFR-03760,National Highway,Maharashtra,10.83,38,220,2,56.78,4,44.94,5.7,518,2
LA-INFR-03761,Industrial Park,Tamil Nadu,142.64,233,161,1,76.92,10,39.91,2.1,823,2
LA-INFR-03762,Railway Corridor,Bihar,76.38,130,138,0,82.55,2,64.92,8.5,222,1
LA-INFR-03763,National Highway,Odisha,238.25,381,339,2,76.8,12,28.19,5.1,1000,2
LA-INFR-03764,Railway Corridor,Maharashtra,235.56,377,304,2,80.57,3,67.09,6.6,496,2
LA-INFR-03765,National Highway,Odisha,50.41,90,198,4,72.28,1,77.71,6.8,346,2
LA-INFR-03766,Railway Corridor,West Bengal,118.32,201,292,0,73.76,4,48.54,5.9,464,2
LA-INFR-03767,Railway Corridor,Maharashtra,61.26,101,299,1,77.65,1,70.02,6.6,265,1
LA-INFR-03768,National Highway,Uttar Pradesh,95.32,163,133,2,67.33,4,52.04,6.5,482,2
LA-INFR-03769,National Highway,Maharashtra,22.7,48,272,1,87.86,2,67.47,8.1,278,1
LA-INFR-03770,Railway Corridor,Uttar Pradesh,110.34,181,205,2,52.08,5,35.9,7.7,633,2
LA-INFR-03771,Metro Rail,Uttar Pradesh,19.04,43,249,0,66.4,4,57.94,5.6,412,2
LA-INFR-03772,National Highway,Tamil Nadu,97.73,170,380,0,60.1,7,37.87,4.3,718,2
LA-INFR-03773,Industrial Park,Bihar,187.25,296,309,0,70.37,6,43.5,6.2,631,2
LA-INFR-03774,Industrial Park,Gujarat,385.24,597,223,1,81.28,13,27.35,2.5,1000,2
LA-INFR-03775,Metro Rail,Maharashtra,6.17,28,301,1,75.01,3,60.74,6.7,384,2
LA-INFR-03776,Irrigation Dam,Gujarat,461.99,710,253,1,77.23,19,11.78,1.0,1000,2
LA-INFR-03777,Railway Corridor,Uttar Pradesh,171.18,274,255,0,89.45,6,65.79,5.9,529,2
LA-INFR-03778,Industrial Park,West Bengal,232.57,377,256,1,57.32,12,14.09,3.7,1000,2
LA-INFR-03779,Irrigation Dam,Uttar Pradesh,725.2,1105,385,1,78.58,7,45.14,5.2,954,2
LA-INFR-03780,Railway Corridor,Maharashtra,84.04,146,204,1,84.47,4,64.39,5.7,408,2
LA-INFR-03781,National Highway,Odisha,10.83,37,249,0,99.21,2,89.11,8.2,171,1
LA-INFR-03782,National Highway,Uttar Pradesh,36.32,73,272,1,72.79,4,57.58,6.2,453,2
LA-INFR-03783,Irrigation Dam,Tamil Nadu,358.41,556,233,2,64.74,14,14.86,3.8,1000,2
LA-INFR-03784,Irrigation Dam,Tamil Nadu,267.32,420,334,4,74.87,11,28.49,2.6,1000,2
LA-INFR-03785,National Highway,Bihar,25.1,53,184,3,80.15,6,52.68,5.1,601,2
LA-INFR-03786,Railway Corridor,Bihar,35.57,79,263,1,83.44,3,64.51,5.4,356,2
LA-INFR-03787,Railway Corridor,West Bengal,293.18,458,298,2,77.25,15,24.27,2.7,1000,2
LA-INFR-03788,National Highway,Maharashtra,91.2,159,199,1,74.0,7,55.5,5.6,626,2
LA-INFR-03789,Metro Rail,Tamil Nadu,14.52,42,175,3,69.08,2,54.62,7.8,379,2
LA-INFR-03790,National Highway,Odisha,27.33,52,235,1,83.51,2,69.82,6.8,272,1
LA-INFR-03791,National Highway,Maharashtra,27.49,61,172,2,66.1,1,60.38,8.4,284,1
LA-INFR-03792,Railway Corridor,Maharashtra,153.33,242,218,2,56.96,12,17.8,3.8,1000,2
LA-INFR-03793,Industrial Park,West Bengal,431.83,667,213,2,80.84,10,50.08,3.5,977,2
LA-INFR-03794,National Highway,Bihar,135.48,218,259,0,80.65,7,48.86,7.1,618,2
LA-INFR-03795,Industrial Park,Bihar,567.57,865,245,1,69.59,21,0.0,1.0,1000,2
LA-INFR-03796,Railway Corridor,Maharashtra,137.74,228,238,1,83.44,3,64.26,7.0,386,2
LA-INFR-03797,National Highway,Bihar,62.25,109,311,0,74.05,5,47.0,6.9,508,2
LA-INFR-03798,National Highway,Maharashtra,153.59,251,243,2,46.12,12,5.78,2.4,1000,2
LA-INFR-03799,Railway Corridor,Bihar,401.67,619,209,1,78.52,16,23.45,1.6,1000,2
LA-INFR-03800,National Highway,West Bengal,145.04,233,215,1,64.49,6,38.38,4.9,637,2
LA-INFR-03801,Metro Rail,Uttar Pradesh,31.59,59,191,0,80.84,2,69.49,6.0,223,1
LA-INFR-03802,Irrigation Dam,Bihar,689.27,1055,299,0,89.95,11,50.83,4.1,1000,2
LA-INFR-03803,Metro Rail,Gujarat,24.18,57,160,2,85.11,2,66.95,4.6,282,1
LA-INFR-03804,National Highway,Tamil Nadu,106.02,172,286,1,69.09,2,59.06,5.7,373,2
LA-INFR-03805,Metro Rail,Odisha,26.4,65,194,2,79.23,3,56.54,7.6,385,2
LA-INFR-03806,Railway Corridor,Bihar,445.56,687,245,2,78.28,14,23.81,1.0,1000,2
LA-INFR-03807,National Highway,West Bengal,29.0,65,215,2,48.71,1,47.99,7.0,360,2
LA-INFR-03808,National Highway,Maharashtra,30.69,65,228,0,61.07,7,32.83,5.5,633,2
LA-INFR-03809,National Highway,Maharashtra,17.89,48,287,2,81.04,1,68.92,8.1,278,1
LA-INFR-03810,Industrial Park,Uttar Pradesh,198.44,319,238,1,50.55,10,23.83,4.5,961,2
LA-INFR-03811,Railway Corridor,Bihar,341.14,527,183,2,69.13,9,36.09,5.1,914,2
LA-INFR-03812,National Highway,Odisha,32.48,66,201,1,35.85,3,21.97,5.7,498,2
LA-INFR-03813,Industrial Park,Uttar Pradesh,471.37,729,272,3,79.64,15,22.18,2.5,1000,2
LA-INFR-03814,National Highway,Tamil Nadu,63.36,111,254,1,58.28,1,51.77,7.1,320,2
LA-INFR-03815,Railway Corridor,West Bengal,28.93,62,276,1,58.53,3,50.92,4.1,436,2
LA-INFR-03816,Railway Corridor,Tamil Nadu,50.35,91,218,2,53.7,6,29.99,7.2,678,2
LA-INFR-03817,Irrigation Dam,Uttar Pradesh,488.46,750,280,3,39.24,19,0.0,1.0,1000,2
LA-INFR-03818,Irrigation Dam,Tamil Nadu,232.06,368,375,3,59.98,13,14.25,2.8,1000,2
LA-INFR-03819,Railway Corridor,Uttar Pradesh,31.22,59,242,1,70.74,2,53.89,6.4,328,2
LA-INFR-03820,Railway Corridor,Maharashtra,327.71,517,243,1,77.25,11,34.1,4.1,997,2
LA-INFR-03821,Railway Corridor,Gujarat,52.65,92,160,0,81.27,4,57.42,6.0,353,2
LA-INFR-03822,Irrigation Dam,Maharashtra,186.71,311,317,2,77.25,4,64.41,5.6,555,2
LA-INFR-03823,National Highway,Maharashtra,40.37,82,183,2,76.85,1,71.82,10.0,253,1
LA-INFR-03824,National Highway,Odisha,64.83,109,249,1,78.5,5,57.6,3.2,500,2
LA-INFR-03825,National Highway,Uttar Pradesh,26.59,64,251,1,78.1,3,49.43,6.3,379,2
LA-INFR-03826,Railway Corridor,Tamil Nadu,142.27,232,227,1,79.35,6,60.81,5.8,578,2
LA-INFR-03827,Railway Corridor,Uttar Pradesh,196.51,310,278,2,87.38,7,55.74,4.0,705,2
LA-INFR-03828,Irrigation Dam,Uttar Pradesh,122.86,203,424,2,66.48,2,50.72,6.4,493,2
LA-INFR-03829,National Highway,Uttar Pradesh,47.95,86,247,1,28.28,5,8.79,6.2,677,2
LA-INFR-03830,Railway Corridor,Uttar Pradesh,240.73,378,263,2,33.49,14,0.0,1.0,1000,2
LA-INFR-03831,Irrigation Dam,Bihar,264.04,422,322,3,62.47,9,31.38,5.9,1000,2
LA-INFR-03832,Irrigation Dam,West Bengal,152.51,246,313,4,80.17,5,62.59,6.2,672,2
LA-INFR-03833,Railway Corridor,Bihar,232.09,364,280,0,37.47,15,0.0,2.1,1000,2
LA-INFR-03834,Railway Corridor,Gujarat,97.97,165,186,0,67.61,6,42.99,5.6,554,2
LA-INFR-03835,National Highway,Maharashtra,68.78,130,264,1,56.2,2,42.72,6.6,404,2
LA-INFR-03836,Metro Rail,Bihar,5.75,31,315,1,82.53,1,66.89,7.3,244,1
LA-INFR-03837,National Highway,Tamil Nadu,116.86,205,262,1,55.52,7,30.87,5.3,739,2
LA-INFR-03838,Metro Rail,Gujarat,22.2,48,225,1,61.74,1,55.21,7.0,279,1
LA-INFR-03839,Industrial Park,Maharashtra,213.65,340,162,0,63.53,7,32.36,4.8,674,2
LA-INFR-03840,Railway Corridor,Tamil Nadu,303.93,470,238,2,50.86,9,13.51,4.8,994,2
LA-INFR-03841,National Highway,Odisha,53.06,101,280,0,92.93,3,78.55,5.4,288,1
LA-INFR-03842,Railway Corridor,Uttar Pradesh,233.83,363,221,1,66.95,11,25.14,4.2,984,2
LA-INFR-03843,Railway Corridor,Odisha,102.94,162,281,1,65.56,5,38.16,8.4,583,2
LA-INFR-03844,National Highway,Maharashtra,43.34,92,248,0,67.33,1,52.87,9.6,248,1
LA-INFR-03845,Industrial Park,West Bengal,156.45,256,244,1,46.76,6,26.66,5.9,713,2
LA-INFR-03846,Metro Rail,Gujarat,8.46,34,214,2,38.27,3,33.3,5.6,515,2
LA-INFR-03847,Railway Corridor,Tamil Nadu,119.45,199,157,1,40.23,6,23.29,7.0,684,2
LA-INFR-03848,Industrial Park,Bihar,584.52,903,208,1,80.3,22,0.0,1.0,1000,2
LA-INFR-03849,National Highway,Maharashtra,19.5,47,208,0,54.7,0,48.75,9.4,197,1
LA-INFR-03850,Railway Corridor,Gujarat,390.83,612,258,1,69.32,14,24.47,1.6,1000,2
LA-INFR-03851,National Highway,Bihar,62.54,109,229,2,85.64,2,63.7,6.6,327,2
LA-INFR-03852,Industrial Park,Maharashtra,239.77,383,284,1,85.17,9,57.75,4.9,809,2
LA-INFR-03853,Metro Rail,Tamil Nadu,50.63,95,244,0,92.73,1,71.45,6.9,162,1
LA-INFR-03854,Industrial Park,Bihar,101.89,169,204,2,69.96,6,47.98,7.5,631,2
LA-INFR-03855,National Highway,Maharashtra,132.16,221,189,0,73.36,9,37.27,5.0,742,2
LA-INFR-03856,Railway Corridor,Uttar Pradesh,37.51,77,199,2,51.02,6,29.01,7.4,674,2
LA-INFR-03857,Railway Corridor,Maharashtra,393.37,615,238,3,34.5,16,0.0,1.0,1000,2
LA-INFR-03858,Railway Corridor,Tamil Nadu,57.84,111,211,1,64.8,1,50.94,6.7,287,1
LA-INFR-03859,Irrigation Dam,Tamil Nadu,261.68,410,296,1,80.72,13,36.33,5.5,1000,2
LA-INFR-03860,Irrigation Dam,Bihar,213.33,332,400,4,72.53,12,28.14,1.6,1000,2
LA-INFR-03861,Industrial Park,Odisha,436.97,670,237,0,61.36,9,31.14,5.8,919,2
LA-INFR-03862,Railway Corridor,Odisha,26.04,62,243,1,92.13,2,73.66,7.4,251,1
LA-INFR-03863,National Highway,Tamil Nadu,139.67,236,188,2,52.36,7,24.9,4.8,773,2
LA-INFR-03864,National Highway,Maharashtra,87.2,150,177,1,74.1,6,51.47,6.6,560,2
LA-INFR-03865,Railway Corridor,Tamil Nadu,40.64,79,221,1,70.89,1,57.19,9.2,260,1
LA-INFR-03866,Railway Corridor,Bihar,46.86,87,128,0,89.25,3,77.18,6.9,235,1
LA-INFR-03867,Industrial Park,Tamil Nadu,214.75,344,268,2,78.27,10,41.92,4.3,929,2
LA-INFR-03868,Industrial Park,Tamil Nadu,78.61,131,194,0,44.27,6,31.76,5.8,620,2
LA-INFR-03869,National Highway,Uttar Pradesh,46.98,88,216,1,86.29,4,64.84,6.3,393,2
LA-INFR-03870,Railway Corridor,Gujarat,22.33,60,251,1,68.45,3,53.97,5.1,396,2
LA-INFR-03871,National Highway,Maharashtra,32.2,68,218,0,74.31,4,53.75,5.5,391,2
LA-INFR-03872,National Highway,Tamil Nadu,71.83,121,171,0,79.39,2,65.48,8.4,240,1
LA-INFR-03873,Irrigation Dam,Maharashtra,135.49,226,425,2,63.53,7,38.95,4.7,821,2
LA-INFR-03874,National Highway,Gujarat,40.86,78,153,1,42.05,5,30.93,5.0,576,2
LA-INFR-03875,Railway Corridor,Maharashtra,260.24,413,118,1,57.63,8,35.02,4.4,787,2
LA-INFR-03876,National Highway,Maharashtra,53.55,102,273,2,80.85,4,64.67,6.2,473,2
LA-INFR-03877,Irrigation Dam,Uttar Pradesh,552.74,848,277,1,63.43,17,0.75,1.0,1000,2
LA-INFR-03878,Railway Corridor,Uttar Pradesh,55.32,106,292,0,72.96,3,54.82,6.6,373,2
LA-INFR-03879,National Highway,Uttar Pradesh,191.0,301,248,0,96.1,3,80.41,6.9,319,2
LA-INFR-03880,Railway Corridor,Tamil Nadu,20.51,38,244,1,84.97,3,63.49,6.1,336,2
LA-INFR-03881,Industrial Park,Bihar,394.64,612,201,1,71.95,11,31.68,3.9,1000,2
LA-INFR-03882,Metro Rail,Maharashtra,9.73,33,188,0,53.12,3,39.61,9.6,380,2
LA-INFR-03883,National Highway,Uttar Pradesh,16.56,49,211,2,52.24,3,47.12,6.5,466,2
LA-INFR-03884,Irrigation Dam,Odisha,696.76,1067,306,2,60.7,11,20.84,2.4,1000,2
LA-INFR-03885,Metro Rail,Tamil Nadu,25.73,60,290,2,72.48,5,42.36,7.1,576,2
LA-INFR-03886,Metro Rail,West Bengal,8.48,48,192,1,87.56,2,76.66,8.2,234,1
LA-INFR-03887,Industrial Park,Tamil Nadu,90.07,155,255,1,71.71,3,60.76,8.0,407,2
LA-INFR-03888,Industrial Park,Uttar Pradesh,324.91,508,280,2,55.68,13,22.51,3.2,1000,2
LA-INFR-03889,Railway Corridor,Maharashtra,29.77,61,185,1,61.35,1,50.01,7.0,273,1
LA-INFR-03890,Irrigation Dam,Uttar Pradesh,311.67,482,368,3,58.95,14,4.19,2.6,1000,2
LA-INFR-03891,Railway Corridor,Odisha,82.24,139,185,0,60.86,2,50.53,6.6,315,2
LA-INFR-03892,Industrial Park,Gujarat,381.29,591,221,1,42.48,20,0.0,1.3,1000,2
LA-INFR-03893,Railway Corridor,Bihar,98.13,168,207,2,80.43,4,63.28,7.4,467,2
LA-INFR-03894,Industrial Park,Maharashtra,120.51,198,195,0,49.39,14,0.44,1.0,1000,2
LA-INFR-03895,Irrigation Dam,Maharashtra,398.47,614,357,2,59.02,17,4.25,1.0,1000,2
LA-INFR-03896,National Highway,Uttar Pradesh,64.49,115,169,2,40.66,3,28.13,7.6,519,2
LA-INFR-03897,Irrigation Dam,Tamil Nadu,495.76,762,396,2,75.2,12,28.86,2.0,1000,2
LA-INFR-03898,Railway Corridor,Maharashtra,32.08,66,175,1,65.21,2,47.21,7.2,324,2
LA-INFR-03899,Irrigation Dam,Gujarat,553.65,847,286,0,57.74,14,8.35,1.0,1000,2
LA-INFR-03900,Railway Corridor,Uttar Pradesh,64.04,111,217,0,71.99,3,55.45,6.4,346,2
LA-INFR-03901,Railway Corridor,Gujarat,87.54,150,211,0,67.72,2,58.38,7.2,301,2
LA-INFR-03902,Metro Rail,West Bengal,62.93,119,247,2,82.56,2,68.14,6.0,338,2
LA-INFR-03903,National Highway,West Bengal,119.26,200,234,1,71.02,3,52.36,6.9,423,2
LA-INFR-03904,Irrigation Dam,Tamil Nadu,370.03,570,268,2,76.08,8,47.16,5.3,869,2
LA-INFR-03905,Railway Corridor,Tamil Nadu,77.77,130,279,1,61.62,5,40.1,5.1,581,2
LA-INFR-03906,Railway Corridor,Tamil Nadu,191.84,315,216,2,80.42,7,47.91,5.9,708,2
LA-INFR-03907,National Highway,Tamil Nadu,12.22,38,242,2,48.67,2,39.51,8.2,434,2
LA-INFR-03908,Railway Corridor,Tamil Nadu,92.03,156,340,1,52.8,3,41.86,6.6,512,2
LA-INFR-03909,National Highway,Gujarat,25.75,59,294,1,77.0,2,62.85,5.4,322,2
LA-INFR-03910,National Highway,West Bengal,123.32,209,240,0,49.45,6,34.75,5.0,642,2
LA-INFR-03911,National Highway,West Bengal,18.99,51,161,0,78.31,2,70.66,7.5,213,1
LA-INFR-03912,National Highway,Odisha,62.08,114,162,2,54.2,5,36.39,4.8,592,2
LA-INFR-03913,Metro Rail,Uttar Pradesh,52.82,101,288,2,82.54,3,63.46,6.6,416,2
LA-INFR-03914,Metro Rail,Maharashtra,8.5,36,209,2,42.27,5,13.95,5.1,647,2
LA-INFR-03915,Railway Corridor,Bihar,87.62,146,221,2,80.74,6,48.58,5.6,604,2
LA-INFR-03916,Industrial Park,Bihar,286.06,449,172,2,66.72,10,34.5,3.8,957,2
LA-INFR-03917,National Highway,Odisha,90.02,165,252,2,47.73,4,26.33,6.4,609,2
LA-INFR-03918,Industrial Park,Bihar,127.34,212,287,2,24.38,4,11.99,6.9,712,2
LA-INFR-03919,Irrigation Dam,Tamil Nadu,460.56,713,426,3,32.95,8,1.18,4.5,1000,2
LA-INFR-03920,Metro Rail,Bihar,36.62,69,207,2,87.64,1,74.97,9.3,229,1
LA-INFR-03921,Railway Corridor,Maharashtra,27.04,60,262,2,65.4,4,44.46,7.8,520,2
LA-INFR-03922,Irrigation Dam,Tamil Nadu,396.65,607,345,3,57.29,8,31.75,5.2,1000,2
LA-INFR-03923,National Highway,Odisha,19.27,46,274,2,59.99,5,43.53,6.5,596,2
LA-INFR-03924,Metro Rail,Maharashtra,18.52,49,229,0,38.74,3,17.78,6.2,463,2
LA-INFR-03925,National Highway,Tamil Nadu,22.27,55,188,1,70.87,3,61.53,7.2,355,2
LA-INFR-03926,Industrial Park,Tamil Nadu,137.78,230,296,0,70.8,5,47.41,6.5,542,2
LA-INFR-03927,Industrial Park,Maharashtra,133.66,227,234,1,63.98,5,48.01,6.6,572,2
LA-INFR-03928,Industrial Park,Maharashtra,81.53,141,212,1,76.62,5,60.53,7.0,494,2
LA-INFR-03929,National Highway,Gujarat,63.71,114,238,1,56.87,3,39.36,7.2,452,2
LA-INFR-03930,Metro Rail,Uttar Pradesh,20.03,51,193,2,76.87,1,74.29,7.9,246,1
LA-INFR-03931,National Highway,Uttar Pradesh,144.79,232,250,2,69.63,10,23.73,5.3,936,2
LA-INFR-03932,Industrial Park,Maharashtra,64.03,118,220,2,69.45,8,33.33,4.9,762,2
LA-INFR-03933,National Highway,Tamil Nadu,245.7,378,190,0,90.11,2,73.0,6.6,281,1
LA-INFR-03934,National Highway,Tamil Nadu,67.47,119,348,1,66.66,3,45.83,7.4,466,2
LA-INFR-03935,Railway Corridor,Tamil Nadu,163.12,270,179,2,77.42,8,38.45,5.5,760,2
LA-INFR-03936,Railway Corridor,Maharashtra,147.64,248,247,2,78.58,11,42.85,3.2,953,2
LA-INFR-03937,National Highway,Odisha,96.48,176,232,2,90.92,7,58.59,4.8,638,2
LA-INFR-03938,National Highway,Uttar Pradesh,43.66,80,178,0,84.26,4,64.23,6.5,341,2
LA-INFR-03939,Railway Corridor,Uttar Pradesh,79.33,133,213,1,48.8,6,29.3,6.9,660,2
LA-INFR-03940,Irrigation Dam,Bihar,126.03,206,282,1,38.2,8,15.83,4.3,870,2
LA-INFR-03941,Irrigation Dam,Uttar Pradesh,216.79,344,453,1,64.28,9,38.61,3.0,942,2
LA-INFR-03942,National Highway,Odisha,15.89,48,216,0,88.33,1,72.13,6.1,148,1
LA-INFR-03943,Railway Corridor,Gujarat,304.98,480,220,1,70.21,10,40.93,2.7,927,2
LA-INFR-03944,National Highway,Uttar Pradesh,26.37,55,327,1,79.69,1,69.53,6.4,259,1
LA-INFR-03945,National Highway,Odisha,159.79,264,188,1,84.74,7,56.11,4.7,622,2
LA-INFR-03946,Industrial Park,West Bengal,291.14,450,294,1,47.03,6,22.93,5.1,789,2
LA-INFR-03947,Industrial Park,Gujarat,509.18,787,259,1,87.57,16,32.36,2.1,1000,2
LA-INFR-03948,National Highway,Uttar Pradesh,55.61,111,131,3,65.59,2,60.75,8.5,381,2
LA-INFR-03949,National Highway,Tamil Nadu,147.38,240,211,2,67.66,7,43.18,6.1,724,2
LA-INFR-03950,National Highway,Uttar Pradesh,374.39,580,251,2,83.88,11,47.98,2.9,1000,2
LA-INFR-03951,Irrigation Dam,Odisha,558.6,856,351,2,84.96,17,21.11,1.0,1000,2
LA-INFR-03952,Metro Rail,Maharashtra,29.92,65,231,0,62.53,5,39.12,8.5,503,2
LA-INFR-03953,National Highway,Tamil Nadu,102.82,173,199,1,79.91,2,66.33,5.7,303,2
LA-INFR-03954,National Highway,Uttar Pradesh,208.14,332,194,1,89.76,14,41.3,3.3,1000,2
LA-INFR-03955,Irrigation Dam,Uttar Pradesh,102.12,169,334,1,64.89,4,48.13,5.5,535,2
LA-INFR-03956,Metro Rail,Tamil Nadu,8.59,29,328,3,20.93,5,12.82,6.8,788,2
LA-INFR-03957,Railway Corridor,Odisha,188.32,301,184,1,80.38,9,42.01,5.6,779,2
LA-INFR-03958,National Highway,Tamil Nadu,72.41,125,205,1,84.16,1,75.08,7.8,211,1
LA-INFR-03959,National Highway,Odisha,35.91,76,231,1,71.32,4,54.74,7.5,445,2
LA-INFR-03960,Railway Corridor,Uttar Pradesh,121.23,204,156,1,93.18,2,75.86,10.0,249,1
LA-INFR-03961,Railway Corridor,Bihar,35.2,76,251,1,60.16,5,38.82,4.6,560,2
LA-INFR-03962,National Highway,Bihar,172.63,273,165,2,77.87,6,48.77,6.7,622,2
LA-INFR-03963,Railway Corridor,Maharashtra,41.24,88,175,1,87.55,3,71.27,8.0,305,2
LA-INFR-03964,National Highway,Tamil Nadu,97.98,160,173,3,78.23,4,51.82,5.0,511,2
LA-INFR-03965,Irrigation Dam,Tamil Nadu,409.42,642,267,4,66.73,9,41.51,4.8,1000,2
LA-INFR-03966,National Highway,Tamil Nadu,209.38,332,293,0,55.96,12,13.15,3.0,1000,2
LA-INFR-03967,National Highway,West Bengal,170.17,276,256,1,82.84,3,61.98,7.5,411,2
LA-INFR-03968,Railway Corridor,Tamil Nadu,96.87,168,276,2,30.17,5,3.46,6.2,752,2
LA-INFR-03969,Railway Corridor,Maharashtra,85.69,143,271,1,86.55,5,61.12,6.9,493,2
LA-INFR-03970,Metro Rail,Maharashtra,19.5,48,221,2,62.62,1,52.17,6.7,318,2
LA-INFR-03971,Railway Corridor,Tamil Nadu,48.46,95,228,1,82.6,3,66.87,9.0,346,2
LA-INFR-03972,National Highway,Uttar Pradesh,96.98,166,280,2,82.17,6,54.91,5.8,621,2
LA-INFR-03973,Industrial Park,Maharashtra,371.6,577,311,1,57.49,17,15.23,2.8,1000,2
LA-INFR-03974,National Highway,Bihar,103.56,172,167,1,64.58,7,30.77,5.7,671,2
LA-INFR-03975,Metro Rail,Tamil Nadu,64.03,118,355,1,65.24,6,43.78,6.9,654,2
LA-INFR-03976,Railway Corridor,Uttar Pradesh,123.29,214,164,0,37.33,9,8.62,4.4,855,2
LA-INFR-03977,Railway Corridor,West Bengal,144.84,235,206,1,73.95,4,47.82,7.6,479,2
LA-INFR-03978,National Highway,Tamil Nadu,10.55,36,233,1,75.29,3,57.13,5.8,362,2
LA-INFR-03979,Railway Corridor,Uttar Pradesh,20.06,47,238,2,67.51,0,72.51,9.0,228,1
LA-INFR-03980,Irrigation Dam,West Bengal,332.15,515,448,2,59.67,10,21.08,3.3,1000,2
LA-INFR-03981,Irrigation Dam,Tamil Nadu,108.19,178,400,3,36.65,5,28.09,5.8,799,2
LA-INFR-03982,National Highway,Tamil Nadu,27.95,57,250,4,85.07,3,67.01,5.7,459,2
LA-INFR-03983,National Highway,Tamil Nadu,30.1,65,281,3,49.32,3,35.55,6.2,560,2
LA-INFR-03984,Irrigation Dam,Maharashtra,679.72,1040,367,1,67.6,22,0.0,1.0,1000,2
LA-INFR-03985,Metro Rail,Tamil Nadu,27.94,60,196,1,63.04,5,36.77,6.6,529,2
LA-INFR-03986,National Highway,Uttar Pradesh,10.58,31,254,1,68.36,9,28.46,4.8,781,2
LA-INFR-03987,Railway Corridor,Gujarat,35.11,70,233,1,85.47,2,67.89,6.8,273,1
LA-INFR-03988,National Highway,Odisha,17.62,46,187,0,73.93,3,61.3,7.4,305,2
LA-INFR-03989,Irrigation Dam,Tamil Nadu,187.01,304,413,2,69.08,8,40.88,5.3,880,2
LA-INFR-03990,National Highway,Uttar Pradesh,14.84,38,227,1,62.53,2,48.42,6.9,343,2
LA-INFR-03991,National Highway,Uttar Pradesh,63.97,110,173,1,45.34,7,29.2,4.8,707,2
LA-INFR-03992,Irrigation Dam,Uttar Pradesh,123.74,200,301,2,73.01,8,37.49,4.5,803,2
LA-INFR-03993,National Highway,Bihar,36.89,87,256,0,83.19,3,68.16,8.8,311,2
LA-INFR-03994,Railway Corridor,Uttar Pradesh,209.58,341,282,2,38.01,17,0.0,1.0,1000,2
LA-INFR-03995,Railway Corridor,Bihar,26.18,56,254,1,54.05,5,35.15,7.1,576,2
LA-INFR-03996,National Highway,Maharashtra,158.4,254,254,1,75.93,8,46.91,4.1,740,2
LA-INFR-03997,Railway Corridor,Gujarat,50.03,93,189,1,83.4,5,59.08,5.6,457,2
LA-INFR-03998,Railway Corridor,Maharashtra,68.89,121,234,0,65.35,1,56.03,8.1,252,1
LA-INFR-03999,National Highway,Gujarat,93.27,159,213,2,76.67,5,51.62,6.7,550,2
LA-INFR-04000,Railway Corridor,Gujarat,68.87,118,220,0,42.38,6,24.8,5.9,640,2
LA-INFR-04001,Irrigation Dam,Bihar,113.94,202,344,2,67.94,9,38.52,5.1,891,2
LA-INFR-04002,Irrigation Dam,West Bengal,245.92,386,317,1,62.9,2,52.8,7.8,465,2
LA-INFR-04003,National Highway,Bihar,50.04,92,267,0,53.46,6,33.61,6.2,614,2
LA-INFR-04004,National Highway,Tamil Nadu,103.76,170,179,1,62.54,1,56.05,7.1,290,1
LA-INFR-04005,National Highway,Uttar Pradesh,158.81,265,165,1,68.61,5,44.7,5.7,547,2
LA-INFR-04006,Railway Corridor,Uttar Pradesh,149.53,239,190,0,48.17,11,12.13,3.6,961,2
LA-INFR-04007,Railway Corridor,Tamil Nadu,134.66,221,274,1,83.76,5,64.15,7.1,518,2
LA-INFR-04008,Industrial Park,Bihar,166.53,261,246,1,70.0,3,52.98,7.5,446,2
LA-INFR-04009,National Highway,Tamil Nadu,249.76,387,140,0,76.2,4,59.43,6.5,434,2
LA-INFR-04010,National Highway,Uttar Pradesh,116.7,190,259,1,85.39,8,46.25,5.0,702,2
LA-INFR-04011,Railway Corridor,Uttar Pradesh,147.75,237,227,0,50.11,6,21.17,4.5,660,2
LA-INFR-04012,Industrial Park,Maharashtra,55.15,104,209,2,50.34,5,30.72,5.8,625,2
LA-INFR-04013,National Highway,Maharashtra,98.84,173,217,1,76.12,7,45.95,4.7,643,2
LA-INFR-04014,Industrial Park,Uttar Pradesh,688.02,1049,163,0,58.2,17,6.88,2.1,1000,2
LA-INFR-04015,National Highway,Maharashtra,24.05,67,238,2,60.25,2,47.31,7.4,401,2
LA-INFR-04016,Irrigation Dam,Maharashtra,425.09,652,286,3,61.63,11,28.21,4.8,1000,2
LA-INFR-04017,Irrigation Dam,Odisha,385.13,593,332,3,61.44,16,7.16,3.9,1000,2
LA-INFR-04018,National Highway,Maharashtra,211.81,332,212,1,85.45,11,45.66,4.4,901,2
LA-INFR-04019,National Highway,Tamil Nadu,19.7,45,268,1,52.59,1,42.23,6.7,334,2
LA-INFR-04020,Railway Corridor,Uttar Pradesh,31.01,62,231,0,72.83,3,55.94,6.6,336,2
LA-INFR-04021,National Highway,Odisha,29.37,69,265,0,90.48,5,62.78,4.4,419,2
LA-INFR-04022,Industrial Park,Bihar,671.68,1021,170,1,68.76,18,2.59,2.6,1000,2
LA-INFR-04023,Irrigation Dam,Uttar Pradesh,615.58,944,344,0,61.06,17,8.6,3.5,1000,2
LA-INFR-04024,Industrial Park,Bihar,206.24,336,256,1,73.37,7,50.41,4.3,704,2
LA-INFR-04025,Irrigation Dam,Uttar Pradesh,209.41,331,412,3,84.5,5,65.71,5.6,679,2
LA-INFR-04026,Railway Corridor,Tamil Nadu,42.9,88,173,3,67.7,2,60.47,6.6,387,2
LA-INFR-04027,National Highway,Maharashtra,10.95,36,187,1,40.03,3,28.11,6.0,467,2
LA-INFR-04028,Industrial Park,Gujarat,119.85,203,255,1,79.2,6,51.08,4.1,593,2
LA-INFR-04029,Railway Corridor,Bihar,20.21,51,310,2,77.56,1,63.3,8.5,304,2
LA-INFR-04030,Industrial Park,Uttar Pradesh,996.24,1509,244,1,57.08,11,9.59,2.5,1000,2
LA-INFR-04031,National Highway,West Bengal,111.18,184,174,0,51.86,4,37.35,6.4,481,2
LA-INFR-04032,National Highway,Uttar Pradesh,141.45,227,175,2,86.64,3,69.61,6.0,387,2
LA-INFR-04033,Metro Rail,Odisha,5.19,22,236,2,71.23,3,56.99,5.1,410,2
LA-INFR-04034,National Highway,Bihar,61.25,106,247,1,65.56,5,47.01,5.4,543,2
LA-INFR-04035,Metro Rail,West Bengal,14.55,47,218,1,60.71,3,52.57,5.4,401,2
LA-INFR-04036,Metro Rail,Maharashtra,6.94,22,176,0,88.02,0,77.57,8.0,60,0
LA-INFR-04037,Irrigation Dam,Odisha,168.87,272,405,2,34.35,10,3.3,4.6,1000,2
LA-INFR-04038,Industrial Park,West Bengal,249.19,387,212,2,53.24,9,18.43,5.0,949,2
LA-INFR-04039,Railway Corridor,Uttar Pradesh,22.58,50,256,0,35.78,5,8.67,6.3,612,2
LA-INFR-04040,Irrigation Dam,Maharashtra,685.77,1048,261,2,82.05,11,39.96,4.2,1000,2
LA-INFR-04041,National Highway,Uttar Pradesh,19.95,51,290,2,59.69,2,55.03,6.3,410,2
LA-INFR-04042,Railway Corridor,Gujarat,39.87,84,195,0,71.15,3,54.11,6.5,333,2
LA-INFR-04043,Industrial Park,Uttar Pradesh,277.77,434,297,1,82.77,9,43.05,4.1,852,2
LA-INFR-04044,Railway Corridor,Bihar,90.33,151,260,1,49.17,3,37.18,5.3,493,2
LA-INFR-04045,Railway Corridor,Maharashtra,34.74,75,158,1,46.23,1,43.05,6.8,312,2
LA-INFR-04046,National Highway,Uttar Pradesh,14.86,45,242,2,67.04,2,56.89,6.1,369,2
LA-INFR-04047,Railway Corridor,Tamil Nadu,72.45,127,312,1,59.37,6,42.21,5.5,656,2
LA-INFR-04048,Irrigation Dam,Gujarat,472.8,736,320,4,48.31,24,0.0,1.0,1000,2
LA-INFR-04049,National Highway,Bihar,11.17,36,312,2,69.74,3,60.71,6.4,443,2
LA-INFR-04050,Metro Rail,Odisha,21.65,52,249,1,58.96,5,27.8,5.0,569,2
LA-INFR-04051,Industrial Park,Bihar,161.86,258,297,3,72.24,6,36.86,5.7,739,2
LA-INFR-04052,Irrigation Dam,Maharashtra,539.98,832,357,3,42.62,23,0.0,1.0,1000,2
LA-INFR-04053,Railway Corridor,Uttar Pradesh,307.35,480,223,1,88.08,12,45.68,2.5,998,2
LA-INFR-04054,Irrigation Dam,Tamil Nadu,720.77,1108,441,3,80.48,14,22.89,4.0,1000,2
LA-INFR-04055,National Highway,Gujarat,122.72,202,266,2,87.74,3,66.77,7.9,417,2
LA-INFR-04056,Irrigation Dam,Odisha,413.34,642,338,3,43.19,20,0.0,1.0,1000,2
LA-INFR-04057,National Highway,Uttar Pradesh,113.74,187,251,2,83.64,2,73.01,6.7,350,2
LA-INFR-04058,Irrigation Dam,Uttar Pradesh,228.74,358,321,3,47.33,3,39.99,6.4,654,2
LA-INFR-04059,Metro Rail,Uttar Pradesh,35.85,75,235,1,84.77,3,71.81,6.0,332,2
LA-INFR-04060,National Highway,Gujarat,98.31,170,289,0,65.37,5,36.68,5.3,549,2
LA-INFR-04061,National Highway,Odisha,212.8,345,221,3,33.83,4,19.34,6.3,728,2
LA-INFR-04062,Irrigation Dam,West Bengal,310.9,485,306,3,59.22,11,18.45,1.1,1000,2
LA-INFR-04063,National Highway,Uttar Pradesh,48.51,92,181,1,63.77,5,41.57,7.4,524,2
LA-INFR-04064,Irrigation Dam,Bihar,279.82,435,353,4,57.91,14,9.79,2.8,1000,2
LA-INFR-04065,National Highway,Bihar,137.36,229,189,3,85.39,5,59.53,5.1,568,2
LA-INFR-04066,National Highway,Uttar Pradesh,209.7,333,158,1,60.21,13,11.56,4.2,1000,2
LA-INFR-04067,Metro Rail,Bihar,36.09,73,170,3,61.77,2,47.35,7.8,412,2
LA-INFR-04068,Industrial Park,Maharashtra,908.07,1386,288,0,81.72,17,19.09,2.0,1000,2
LA-INFR-04069,Irrigation Dam,Maharashtra,820.33,1247,342,3,53.92,10,23.61,3.7,1000,2
LA-INFR-04070,National Highway,Odisha,57.32,99,232,1,59.4,4,41.14,6.9,498,2
LA-INFR-04071,Industrial Park,West Bengal,77.94,138,181,1,40.36,6,23.38,3.9,676,2
LA-INFR-04072,Railway Corridor,Bihar,61.58,108,200,1,77.41,3,66.14,7.1,352,2
LA-INFR-04073,Industrial Park,Bihar,69.33,127,199,2,73.45,6,55.03,5.2,600,2
LA-INFR-04074,Industrial Park,Uttar Pradesh,348.45,540,216,0,28.31,17,0.0,2.2,1000,2
LA-INFR-04075,Railway Corridor,West Bengal,123.42,209,147,1,86.13,5,63.83,5.6,459,2
LA-INFR-04076,Railway Corridor,West Bengal,296.76,461,284,1,69.67,11,23.5,3.0,1000,2
LA-INFR-04077,National Highway,West Bengal,17.72,52,229,1,75.36,3,68.01,8.0,351,2
LA-INFR-04078,Irrigation Dam,West Bengal,612.05,931,360,2,65.39,23,0.0,1.0,1000,2
LA-INFR-04079,National Highway,Uttar Pradesh,59.67,109,275,0,82.4,1,68.81,8.4,207,1
LA-INFR-04080,Industrial Park,Uttar Pradesh,612.47,936,271,3,79.73,13,31.18,3.2,1000,2
LA-INFR-04081,National Highway,Bihar,106.75,177,201,2,71.1,6,50.18,6.3,626,2
LA-INFR-04082,Industrial Park,Uttar Pradesh,60.76,111,260,1,51.8,1,41.78,7.4,350,2
LA-INFR-04083,Industrial Park,West Bengal,200.78,322,259,1,86.79,7,50.33,4.3,668,2
LA-INFR-04084,National Highway,Uttar Pradesh,22.41,57,245,0,85.34,1,76.05,7.9,165,1
LA-INFR-04085,National Highway,Maharashtra,46.41,92,283,1,81.42,1,76.45,5.9,238,1
LA-INFR-04086,National Highway,Uttar Pradesh,92.64,161,269,1,73.22,4,53.54,7.7,479,2
LA-INFR-04087,Industrial Park,Gujarat,467.29,725,266,1,80.96,17,25.61,1.1,1000,2
LA-INFR-04088,Irrigation Dam,Uttar Pradesh,239.73,377,418,2,83.59,7,51.27,5.0,794,2
LA-INFR-04089,National Highway,Tamil Nadu,56.75,99,231,0,66.25,4,48.26,5.5,432,2
LA-INFR-04090,Industrial Park,Bihar,116.95,196,232,0,72.32,9,38.59,5.7,754,2
LA-INFR-04091,National Highway,Maharashtra,39.78,80,270,1,85.57,4,63.26,7.1,416,2
LA-INFR-04092,Railway Corridor,Bihar,34.84,69,221,2,37.61,4,17.13,6.7,609,2
LA-INFR-04093,Metro Rail,West Bengal,18.95,44,254,0,49.69,2,35.08,7.8,363,2
LA-INFR-04094,National Highway,Bihar,81.17,145,201,1,65.05,2,49.12,7.3,353,2
LA-INFR-04095,Railway Corridor,Odisha,50.79,100,116,1,64.44,5,40.69,6.8,499,2
LA-INFR-04096,National Highway,Uttar Pradesh,59.63,109,259,2,71.33,3,54.51,6.5,445,2
LA-INFR-04097,National Highway,Maharashtra,230.4,365,152,1,64.73,17,7.98,1.2,1000,2
LA-INFR-04098,National Highway,Gujarat,80.05,141,195,2,61.0,7,34.62,5.7,718,2
LA-INFR-04099,National Highway,Uttar Pradesh,145.25,248,271,1,77.41,4,57.16,5.0,488,2
LA-INFR-04100,Industrial Park,Tamil Nadu,335.42,528,271,2,52.96,13,8.74,1.5,1000,2
LA-INFR-04101,Railway Corridor,West Bengal,37.57,76,288,2,44.73,3,26.97,8.6,547,2
LA-INFR-04102,Railway Corridor,Uttar Pradesh,110.9,186,129,2,70.57,6,46.47,4.7,605,2
LA-INFR-04103,National Highway,West Bengal,31.7,71,244,2,75.75,1,57.34,9.1,294,1
LA-INFR-04104,National Highway,Maharashtra,101.67,176,217,1,46.7,3,27.97,6.4,499,2
LA-INFR-04105,Industrial Park,Uttar Pradesh,462.83,719,279,1,74.13,26,0.0,1.0,1000,2
LA-INFR-04106,Metro Rail,Maharashtra,60.45,107,303,2,63.01,3,44.85,8.0,495,2
LA-INFR-04107,National Highway,Odisha,27.21,66,164,1,82.75,2,69.92,7.8,248,1
LA-INFR-04108,Irrigation Dam,Uttar Pradesh,301.66,471,350,4,65.99,7,39.26,5.9,930,2
LA-INFR-04109,Railway Corridor,West Bengal,118.03,194,271,2,41.46,5,23.68,4.8,704,2
LA-INFR-04110,Railway Corridor,Gujarat,89.46,152,213,1,39.57,7,18.66,5.6,761,2
LA-INFR-04111,Railway Corridor,Bihar,68.4,125,317,0,82.21,2,68.89,4.2,288,1
LA-INFR-04112,National Highway,Bihar,22.41,49,209,1,93.28,1,75.92,8.0,169,1
LA-INFR-04113,National Highway,Bihar,56.86,107,214,2,89.85,6,63.01,4.7,550,2
LA-INFR-04114,Industrial Park,Uttar Pradesh,156.2,255,176,2,52.05,4,30.18,7.8,588,2
LA-INFR-04115,National Highway,Bihar,33.45,69,237,1,87.32,3,67.91,7.7,330,2
LA-INFR-04116,Metro Rail,Tamil Nadu,63.42,108,90,0,84.97,1,75.46,7.8,118,1
LA-INFR-04117,Railway Corridor,Gujarat,39.85,83,217,2,63.65,2,50.44,8.3,385,2
LA-INFR-04118,National Highway,Gujarat,265.96,420,293,1,81.78,10,46.82,6.4,905,2
LA-INFR-04119,Industrial Park,Odisha,331.48,510,160,0,54.4,10,19.0,3.9,938,2
LA-INFR-04120,National Highway,Odisha,75.17,140,149,2,59.6,4,34.07,6.7,523,2
LA-INFR-04121,Railway Corridor,Bihar,23.33,49,285,0,70.22,3,52.22,5.6,365,2
LA-INFR-04122,Industrial Park,Tamil Nadu,344.12,535,292,1,76.25,15,26.8,1.1,1000,2
LA-INFR-04123,Metro Rail,Odisha,21.78,47,162,0,55.03,2,45.81,6.3,301,2
LA-INFR-04124,Irrigation Dam,Uttar Pradesh,274.62,432,436,1,62.01,12,14.45,3.3,1000,2
LA-INFR-04125,Industrial Park,Gujarat,352.0,546,251,0,73.14,16,15.53,2.0,1000,2
LA-INFR-04126,Industrial Park,Bihar,218.72,347,282,1,82.22,10,45.03,3.3,882,2
LA-INFR-04127,Metro Rail,Tamil Nadu,7.83,32,190,2,88.46,0,77.01,8.3,147,1
LA-INFR-04128,National Highway,West Bengal,74.18,131,304,1,69.32,1,57.69,8.6,310,2
LA-INFR-04129,National Highway,Gujarat,29.71,72,216,0,68.85,4,51.2,6.6,408,2
LA-INFR-04130,National Highway,Uttar Pradesh,11.75,34,214,0,65.41,3,59.03,7.9,337,2
LA-INFR-04131,National Highway,West Bengal,42.15,80,254,1,83.33,2,70.55,5.4,286,1
LA-INFR-04132,Industrial Park,Bihar,80.35,138,210,1,66.39,9,36.22,2.8,788,2
LA-INFR-04133,Industrial Park,Uttar Pradesh,445.53,689,153,2,79.93,12,31.5,3.8,1000,2
LA-INFR-04134,Railway Corridor,West Bengal,56.38,109,236,0,65.54,1,49.77,7.8,256,1
LA-INFR-04135,National Highway,Tamil Nadu,32.16,69,214,2,80.69,2,62.25,7.3,324,2
LA-INFR-04136,Industrial Park,Tamil Nadu,303.78,482,191,4,58.63,10,21.89,4.1,1000,2
LA-INFR-04137,National Highway,Uttar Pradesh,13.75,43,292,2,68.21,6,44.52,4.5,640,2
LA-INFR-04138,Industrial Park,Bihar,497.78,768,349,1,49.44,15,1.9,1.0,1000,2
LA-INFR-04139,Railway Corridor,Tamil Nadu,234.73,377,184,3,67.67,6,47.36,6.5,724,2
LA-INFR-04140,National Highway,Bihar,35.79,72,239,3,54.42,5,40.27,7.1,647,2
LA-INFR-04141,National Highway,Maharashtra,83.29,145,210,1,60.47,6,26.02,4.9,636,2
LA-INFR-04142,National Highway,Gujarat,56.25,106,344,1,79.37,3,57.53,4.7,414,2
LA-INFR-04143,Irrigation Dam,Bihar,336.94,523,374,1,51.64,24,0.0,1.0,1000,2
LA-INFR-04144,Metro Rail,West Bengal,24.83,58,276,2,65.76,0,60.93,7.3,264,1
LA-INFR-04145,Industrial Park,Bihar,203.24,329,289,0,86.98,7,56.75,6.0,634,2
LA-INFR-04146,National Highway,Uttar Pradesh,74.73,131,236,3,65.93,3,39.19,5.8,514,2
LA-INFR-04147,Railway Corridor,Bihar,240.87,384,220,1,70.39,8,32.87,5.5,791,2
LA-INFR-04148,Industrial Park,Bihar,91.45,161,305,1,53.36,4,40.44,6.5,559,2
LA-INFR-04149,Irrigation Dam,Bihar,492.25,755,388,3,49.03,21,0.0,1.0,1000,2
LA-INFR-04150,National Highway,Bihar,71.2,122,187,1,72.39,2,61.87,7.8,309,2
LA-INFR-04151,National Highway,Bihar,133.75,218,193,1,77.99,4,56.19,6.0,449,2
LA-INFR-04152,Industrial Park,Maharashtra,104.55,169,210,1,90.26,3,83.14,7.2,320,2
LA-INFR-04153,Railway Corridor,Bihar,51.34,104,287,1,56.87,3,41.96,6.8,466,2
LA-INFR-04154,National Highway,Maharashtra,94.78,169,303,1,61.26,6,29.68,4.1,673,2
LA-INFR-04155,National Highway,Maharashtra,117.2,200,337,2,68.65,3,55.68,7.4,506,2
LA-INFR-04156,Railway Corridor,Gujarat,55.17,99,194,0,77.25,0,69.9,8.0,123,1
LA-INFR-04157,Irrigation Dam,Tamil Nadu,1132.18,1717,357,1,73.31,16,14.87,1.0,1000,2
LA-INFR-04158,Metro Rail,Tamil Nadu,7.15,21,209,2,62.4,2,51.17,5.8,369,2
LA-INFR-04159,Railway Corridor,Bihar,46.56,91,220,2,75.75,2,67.41,6.6,338,2
LA-INFR-04160,Railway Corridor,Gujarat,122.81,197,276,1,69.55,6,43.4,6.5,634,2
LA-INFR-04161,National Highway,Tamil Nadu,15.83,34,227,3,75.15,2,56.86,6.6,381,2
LA-INFR-04162,Railway Corridor,West Bengal,100.69,168,295,0,88.18,8,56.4,5.5,651,2
LA-INFR-04163,Railway Corridor,Uttar Pradesh,33.05,68,204,0,93.58,1,78.02,8.4,128,1
LA-INFR-04164,Industrial Park,Gujarat,285.23,448,267,2,72.07,14,24.5,2.2,1000,2
LA-INFR-04165,Railway Corridor,Odisha,173.29,281,207,2,46.08,6,29.8,6.4,743,2
LA-INFR-04166,National Highway,Odisha,32.33,79,138,1,65.65,6,35.37,5.6,565,2
LA-INFR-04167,National Highway,Maharashtra,132.6,211,178,1,79.26,8,38.1,4.1,700,2
LA-INFR-04168,National Highway,Uttar Pradesh,21.21,53,236,1,85.93,1,85.8,7.4,187,1
LA-INFR-04169,National Highway,Uttar Pradesh,36.07,73,326,1,83.89,3,67.16,6.0,376,2
LA-INFR-04170,National Highway,Uttar Pradesh,99.28,167,207,1,84.91,1,67.18,8.4,231,1
LA-INFR-04171,Metro Rail,Odisha,16.57,41,221,4,39.07,2,24.15,7.7,549,2
LA-INFR-04172,Railway Corridor,Maharashtra,46.97,87,254,3,73.13,2,57.44,8.7,409,2
LA-INFR-04173,Railway Corridor,Maharashtra,80.94,133,200,3,37.02,6,16.83,5.5,779,2
LA-INFR-04174,Irrigation Dam,Uttar Pradesh,174.87,279,325,2,84.94,4,52.37,6.8,546,2
LA-INFR-04175,Metro Rail,Maharashtra,18.18,43,233,1,49.16,3,38.74,7.1,452,2
LA-INFR-04176,Railway Corridor,Uttar Pradesh,93.87,167,208,1,88.8,1,73.49,8.1,213,1
LA-INFR-04177,Irrigation Dam,West Bengal,111.51,188,260,2,90.86,5,74.19,6.4,514,2
LA-INFR-04178,National Highway,Tamil Nadu,14.83,44,197,1,81.25,3,66.05,6.1,324,2
LA-INFR-04179,National Highway,Maharashtra,27.89,55,260,1,80.1,1,73.56,7.7,227,1
LA-INFR-04180,Railway Corridor,Bihar,196.59,314,262,1,66.44,4,46.62,6.4,543,2
LA-INFR-04181,Industrial Park,Bihar,356.14,555,296,2,82.54,16,27.51,3.8,1000,2
LA-INFR-04182,Industrial Park,Maharashtra,227.11,369,292,0,69.94,10,39.86,2.3,888,2
LA-INFR-04183,National Highway,Tamil Nadu,35.59,76,184,2,83.97,2,65.31,8.0,302,2
LA-INFR-04184,National Highway,West Bengal,59.52,110,192,1,88.78,0,82.11,9.5,122,1
LA-INFR-04185,Industrial Park,West Bengal,1588.43,2411,194,0,95.6,8,64.72,3.9,1000,2
LA-INFR-04186,National Highway,West Bengal,46.85,94,222,1,81.22,7,58.91,7.4,596,2
LA-INFR-04187,Railway Corridor,Maharashtra,105.27,174,198,0,62.03,9,25.62,4.6,776,2
LA-INFR-04188,Industrial Park,Gujarat,602.01,926,221,1,74.64,19,5.94,1.0,1000,2
LA-INFR-04189,Industrial Park,Odisha,363.86,561,186,0,66.05,12,29.39,3.3,1000,2
LA-INFR-04190,Irrigation Dam,Gujarat,481.49,746,389,1,73.19,17,13.75,1.4,1000,2
LA-INFR-04191,Irrigation Dam,Maharashtra,287.59,457,302,4,74.04,10,32.14,4.3,1000,2
LA-INFR-04192,Railway Corridor,Gujarat,97.94,162,180,2,76.44,5,51.32,4.8,539,2
LA-INFR-04193,Industrial Park,Odisha,78.74,143,256,2,45.72,6,16.22,6.1,743,2
LA-INFR-04194,Industrial Park,Odisha,1034.0,1576,266,1,70.17,13,24.01,1.1,1000,2
LA-INFR-04195,National Highway,Maharashtra,14.33,39,218,0,67.08,1,42.96,7.2,235,1
LA-INFR-04196,National Highway,West Bengal,20.01,44,273,1,88.71,3,72.17,6.5,329,2
LA-INFR-04197,National Highway,Gujarat,96.74,170,269,0,94.82,2,71.62,7.3,246,1
LA-INFR-04198,Railway Corridor,Tamil Nadu,98.06,162,324,0,87.7,7,64.28,5.1,593,2
LA-INFR-04199,Industrial Park,Tamil Nadu,965.67,1465,266,1,73.28,5,47.43,6.3,893,2
LA-INFR-04200,Irrigation Dam,Gujarat,540.24,835,435,3,49.7,24,0.0,1.0,1000,2
LA-INFR-04201,National Highway,Bihar,141.53,223,233,2,61.41,13,16.48,2.8,1000,2
LA-INFR-04202,National Highway,Tamil Nadu,97.33,161,299,1,71.22,6,48.07,4.7,623,2
LA-INFR-04203,Metro Rail,Bihar,14.74,35,301,2,39.94,3,27.12,7.1,554,2
LA-INFR-04204,National Highway,Gujarat,110.68,182,222,0,58.89,7,23.89,7.0,678,2
LA-INFR-04205,Railway Corridor,Maharashtra,163.63,266,195,0,82.12,7,53.5,5.3,596,2
LA-INFR-04206,Railway Corridor,Bihar,326.15,509,204,1,83.46,13,35.72,4.4,1000,2
LA-INFR-04207,Railway Corridor,Tamil Nadu,443.19,684,250,2,92.39,14,40.57,2.7,1000,2
LA-INFR-04208,National Highway,West Bengal,166.23,268,172,2,77.7,7,51.83,4.6,680,2
LA-INFR-04209,National Highway,Tamil Nadu,11.45,43,207,2,63.12,1,49.94,7.8,312,2
LA-INFR-04210,National Highway,Gujarat,13.18,44,289,1,66.88,3,45.53,4.8,421,2
LA-INFR-04211,Railway Corridor,Gujarat,157.01,256,263,1,74.1,7,48.76,5.5,686,2
LA-INFR-04212,Railway Corridor,Maharashtra,122.93,203,112,0,71.38,9,27.5,5.7,724,2
LA-INFR-04213,National Highway,Bihar,133.99,220,163,1,38.0,7,14.61,4.2,768,2
LA-INFR-04214,Industrial Park,Maharashtra,707.92,1090,337,1,62.19,18,0.0,1.9,1000,2
LA-INFR-04215,Irrigation Dam,Uttar Pradesh,99.08,174,408,3,72.55,1,69.31,6.7,421,2
LA-INFR-04216,National Highway,Bihar,15.03,45,200,2,84.4,1,65.68,7.5,238,1
LA-INFR-04217,Railway Corridor,Gujarat,64.3,115,155,2,76.63,2,55.8,6.1,330,2
LA-INFR-04218,Industrial Park,Odisha,635.1,969,167,0,66.41,18,17.42,1.0,1000,2
LA-INFR-04219,National Highway,Maharashtra,50.23,97,255,3,85.88,1,80.61,10.0,292,1
LA-INFR-04220,National Highway,Maharashtra,82.54,145,328,0,92.28,6,61.02,5.0,522,2
LA-INFR-04221,Industrial Park,Tamil Nadu,897.81,1369,325,0,85.31,9,43.59,4.2,1000,2
LA-INFR-04222,Irrigation Dam,Bihar,173.74,278,271,1,54.33,9,17.26,4.4,902,2
LA-INFR-04223,Irrigation Dam,Uttar Pradesh,118.27,197,335,3,34.04,5,17.44,5.9,797,2
LA-INFR-04224,Railway Corridor,Odisha,55.08,106,187,2,55.03,5,35.95,7.1,598,2
LA-INFR-04225,Industrial Park,Gujarat,103.71,172,236,1,59.24,8,27.32,4.2,776,2
LA-INFR-04226,Railway Corridor,Bihar,89.93,162,163,2,70.17,5,56.73,6.3,541,2
LA-INFR-04227,Industrial Park,Odisha,395.72,616,202,2,67.38,18,2.71,1.0,1000,2
LA-INFR-04228,Railway Corridor,Uttar Pradesh,39.23,74,186,1,69.81,4,41.38,8.0,446,2
LA-INFR-04229,National Highway,West Bengal,16.17,41,256,2,83.55,1,85.54,7.9,238,1
LA-INFR-04230,Industrial Park,Bihar,116.89,190,204,3,76.48,6,55.41,5.7,651,2
LA-INFR-04231,Railway Corridor,Maharashtra,40.62,79,211,1,73.67,0,65.28,8.7,179,1
LA-INFR-04232,Railway Corridor,Gujarat,60.34,113,255,1,85.2,4,65.73,7.9,416,2
LA-INFR-04233,Metro Rail,Bihar,18.55,43,312,2,79.9,2,66.51,8.2,353,2
LA-INFR-04234,National Highway,West Bengal,168.37,272,335,1,42.41,10,0.06,4.9,1000,2
LA-INFR-04235,National Highway,Uttar Pradesh,233.52,373,252,3,27.72,8,0.87,6.1,1000,2
LA-INFR-04236,National Highway,Maharashtra,177.89,279,225,0,47.19,4,32.63,6.4,544,2
LA-INFR-04237,Irrigation Dam,Maharashtra,281.53,449,415,3,87.15,5,65.36,8.1,705,2
LA-INFR-04238,Industrial Park,Bihar,958.5,1459,288,2,75.67,9,29.18,5.2,1000,2
LA-INFR-04239,National Highway,Tamil Nadu,21.58,46,274,1,84.86,0,77.32,8.6,154,1
LA-INFR-04240,Industrial Park,Uttar Pradesh,232.34,369,151,1,53.41,9,23.39,4.3,873,2
LA-INFR-04241,Railway Corridor,Tamil Nadu,21.78,51,290,1,69.21,5,47.04,4.5,536,2
LA-INFR-04242,Irrigation Dam,Tamil Nadu,625.1,957,367,1,68.5,19,0.0,1.0,1000,2
LA-INFR-04243,Railway Corridor,West Bengal,119.21,200,185,1,75.34,5,59.36,5.1,504,2
LA-INFR-04244,Railway Corridor,Bihar,543.14,838,196,1,68.2,17,10.22,1.0,1000,2
LA-INFR-04245,Metro Rail,Gujarat,6.53,32,259,2,49.37,4,31.37,6.5,567,2
LA-INFR-04246,National Highway,Bihar,12.46,39,104,1,84.89,0,75.62,9.4,85,0
LA-INFR-04247,National Highway,Bihar,93.96,157,223,1,68.22,2,48.07,7.1,359,2
LA-INFR-04248,Railway Corridor,Maharashtra,326.35,505,197,1,82.42,7,62.95,4.2,688,2
LA-INFR-04249,Metro Rail,Uttar Pradesh,54.11,103,192,0,78.87,3,67.63,5.4,302,2
LA-INFR-04250,Railway Corridor,Maharashtra,181.39,292,207,1,56.89,6,29.75,4.5,679,2
LA-INFR-04251,National Highway,Tamil Nadu,126.12,207,156,1,75.28,5,43.13,8.2,514,2
LA-INFR-04252,National Highway,Uttar Pradesh,49.23,102,282,1,90.53,0,84.11,7.4,148,1
LA-INFR-04253,Railway Corridor,Uttar Pradesh,82.22,144,123,0,75.31,5,56.52,4.2,428,2
LA-INFR-04254,National Highway,West Bengal,111.94,187,238,1,92.18,5,68.29,6.3,469,2
LA-INFR-04255,Industrial Park,Uttar Pradesh,354.56,549,187,2,83.4,4,61.38,5.8,555,2
LA-INFR-04256,Metro Rail,Uttar Pradesh,15.13,45,329,1,89.61,1,69.32,7.6,232,1
LA-INFR-04257,Railway Corridor,Maharashtra,23.87,53,231,0,71.52,2,61.37,8.1,270,1
LA-INFR-04258,Railway Corridor,West Bengal,36.36,76,123,0,49.36,6,18.01,6.8,581,2
LA-INFR-04259,Railway Corridor,Maharashtra,33.37,70,257,0,93.7,2,79.7,7.1,208,1
LA-INFR-04260,National Highway,Bihar,43.9,84,175,1,85.3,4,68.4,6.7,373,2
LA-INFR-04261,Irrigation Dam,Bihar,122.51,202,399,2,66.08,9,30.93,5.7,927,2
LA-INFR-04262,Railway Corridor,Tamil Nadu,39.04,84,260,0,66.67,5,43.74,5.2,503,2
LA-INFR-04263,Railway Corridor,Tamil Nadu,35.72,69,303,1,66.71,4,35.44,5.1,507,2
LA-INFR-04264,Industrial Park,Odisha,768.58,1172,239,0,79.32,15,21.75,2.5,1000,2
LA-INFR-04265,Railway Corridor,Maharashtra,233.75,372,270,0,40.99,9,7.5,3.4,932,2
LA-INFR-04266,Industrial Park,Uttar Pradesh,1370.17,2077,232,2,88.86,19,14.9,1.0,1000,2
LA-INFR-04267,National Highway,Uttar Pradesh,13.76,47,200,2,41.37,4,31.64,6.4,567,2
LA-INFR-04268,Irrigation Dam,Maharashtra,351.86,546,403,2,55.37,13,6.95,3.0,1000,2
LA-INFR-04269,Metro Rail,Uttar Pradesh,8.81,36,168,0,78.34,1,65.18,7.3,159,1
LA-INFR-04270,Industrial Park,Uttar Pradesh,427.75,661,228,1,83.91,18,30.43,1.8,1000,2
LA-INFR-04271,Metro Rail,Bihar,16.87,46,201,1,70.42,4,56.49,6.3,425,2
LA-INFR-04272,National Highway,Tamil Nadu,21.31,48,272,2,46.79,3,41.9,5.2,511,2
LA-INFR-04273,Railway Corridor,Uttar Pradesh,46.71,83,182,1,80.42,2,72.76,7.4,263,1
LA-INFR-04274,Industrial Park,West Bengal,220.33,350,209,1,30.56,9,3.97,4.6,972,2
LA-INFR-04275,Railway Corridor,Uttar Pradesh,79.74,134,232,0,64.11,4,41.69,6.1,455,2
LA-INFR-04276,Railway Corridor,Uttar Pradesh,274.3,442,304,1,27.09,10,0.0,3.8,1000,2
LA-INFR-04277,National Highway,Bihar,50.29,91,203,2,33.77,9,7.38,3.9,929,2
LA-INFR-04278,National Highway,Maharashtra,105.95,185,209,1,33.44,6,9.37,4.7,734,2
LA-INFR-04279,Railway Corridor,Maharashtra,72.4,123,162,0,80.23,4,48.47,7.9,375,2
LA-INFR-04280,National Highway,Bihar,144.21,238,180,1,70.23,7,44.39,5.8,663,2
LA-INFR-04281,Industrial Park,Gujarat,313.36,493,250,2,82.77,9,48.65,5.1,882,2
LA-INFR-04282,National Highway,West Bengal,80.14,139,231,0,86.3,4,59.17,6.2,379,2
LA-INFR-04283,National Highway,Maharashtra,76.09,132,232,1,93.56,3,82.18,5.9,312,2
LA-INFR-04284,Railway Corridor,Odisha,144.92,235,317,3,82.13,9,42.57,1.4,889,2
LA-INFR-04285,Railway Corridor,West Bengal,166.98,276,146,1,50.74,10,26.8,5.1,909,2
LA-INFR-04286,Irrigation Dam,Tamil Nadu,759.41,1159,465,4,64.9,14,22.98,4.5,1000,2
LA-INFR-04287,Railway Corridor,Odisha,47.08,88,288,1,86.81,1,80.18,6.2,222,1
LA-INFR-04288,National Highway,Bihar,100.25,181,213,0,86.84,0,75.12,6.0,122,1
LA-INFR-04289,Irrigation Dam,Uttar Pradesh,405.82,630,369,3,77.53,16,22.64,2.3,1000,2
LA-INFR-04290,Railway Corridor,Bihar,155.43,254,195,0,56.91,5,37.56,7.8,554,2
LA-INFR-04291,National Highway,Bihar,10.76,32,245,0,78.14,0,68.87,7.2,125,1
LA-INFR-04292,Railway Corridor,Bihar,182.22,292,337,2,84.05,6,57.72,7.6,670,2
LA-INFR-04293,Metro Rail,Tamil Nadu,27.65,58,197,2,61.61,6,46.11,6.1,621,2
LA-INFR-04294,Railway Corridor,Gujarat,322.42,499,218,1,84.78,13,33.81,1.0,1000,2
LA-INFR-04295,National Highway,Gujarat,94.6,161,192,2,83.18,6,59.14,6.8,577,2
LA-INFR-04296,National Highway,Odisha,110.8,182,200,2,59.7,8,26.91,4.6,803,2
LA-INFR-04297,National Highway,Odisha,10.27,34,209,1,48.02,3,26.35,6.7,457,2
LA-INFR-04298,Railway Corridor,Gujarat,59.94,105,175,0,93.2,6,71.19,5.3,436,2
LA-INFR-04299,Railway Corridor,Maharashtra,202.89,323,216,2,39.74,10,7.78,4.1,1000,2
LA-INFR-04300,National Highway,Uttar Pradesh,20.13,51,232,1,79.46,2,70.43,6.3,279,1
LA-INFR-04301,Metro Rail,Bihar,11.98,38,209,1,42.91,2,27.83,6.0,409,2
LA-INFR-04302,Irrigation Dam,Odisha,259.24,413,235,3,56.77,7,26.99,5.8,866,2
LA-INFR-04303,Railway Corridor,Bihar,50.03,97,222,0,39.27,8,13.32,3.6,777,2
LA-INFR-04304,Irrigation Dam,West Bengal,258.02,400,347,2,52.39,7,30.02,4.1,875,2
LA-INFR-04305,National Highway,Maharashtra,73.6,137,324,0,90.85,3,78.73,4.8,320,2
LA-INFR-04306,Railway Corridor,Uttar Pradesh,57.54,108,231,1,75.34,3,58.3,7.7,379,2
LA-INFR-04307,Industrial Park,West Bengal,277.77,435,276,0,83.33,4,65.52,8.8,476,2
LA-INFR-04308,Irrigation Dam,Maharashtra,849.01,1297,328,2,36.5,13,2.78,1.5,1000,2
LA-INFR-04309,Irrigation Dam,Uttar Pradesh,181.48,292,414,3,59.47,11,18.61,2.9,1000,2
LA-INFR-04310,National Highway,Uttar Pradesh,25.41,56,182,1,58.42,5,38.99,6.0,531,2
LA-INFR-04311,Metro Rail,Uttar Pradesh,23.22,62,255,0,85.22,1,72.97,8.4,174,1
LA-INFR-04312,National Highway,West Bengal,73.64,126,272,1,64.22,6,40.85,5.5,629,2
LA-INFR-04313,Irrigation Dam,Uttar Pradesh,262.06,416,384,4,54.07,13,16.6,4.4,1000,2
LA-INFR-04314,Metro Rail,Tamil Nadu,27.37,59,338,1,50.76,3,33.71,6.1,500,2
LA-INFR-04315,National Highway,Maharashtra,86.22,140,200,0,90.71,2,71.43,7.2,222,1
LA-INFR-04316,Industrial Park,Odisha,361.7,560,300,1,71.79,11,35.99,3.6,1000,2
LA-INFR-04317,National Highway,Uttar Pradesh,13.0,41,287,0,80.24,0,79.77,6.2,125,1
LA-INFR-04318,Railway Corridor,Tamil Nadu,413.54,645,232,3,64.31,10,20.59,3.9,1000,2
LA-INFR-04319,Railway Corridor,West Bengal,575.99,879,321,1,62.56,15,9.61,2.3,1000,2
LA-INFR-04320,Railway Corridor,Uttar Pradesh,84.74,159,222,0,55.28,8,27.33,3.3,736,2
LA-INFR-04321,Metro Rail,Odisha,5.03,23,231,0,76.37,0,68.96,7.3,121,1
LA-INFR-04322,Industrial Park,Tamil Nadu,99.62,177,229,1,64.29,5,43.55,7.8,561,2
LA-INFR-04323,Railway Corridor,Bihar,22.66,57,166,2,80.43,5,57.73,5.3,487,2
LA-INFR-04324,Irrigation Dam,Maharashtra,452.73,697,388,3,56.41,11,14.1,3.7,1000,2
LA-INFR-04325,Metro Rail,Gujarat,13.41,32,260,2,86.03,2,58.62,6.9,324,2
LA-INFR-04326,National Highway,West Bengal,41.74,81,224,1,86.57,2,71.78,6.6,265,1
LA-INFR-04327,Metro Rail,Uttar Pradesh,35.7,73,318,2,68.41,7,39.43,4.0,725,2
LA-INFR-04328,National Highway,Uttar Pradesh,31.13,69,208,2,84.14,3,59.25,7.2,376,2
LA-INFR-04329,Irrigation Dam,Odisha,374.06,575,263,0,27.95,18,0.0,1.0,1000,2
LA-INFR-04330,National Highway,Tamil Nadu,18.92,42,325,0,65.82,1,60.7,7.2,260,1
LA-INFR-04331,National Highway,West Bengal,18.51,47,280,2,8.49,3,0.0,8.0,660,2
LA-INFR-04332,Railway Corridor,Bihar,109.42,183,261,0,53.85,4,37.4,5.5,510,2
LA-INFR-04333,Industrial Park,West Bengal,363.75,559,213,1,88.39,7,53.2,6.3,706,2
LA-INFR-04334,Railway Corridor,Uttar Pradesh,136.59,225,247,1,89.96,8,59.93,4.3,678,2
LA-INFR-04335,National Highway,Uttar Pradesh,205.55,324,166,1,60.74,7,44.78,5.0,704,2
LA-INFR-04336,Railway Corridor,Tamil Nadu,91.31,159,218,1,80.18,5,59.78,6.5,493,2
LA-INFR-04337,Metro Rail,Gujarat,45.27,87,184,3,53.68,4,38.51,5.0,573,2
LA-INFR-04338,Railway Corridor,Uttar Pradesh,105.88,181,243,2,53.76,3,40.64,7.5,518,2
LA-INFR-04339,National Highway,Bihar,46.71,88,276,1,85.69,3,64.82,5.8,358,2
LA-INFR-04340,Railway Corridor,Tamil Nadu,207.05,334,177,1,45.0,14,3.3,2.6,1000,2
LA-INFR-04341,National Highway,Bihar,22.12,45,266,0,88.35,1,75.91,6.4,163,1
LA-INFR-04342,Irrigation Dam,Odisha,111.11,193,359,3,42.22,4,34.62,6.8,704,2
LA-INFR-04343,Irrigation Dam,West Bengal,100.41,168,384,2,83.11,5,68.73,4.6,584,2
LA-INFR-04344,Railway Corridor,Maharashtra,41.2,77,217,2,83.98,4,60.89,5.8,441,2
LA-INFR-04345,Railway Corridor,Gujarat,125.03,209,265,2,88.04,2,77.06,6.7,345,2
LA-INFR-04346,Irrigation Dam,West Bengal,116.77,198,315,3,44.06,4,24.71,6.9,695,2
LA-INFR-04347,Railway Corridor,Odisha,107.54,181,145,2,72.0,3,61.61,8.2,409,2
LA-INFR-04348,Irrigation Dam,Tamil Nadu,447.36,697,277,2,48.29,12,3.05,2.7,1000,2
LA-INFR-04349,Industrial Park,Odisha,307.79,475,204,0,73.06,9,39.94,4.0,814,2
LA-INFR-04350,Irrigation Dam,Maharashtra,546.37,837,269,3,32.6,20,0.0,1.0,1000,2
LA-INFR-04351,Railway Corridor,Uttar Pradesh,29.57,62,307,1,55.01,4,41.36,8.0,528,2
LA-INFR-04352,Railway Corridor,Odisha,28.02,64,225,1,52.38,4,30.04,6.1,516,2
LA-INFR-04353,Metro Rail,Uttar Pradesh,5.05,32,275,0,87.71,2,75.22,7.7,225,1
LA-INFR-04354,Railway Corridor,Maharashtra,192.37,301,269,1,82.2,8,51.06,5.2,738,2
LA-INFR-04355,Industrial Park,West Bengal,1200.99,1815,230,0,56.58,19,0.0,1.0,1000,2
LA-INFR-04356,National Highway,Odisha,255.39,407,406,2,68.43,10,37.36,4.5,1000,2
LA-INFR-04357,Industrial Park,Maharashtra,136.5,224,376,2,70.81,2,65.77,8.4,450,2
LA-INFR-04358,Railway Corridor,Odisha,58.99,107,299,1,65.91,0,59.62,7.6,248,1
LA-INFR-04359,National Highway,Tamil Nadu,121.17,197,184,0,64.52,3,48.4,7.8,383,2
LA-INFR-04360,National Highway,Bihar,192.27,307,301,1,66.82,3,49.3,7.1,492,2
LA-INFR-04361,Industrial Park,Odisha,442.05,677,142,1,87.85,16,43.74,1.0,1000,2
LA-INFR-04362,Irrigation Dam,Bihar,104.55,185,419,1,62.31,6,42.77,7.1,705,2
LA-INFR-04363,Railway Corridor,Maharashtra,139.94,236,102,0,80.85,4,57.19,7.2,369,2
LA-INFR-04364,National Highway,Uttar Pradesh,14.72,38,214,2,74.52,2,53.11,5.9,342,2
LA-INFR-04365,Industrial Park,Bihar,62.32,117,290,1,60.42,3,43.24,5.9,460,2
LA-INFR-04366,National Highway,Bihar,282.01,448,249,0,60.45,9,25.3,5.7,873,2
LA-INFR-04367,Railway Corridor,Odisha,26.59,61,156,0,83.0,4,63.98,5.4,330,2
LA-INFR-04368,National Highway,West Bengal,206.33,322,238,2,42.34,8,14.33,3.5,915,2
LA-INFR-04369,National Highway,Tamil Nadu,100.75,176,249,1,79.44,3,68.22,5.2,382,2
LA-INFR-04370,National Highway,West Bengal,134.71,217,240,4,50.24,4,19.67,5.7,701,2
LA-INFR-04371,Railway Corridor,Maharashtra,155.7,257,209,2,70.55,9,39.18,5.1,845,2
LA-INFR-04372,National Highway,Maharashtra,95.75,164,272,1,91.1,5,71.46,6.3,475,2
LA-INFR-04373,Railway Corridor,Odisha,148.07,244,287,1,84.18,8,42.77,3.5,734,2
LA-INFR-04374,Railway Corridor,Maharashtra,142.98,232,222,0,73.36,10,31.68,3.7,826,2
LA-INFR-04375,Railway Corridor,Uttar Pradesh,96.53,172,305,2,91.35,2,73.8,7.8,347,2
LA-INFR-04376,Railway Corridor,Tamil Nadu,170.23,265,222,1,64.11,10,30.23,3.1,900,2
LA-INFR-04377,Irrigation Dam,Bihar,493.94,758,325,2,74.92,22,0.0,1.0,1000,2
LA-INFR-04378,National Highway,Odisha,31.79,65,297,2,74.3,1,63.7,9.3,310,2
LA-INFR-04379,Railway Corridor,Uttar Pradesh,152.47,243,296,0,87.65,4,62.94,6.5,425,2
LA-INFR-04380,National Highway,Maharashtra,174.61,278,198,1,75.76,5,53.5,7.6,536,2
LA-INFR-04381,National Highway,Uttar Pradesh,62.93,116,191,1,78.31,8,43.32,4.0,676,2
LA-INFR-04382,Railway Corridor,Tamil Nadu,251.92,397,318,0,71.21,9,32.7,4.0,852,2
LA-INFR-04383,Railway Corridor,Uttar Pradesh,98.89,173,224,0,58.63,3,44.47,8.1,412,2
LA-INFR-04384,Irrigation Dam,Bihar,400.87,623,350,2,81.64,20,17.79,1.0,1000,2
LA-INFR-04385,Railway Corridor,Odisha,234.33,364,217,1,79.09,13,33.49,1.6,1000,2
LA-INFR-04386,Metro Rail,Gujarat,10.86,33,296,1,72.26,2,57.9,9.2,333,2
LA-INFR-04387,National Highway,Uttar Pradesh,72.15,133,337,2,62.19,7,40.01,5.5,763,2
LA-INFR-04388,National Highway,Bihar,37.34,75,233,1,66.46,2,51.52,9.1,341,2
LA-INFR-04389,National Highway,Bihar,31.75,62,350,1,51.49,0,45.95,7.3,309,2
LA-INFR-04390,National Highway,Gujarat,10.52,33,202,0,69.01,2,61.96,7.0,259,1
LA-INFR-04391,Railway Corridor,Gujarat,175.18,281,215,0,85.33,5,59.65,6.7,472,2
LA-INFR-04392,Industrial Park,Uttar Pradesh,376.59,578,263,1,73.04,20,3.04,1.4,1000,2
LA-INFR-04393,National Highway,West Bengal,69.78,131,189,1,67.41,6,46.39,6.6,582,2
LA-INFR-04394,Metro Rail,Uttar Pradesh,10.21,25,263,2,77.57,1,61.83,5.2,281,1
LA-INFR-04395,Irrigation Dam,Maharashtra,323.26,506,324,3,44.41,14,3.97,1.7,1000,2
LA-INFR-04396,National Highway,Maharashtra,166.8,273,152,1,54.18,3,30.07,6.9,478,2
LA-INFR-04397,National Highway,Bihar,11.93,27,142,1,88.04,0,79.61,8.8,85,0
LA-INFR-04398,National Highway,Bihar,99.07,169,213,1,52.72,5,29.19,5.6,600,2
LA-INFR-04399,National Highway,Maharashtra,13.21,39,250,0,76.85,2,64.86,6.8,257,1
LA-INFR-04400,National Highway,Tamil Nadu,12.33,31,161,2,77.7,2,71.25,7.4,290,1
LA-INFR-04401,Railway Corridor,Uttar Pradesh,89.31,165,238,1,79.43,6,47.7,4.7,579,2
LA-INFR-04402,National Highway,Tamil Nadu,13.91,40,239,0,83.54,1,65.16,6.9,175,1
LA-INFR-04403,Railway Corridor,Uttar Pradesh,144.79,237,221,2,78.15,5,61.08,6.2,559,2
LA-INFR-04404,Metro Rail,Maharashtra,12.25,40,183,2,68.11,0,60.14,8.0,217,1
LA-INFR-04405,Industrial Park,Bihar,922.59,1399,242,2,70.04,18,8.63,1.0,1000,2
LA-INFR-04406,Metro Rail,Uttar Pradesh,15.38,52,222,1,38.75,4,21.54,6.7,556,2
LA-INFR-04407,National Highway,Bihar,66.91,126,279,1,55.42,3,39.07,7.2,476,2
LA-INFR-04408,Railway Corridor,Maharashtra,90.83,158,165,2,75.91,8,39.75,6.2,727,2
LA-INFR-04409,Railway Corridor,Bihar,61.88,108,235,2,82.49,0,73.03,8.0,205,1
LA-INFR-04410,National Highway,Maharashtra,58.52,108,166,1,61.24,4,38.91,7.5,472,2
LA-INFR-04411,National Highway,Tamil Nadu,106.52,180,218,2,64.92,7,42.44,3.2,718,2
LA-INFR-04412,Industrial Park,West Bengal,542.59,834,175,0,74.1,13,24.92,2.7,1000,2
LA-INFR-04413,Industrial Park,Maharashtra,279.04,434,184,0,67.81,14,25.58,1.9,1000,2
LA-INFR-04414,Railway Corridor,Bihar,96.5,160,229,3,29.67,8,6.05,4.3,949,2
LA-INFR-04415,Railway Corridor,Maharashtra,74.91,129,201,3,48.16,4,26.34,6.8,619,2
LA-INFR-04416,Railway Corridor,Tamil Nadu,53.44,101,303,2,49.94,3,30.63,5.0,543,2
LA-INFR-04417,National Highway,Uttar Pradesh,68.19,117,288,1,76.73,5,52.95,4.3,528,2
LA-INFR-04418,National Highway,Bihar,218.9,352,270,0,89.55,5,61.93,6.6,500,2
LA-INFR-04419,National Highway,Bihar,23.19,54,269,1,90.41,1,74.67,7.8,203,1
LA-INFR-04420,National Highway,Gujarat,191.07,309,236,2,65.85,9,36.46,3.7,884,2
LA-INFR-04421,Metro Rail,Bihar,51.97,91,295,1,79.37,5,57.8,7.3,511,2
LA-INFR-04422,Railway Corridor,Tamil Nadu,229.08,360,215,2,92.47,7,68.37,6.2,665,2
LA-INFR-04423,Industrial Park,Bihar,513.76,792,335,2,50.81,9,13.37,4.7,1000,2
LA-INFR-04424,National Highway,Gujarat,38.74,77,182,1,84.32,3,57.72,5.4,330,2
LA-INFR-04425,Railway Corridor,West Bengal,81.07,138,173,3,53.22,6,26.25,6.9,718,2
LA-INFR-04426,National Highway,Uttar Pradesh,83.64,146,160,2,83.8,3,71.8,4.9,363,2
LA-INFR-04427,National Highway,Odisha,12.46,37,168,2,75.7,3,56.0,5.7,377,2
LA-INFR-04428,National Highway,Bihar,57.46,109,148,0,93.64,5,77.46,6.8,357,2
LA-INFR-04429,Irrigation Dam,Odisha,88.71,152,360,1,71.89,9,35.04,2.9,839,2
LA-INFR-04430,Industrial Park,Odisha,336.43,516,272,0,65.94,9,35.27,5.8,876,2
LA-INFR-04431,Railway Corridor,Maharashtra,28.97,60,231,1,86.2,5,62.45,7.9,454,2
LA-INFR-04432,Railway Corridor,West Bengal,59.67,105,160,2,89.37,7,49.64,5.8,605,2
LA-INFR-04433,Metro Rail,Uttar Pradesh,19.11,41,206,0,40.28,2,26.96,6.5,377,2
LA-INFR-04434,National Highway,Uttar Pradesh,161.12,259,272,1,92.14,5,70.33,4.7,499,2
LA-INFR-04435,National Highway,Uttar Pradesh,36.18,71,212,1,63.21,5,41.65,4.5,532,2
LA-INFR-04436,National Highway,West Bengal,86.27,149,190,1,76.56,6,48.72,5.9,562,2
LA-INFR-04437,Irrigation Dam,Uttar Pradesh,128.06,216,274,1,37.22,15,0.0,2.1,1000,2
LA-INFR-04438,Metro Rail,Maharashtra,17.92,47,208,2,84.93,1,74.19,7.8,231,1
LA-INFR-04439,National Highway,West Bengal,34.96,76,194,1,78.27,1,53.84,9.0,234,1
LA-INFR-04440,Irrigation Dam,Maharashtra,273.25,421,345,4,68.65,8,35.0,5.6,973,2
LA-INFR-04441,Irrigation Dam,Maharashtra,312.05,486,373,1,77.76,6,47.94,5.9,723,2
LA-INFR-04442,National Highway,Uttar Pradesh,19.44,41,215,1,85.69,2,74.58,7.3,250,1
LA-INFR-04443,Railway Corridor,Uttar Pradesh,44.93,89,239,0,58.76,4,44.67,5.4,455,2
LA-INFR-04444,Railway Corridor,Bihar,46.81,86,253,1,85.98,2,72.23,7.7,279,1
LA-INFR-04445,Metro Rail,Maharashtra,47.43,93,168,0,82.06,2,68.42,7.4,221,1
LA-INFR-04446,National Highway,Gujarat,144.69,239,324,0,85.57,6,48.96,6.7,577,2
LA-INFR-04447,Irrigation Dam,West Bengal,1195.27,1813,312,2,59.0,16,0.55,1.9,1000,2
LA-INFR-04448,National Highway,Uttar Pradesh,57.15,111,255,1,64.96,4,44.69,8.8,491,2
LA-INFR-04449,Industrial Park,Uttar Pradesh,156.12,254,173,1,69.66,6,44.14,6.8,606,2
LA-INFR-04450,Railway Corridor,Bihar,68.45,120,235,2,87.13,2,72.39,5.4,318,2
LA-INFR-04451,Railway Corridor,Tamil Nadu,117.62,192,237,2,76.69,4,47.28,6.6,514,2
LA-INFR-04452,Irrigation Dam,Maharashtra,210.24,336,432,2,83.33,6,61.87,6.9,716,2
LA-INFR-04453,Irrigation Dam,Maharashtra,200.13,317,338,3,76.57,3,54.79,6.2,559,2
LA-INFR-04454,Irrigation Dam,Odisha,533.7,818,414,2,70.96,20,0.0,1.0,1000,2
LA-INFR-04455,National Highway,Uttar Pradesh,37.87,73,244,2,53.32,3,42.91,8.5,489,2
LA-INFR-04456,Industrial Park,Uttar Pradesh,346.37,544,322,2,45.17,18,0.0,1.0,1000,2
LA-INFR-04457,National Highway,Odisha,17.28,45,140,1,51.57,2,43.88,7.8,343,2
LA-INFR-04458,Railway Corridor,Tamil Nadu,48.94,105,254,0,59.19,0,44.55,7.9,224,1
LA-INFR-04459,Railway Corridor,Uttar Pradesh,29.61,66,96,2,60.73,5,37.63,6.7,535,2
LA-INFR-04460,Railway Corridor,Tamil Nadu,61.0,112,227,0,59.93,2,43.11,6.6,335,2
LA-INFR-04461,Railway Corridor,Maharashtra,168.25,275,281,1,28.03,9,0.19,3.7,991,2
LA-INFR-04462,Metro Rail,West Bengal,18.99,56,302,0,91.57,0,77.96,9.1,109,1
LA-INFR-04463,National Highway,Bihar,12.46,41,266,1,37.06,7,14.32,6.8,764,2
LA-INFR-04464,Industrial Park,Odisha,196.89,313,215,1,50.08,10,12.96,3.8,965,2
LA-INFR-04465,Railway Corridor,Gujarat,53.14,107,257,2,68.19,4,46.08,6.8,521,2
LA-INFR-04466,National Highway,Gujarat,32.44,67,355,2,68.84,3,57.46,7.6,475,2
LA-INFR-04467,National Highway,Gujarat,151.84,244,233,0,82.57,5,69.09,6.2,465,2
LA-INFR-04468,Metro Rail,Bihar,11.64,32,278,2,91.65,1,77.66,8.3,234,1
LA-INFR-04469,Irrigation Dam,Uttar Pradesh,144.39,234,328,2,67.48,4,44.87,8.1,587,2
LA-INFR-04470,Metro Rail,Bihar,44.92,91,283,0,66.69,7,38.33,3.9,641,2
LA-INFR-04471,Metro Rail,Tamil Nadu,24.08,53,275,1,75.38,2,62.38,8.2,317,2
LA-INFR-04472,National Highway,Odisha,15.44,32,199,0,88.53,0,70.71,10.0,79,0
LA-INFR-04473,Railway Corridor,Uttar Pradesh,61.69,115,268,1,78.48,3,56.56,7.9,390,2
LA-INFR-04474,Industrial Park,Gujarat,753.86,1150,271,2,67.29,14,11.03,1.2,1000,2
LA-INFR-04475,Railway Corridor,Odisha,27.76,59,266,2,70.31,4,45.52,8.1,508,2
LA-INFR-04476,Railway Corridor,Gujarat,36.52,80,227,1,74.88,3,65.65,6.8,362,2
LA-INFR-04477,Railway Corridor,Odisha,24.59,55,291,0,55.81,4,26.8,7.0,496,2
LA-INFR-04478,Railway Corridor,Uttar Pradesh,54.59,95,183,1,47.31,4,32.44,7.4,518,2
LA-INFR-04479,Railway Corridor,Maharashtra,221.48,349,230,3,74.41,7,44.12,6.7,782,2
LA-INFR-04480,National Highway,Maharashtra,15.04,36,235,1,59.35,2,48.63,6.4,353,2
LA-INFR-04481,Railway Corridor,Uttar Pradesh,33.2,69,288,1,62.05,4,38.01,6.5,509,2
LA-INFR-04482,Railway Corridor,Tamil Nadu,123.76,202,181,1,91.49,4,68.04,6.7,392,2
LA-INFR-04483,Railway Corridor,Odisha,588.42,902,242,0,55.05,21,0.0,1.0,1000,2
LA-INFR-04484,National Highway,Odisha,14.57,38,205,3,57.94,2,43.88,8.0,431,2
LA-INFR-04485,Industrial Park,Tamil Nadu,888.02,1347,235,0,88.35,13,47.57,2.5,1000,2
LA-INFR-04486,National Highway,Maharashtra,12.45,32,249,2,19.31,9,0.0,4.5,976,2
LA-INFR-04487,Railway Corridor,Maharashtra,39.7,78,166,2,51.14,6,30.72,5.1,659,2
LA-INFR-04488,Irrigation Dam,Maharashtra,450.98,697,413,2,80.7,17,21.84,1.8,1000,2
LA-INFR-04489,Railway Corridor,Uttar Pradesh,47.4,94,251,2,18.75,11,0.0,3.0,1000,2
LA-INFR-04490,National Highway,Bihar,132.44,216,187,2,65.93,2,57.92,7.2,394,2
LA-INFR-04491,Industrial Park,Maharashtra,52.13,99,212,1,59.42,1,46.74,7.6,303,2
LA-INFR-04492,Railway Corridor,Uttar Pradesh,188.58,298,304,2,81.68,6,56.67,5.1,665,2
LA-INFR-04493,Irrigation Dam,Maharashtra,234.12,368,370,1,84.59,7,50.2,3.4,731,2
LA-INFR-04494,Industrial Park,Tamil Nadu,112.32,184,181,1,89.03,2,71.58,7.9,269,1
LA-INFR-04495,Industrial Park,Bihar,487.81,755,190,1,55.32,17,2.32,1.2,1000,2
LA-INFR-04496,Railway Corridor,Bihar,241.42,387,261,1,57.44,15,18.46,1.7,1000,2
LA-INFR-04497,National Highway,Bihar,45.36,90,267,1,82.63,3,60.88,6.8,367,2
LA-INFR-04498,National Highway,Gujarat,35.48,73,248,0,84.41,4,70.22,7.2,360,2
LA-INFR-04499,Railway Corridor,Uttar Pradesh,126.87,209,215,1,71.14,7,49.72,7.4,660,2
LA-INFR-04500,Railway Corridor,Bihar,38.1,70,270,2,74.73,3,61.44,5.1,423,2
LA-INFR-04501,Railway Corridor,West Bengal,77.08,136,214,1,80.21,6,58.03,6.0,548,2
LA-INFR-04502,National Highway,Tamil Nadu,13.06,40,187,2,55.49,4,34.4,5.9,522,2
LA-INFR-04503,National Highway,Gujarat,54.55,101,309,2,71.77,3,50.75,8.2,466,2
LA-INFR-04504,Railway Corridor,Uttar Pradesh,64.25,124,254,1,41.61,4,23.08,5.1,579,2
LA-INFR-04505,National Highway,Bihar,47.91,85,190,0,54.84,2,44.69,7.3,325,2
LA-INFR-04506,Industrial Park,Maharashtra,80.47,136,236,1,90.87,3,71.28,6.6,334,2
LA-INFR-04507,National Highway,Tamil Nadu,36.93,69,231,3,50.0,1,38.27,6.5,416,2
LA-INFR-04508,Railway Corridor,Uttar Pradesh,368.88,584,212,2,73.06,12,26.24,2.6,1000,2
LA-INFR-04509,Metro Rail,Maharashtra,13.1,36,241,2,60.14,3,43.61,6.5,460,2
LA-INFR-04510,National Highway,Bihar,173.23,281,183,2,79.55,7,54.9,5.4,679,2
LA-INFR-04511,Railway Corridor,Bihar,51.37,101,273,1,67.29,5,40.17,3.6,556,2
LA-INFR-04512,National Highway,Maharashtra,16.55,38,229,0,78.42,1,70.41,7.3,178,1
LA-INFR-04513,Industrial Park,Tamil Nadu,131.69,212,149,1,63.47,8,35.75,5.6,731,2
LA-INFR-04514,Railway Corridor,Tamil Nadu,134.3,221,218,1,77.31,3,57.96,8.1,400,2
LA-INFR-04515,Railway Corridor,Maharashtra,134.7,217,199,1,57.6,7,32.32,5.5,711,2
LA-INFR-04516,Railway Corridor,Bihar,206.6,331,90,2,54.44,6,36.93,6.1,680,2
LA-INFR-04517,Irrigation Dam,West Bengal,214.86,340,342,3,61.81,8,30.0,3.5,933,2
LA-INFR-04518,National Highway,Bihar,197.77,312,281,0,86.41,9,46.91,4.1,760,2
LA-INFR-04519,National Highway,Uttar Pradesh,44.12,95,224,2,56.8,2,40.31,6.0,420,2
LA-INFR-04520,Irrigation Dam,Uttar Pradesh,426.41,654,385,2,85.78,16,24.98,1.4,1000,2
LA-INFR-04521,Railway Corridor,Tamil Nadu,135.63,223,230,1,84.81,6,62.28,7.9,561,2
LA-INFR-04522,Irrigation Dam,Gujarat,855.19,1300,327,0,88.03,11,45.94,5.1,1000,2
LA-INFR-04523,Railway Corridor,Tamil Nadu,64.87,116,193,1,78.74,2,56.86,8.0,299,1
LA-INFR-04524,Irrigation Dam,Maharashtra,174.86,290,285,2,70.15,9,42.41,4.7,881,2
LA-INFR-04525,Railway Corridor,Bihar,155.18,247,276,2,69.51,7,40.65,4.9,750,2
LA-INFR-04526,Industrial Park,Odisha,121.24,206,266,0,75.71,4,58.54,7.1,438,2
LA-INFR-04527,Metro Rail,Maharashtra,25.12,51,216,2,62.88,5,44.6,5.4,566,2
LA-INFR-04528,Railway Corridor,Gujarat,279.23,439,128,2,60.08,10,19.9,6.2,970,2
LA-INFR-04529,National Highway,Gujarat,46.1,91,253,0,81.17,2,60.9,8.0,265,1
LA-INFR-04530,National Highway,Maharashtra,54.5,102,184,2,81.94,3,59.91,7.8,380,2
LA-INFR-04531,National Highway,Gujarat,252.55,401,237,2,34.45,8,6.03,4.3,964,2
LA-INFR-04532,National Highway,Uttar Pradesh,13.71,31,152,2,85.32,1,75.97,7.1,201,1
LA-INFR-04533,National Highway,Odisha,50.16,94,234,2,50.8,10,25.04,3.3,938,2
LA-INFR-04534,Railway Corridor,Bihar,25.14,70,223,0,70.54,3,58.97,5.6,336,2
LA-INFR-04535,Railway Corridor,Bihar,91.81,159,109,0,86.31,5,52.85,7.4,403,2
LA-INFR-04536,Railway Corridor,Tamil Nadu,85.72,155,310,1,54.07,2,41.9,7.9,436,2
LA-INFR-04537,Industrial Park,West Bengal,348.79,541,213,1,92.25,15,26.65,1.6,1000,2
LA-INFR-04538,National Highway,Maharashtra,131.23,222,217,3,74.04,6,53.44,5.0,673,2
LA-INFR-04539,National Highway,Tamil Nadu,33.77,67,256,1,91.59,0,81.43,9.5,130,1
LA-INFR-04540,National Highway,Maharashtra,33.94,79,227,1,63.15,4,45.01,6.9,476,2
LA-INFR-04541,Railway Corridor,Uttar Pradesh,104.8,181,248,0,86.9,6,59.03,5.2,515,2
LA-INFR-04542,National Highway,Uttar Pradesh,22.17,49,172,0,80.04,3,63.42,8.0,282,1
LA-INFR-04543,National Highway,Bihar,30.12,68,222,0,64.45,1,51.58,9.5,240,1
LA-INFR-04544,Railway Corridor,Uttar Pradesh,694.74,1062,134,1,80.71,13,34.13,2.2,1000,2
LA-INFR-04545,Irrigation Dam,Maharashtra,253.43,395,338,3,76.01,10,33.66,3.6,1000,2
LA-INFR-04546,National Highway,Maharashtra,54.65,95,302,2,72.67,1,63.86,7.4,324,2
LA-INFR-04547,Industrial Park,Maharashtra,378.4,583,154,1,56.57,16,4.27,1.9,1000,2
LA-INFR-04548,Industrial Park,Bihar,866.82,1314,212,2,58.47,9,28.01,4.4,1000,2
LA-INFR-04549,Irrigation Dam,Gujarat,760.28,1157,243,3,82.45,13,34.71,1.3,1000,2
LA-INFR-04550,Metro Rail,Maharashtra,5.74,31,230,1,59.68,4,46.91,5.5,471,2
LA-INFR-04551,National Highway,Gujarat,18.11,57,253,1,84.94,0,85.54,8.1,137,1
LA-INFR-04552,National Highway,West Bengal,95.83,164,249,3,42.26,6,12.37,7.1,799,2
LA-INFR-04553,Irrigation Dam,Tamil Nadu,1615.01,2442,319,2,84.0,25,0.0,1.0,1000,2
LA-INFR-04554,Railway Corridor,Tamil Nadu,288.21,450,122,1,87.17,8,53.6,5.7,703,2
LA-INFR-04555,Railway Corridor,Odisha,88.43,155,167,1,28.77,12,0.0,3.5,1000,2
LA-INFR-04556,Industrial Park,Maharashtra,114.12,181,292,1,55.32,12,16.16,3.0,1000,2
LA-INFR-04557,Industrial Park,Bihar,215.75,337,273,2,71.36,10,36.6,3.1,953,2
LA-INFR-04558,Metro Rail,Tamil Nadu,32.59,70,225,3,73.26,6,49.43,6.0,642,2
LA-INFR-04559,Metro Rail,Tamil Nadu,45.24,98,238,0,63.95,5,34.26,7.2,516,2
LA-INFR-04560,Industrial Park,Odisha,314.83,489,178,1,58.87,13,14.96,1.5,1000,2
LA-INFR-04561,National Highway,Maharashtra,13.84,45,294,1,68.24,3,61.68,7.4,401,2
LA-INFR-04562,Irrigation Dam,Tamil Nadu,696.47,1061,314,1,42.29,9,13.64,3.8,1000,2
LA-INFR-04563,National Highway,Bihar,115.5,188,251,0,76.59,2,62.6,7.6,300,2
LA-INFR-04564,National Highway,Uttar Pradesh,46.0,93,163,0,87.51,3,72.85,6.1,260,1
LA-INFR-04565,Irrigation Dam,Uttar Pradesh,128.85,209,341,4,23.03,5,1.4,6.1,889,2
LA-INFR-04566,National Highway,Tamil Nadu,262.12,410,292,0,88.36,12,45.61,2.3,967,2
LA-INFR-04567,National Highway,Odisha,142.05,233,182,2,75.1,7,46.49,6.2,688,2
LA-INFR-04568,National Highway,Bihar,98.52,163,267,0,97.1,4,69.67,6.5,360,2
LA-INFR-04569,Irrigation Dam,Odisha,121.31,197,295,2,80.82,4,61.97,8.2,511,2
LA-INFR-04570,Railway Corridor,Bihar,85.76,155,184,2,59.72,5,38.96,6.3,595,2
LA-INFR-04571,Industrial Park,Maharashtra,144.79,241,229,0,54.62,5,38.19,5.0,569,2
LA-INFR-04572,National Highway,Maharashtra,55.6,105,278,0,85.29,3,68.42,5.2,320,2
LA-INFR-04573,Irrigation Dam,Maharashtra,468.91,727,335,0,79.89,9,45.93,5.8,909,2
LA-INFR-04574,Irrigation Dam,Uttar Pradesh,334.72,523,380,2,55.14,15,5.37,1.4,1000,2
LA-INFR-04575,National Highway,Uttar Pradesh,34.5,76,287,0,77.34,1,67.28,6.6,217,1
LA-INFR-04576,Railway Corridor,West Bengal,102.63,174,191,1,80.65,3,69.28,8.1,354,2
LA-INFR-04577,National Highway,West Bengal,54.27,111,153,3,81.83,2,71.22,6.8,336,2
LA-INFR-04578,Metro Rail,Maharashtra,9.86,33,212,0,63.36,2,46.33,8.1,296,1
LA-INFR-04579,Industrial Park,Uttar Pradesh,62.83,111,293,2,30.11,4,14.47,6.8,671,2
LA-INFR-04580,Metro Rail,Uttar Pradesh,52.39,93,189,1,83.12,4,55.77,4.5,402,2
LA-INFR-04581,National Highway,Bihar,12.6,35,280,1,89.43,2,81.95,7.8,256,1
LA-INFR-04582,Irrigation Dam,Maharashtra,440.44,681,336,1,83.01,15,26.23,1.0,1000,2
LA-INFR-04583,Irrigation Dam,Maharashtra,125.1,210,437,4,66.29,4,43.86,5.2,708,2
LA-INFR-04584,Industrial Park,Gujarat,132.92,217,342,1,45.87,3,41.41,4.6,547,2
LA-INFR-04585,Metro Rail,Odisha,7.48,34,281,1,87.38,0,75.66,6.8,148,1
LA-INFR-04586,Railway Corridor,Maharashtra,199.11,315,147,1,89.75,12,40.02,2.8,927,2
LA-INFR-04587,National Highway,Bihar,21.96,50,109,0,82.43,3,68.48,6.9,245,1
LA-INFR-04588,Industrial Park,Uttar Pradesh,294.05,458,233,1,37.26,15,0.0,2.2,1000,2
LA-INFR-04589,Industrial Park,West Bengal,590.28,904,275,1,87.57,10,44.34,4.9,1000,2
LA-INFR-04590,Railway Corridor,Bihar,159.45,258,255,0,89.65,6,64.37,3.9,526,2
LA-INFR-04591,National Highway,Maharashtra,325.01,518,193,1,48.11,7,25.44,3.1,820,2
LA-INFR-04592,Railway Corridor,West Bengal,37.94,73,155,3,45.92,8,21.65,7.3,837,2
LA-INFR-04593,National Highway,Uttar Pradesh,58.68,103,276,1,55.39,4,39.12,6.3,529,2
LA-INFR-04594,Railway Corridor,Uttar Pradesh,58.55,106,322,1,58.73,6,39.3,6.1,659,2
LA-INFR-04595,Industrial Park,Uttar Pradesh,446.58,693,196,1,36.82,21,0.0,1.0,1000,2
LA-INFR-04596,Industrial Park,Bihar,259.08,411,271,0,83.5,7,51.83,5.9,663,2
LA-INFR-04597,National Highway,Uttar Pradesh,281.73,441,360,1,58.74,16,13.4,2.6,1000,2
LA-INFR-04598,Railway Corridor,Uttar Pradesh,149.55,247,220,1,75.01,6,52.76,3.7,599,2
LA-INFR-04599,National Highway,Uttar Pradesh,292.08,462,221,1,74.7,13,35.2,3.3,1000,2
LA-INFR-04600,National Highway,Maharashtra,20.17,47,257,1,76.18,3,58.87,7.3,371,2
LA-INFR-04601,Irrigation Dam,West Bengal,171.46,282,335,1,83.9,4,67.74,3.9,494,2
LA-INFR-04602,Metro Rail,Maharashtra,7.25,28,296,0,85.77,2,72.55,7.4,241,1
LA-INFR-04603,Railway Corridor,Maharashtra,140.5,223,209,2,73.27,10,40.8,3.3,888,2
LA-INFR-04604,Irrigation Dam,Tamil Nadu,857.24,1304,348,4,67.86,16,10.98,2.1,1000,2
LA-INFR-04605,Irrigation Dam,West Bengal,866.86,1322,277,4,43.6,16,0.0,2.3,1000,2
LA-INFR-04606,Irrigation Dam,Odisha,293.05,459,338,3,41.23,11,10.27,4.1,1000,2
LA-INFR-04607,National Highway,Bihar,69.83,121,179,1,83.31,3,67.19,6.5,331,2
LA-INFR-04608,Metro Rail,Uttar Pradesh,57.14,101,247,0,92.33,0,88.01,7.6,86,0
LA-INFR-04609,Railway Corridor,West Bengal,111.19,195,146,2,69.54,3,46.53,7.0,436,2
LA-INFR-04610,National Highway,Tamil Nadu,39.74,86,278,0,88.6,2,69.71,6.9,245,1
LA-INFR-04611,National Highway,Uttar Pradesh,120.45,201,186,1,49.15,11,8.62,2.1,991,2
LA-INFR-04612,Railway Corridor,Gujarat,22.1,56,319,2,65.68,5,50.6,6.2,594,2
LA-INFR-04613,National Highway,Maharashtra,81.8,138,298,0,77.24,1,72.81,7.4,232,1
LA-INFR-04614,National Highway,Gujarat,56.06,106,256,1,75.9,7,47.75,5.0,640,2
LA-INFR-04615,National Highway,Odisha,139.89,238,153,1,91.31,8,60.58,4.4,639,2
LA-INFR-04616,Irrigation Dam,Tamil Nadu,205.73,324,318,3,67.22,7,40.34,5.0,834,2
LA-INFR-04617,Irrigation Dam,Gujarat,398.38,616,305,2,69.66,25,0.0,1.0,1000,2
LA-INFR-04618,National Highway,West Bengal,100.21,168,191,1,88.15,2,73.63,8.1,269,1
LA-INFR-04619,Irrigation Dam,Maharashtra,390.88,613,428,2,61.49,12,14.82,2.8,1000,2
LA-INFR-04620,Irrigation Dam,Bihar,288.34,453,342,3,40.71,13,0.0,2.9,1000,2
LA-INFR-04621,Irrigation Dam,Maharashtra,804.95,1230,317,3,37.56,15,0.0,1.3,1000,2
LA-INFR-04622,National Highway,Uttar Pradesh,37.66,76,192,0,86.78,1,83.36,6.5,136,1
LA-INFR-04623,Industrial Park,West Bengal,784.74,1192,203,1,66.33,13,21.49,2.7,1000,2
LA-INFR-04624,Metro Rail,Uttar Pradesh,18.61,48,256,1,81.94,1,68.71,8.3,224,1
LA-INFR-04625,Industrial Park,Uttar Pradesh,67.59,127,148,0,36.99,4,24.36,7.4,507,2
LA-INFR-04626,National Highway,Tamil Nadu,34.28,75,234,1,54.75,6,27.98,6.3,639,2
LA-INFR-04627,Railway Corridor,Odisha,132.15,220,251,0,91.82,8,71.92,3.9,619,2
LA-INFR-04628,Industrial Park,Maharashtra,881.29,1337,143,2,48.03,17,0.0,1.3,1000,2
LA-INFR-04629,Railway Corridor,Uttar Pradesh,125.7,208,159,1,50.71,8,9.28,4.7,797,2
LA-INFR-04630,National Highway,Maharashtra,136.85,228,227,2,77.64,2,59.85,7.9,382,2
LA-INFR-04631,National Highway,Tamil Nadu,100.63,167,302,2,45.83,6,32.25,6.1,748,2
LA-INFR-04632,Irrigation Dam,Maharashtra,672.87,1030,410,4,37.55,16,0.0,1.0,1000,2
LA-INFR-04633,Irrigation Dam,Tamil Nadu,459.68,707,319,3,67.52,20,0.0,1.0,1000,2
LA-INFR-04634,National Highway,Uttar Pradesh,65.37,123,300,0,93.72,3,77.38,7.4,301,2
LA-INFR-04635,Metro Rail,Maharashtra,41.84,82,214,0,65.88,4,39.34,6.7,432,2
LA-INFR-04636,National Highway,Gujarat,29.15,67,213,0,62.06,7,29.99,5.2,628,2
LA-INFR-04637,Industrial Park,Maharashtra,238.52,376,234,1,78.15,6,45.3,4.9,640,2
LA-INFR-04638,Irrigation Dam,Bihar,215.58,340,391,3,75.58,10,36.18,3.6,1000,2
LA-INFR-04639,Irrigation Dam,Maharashtra,461.42,719,319,4,65.32,21,3.84,1.8,1000,2
LA-INFR-04640,Metro Rail,Bihar,75.05,130,210,1,79.76,4,62.77,5.2,420,2
LA-INFR-04641,National Highway,Bihar,97.77,171,167,1,72.69,5,52.81,7.9,503,2
LA-INFR-04642,Irrigation Dam,Uttar Pradesh,291.75,458,367,3,77.58,7,45.52,7.1,857,2
LA-INFR-04643,National Highway,Maharashtra,67.72,121,276,1,50.18,4,37.06,5.1,549,2
LA-INFR-04644,Industrial Park,Uttar Pradesh,184.35,301,279,2,81.14,6,51.14,5.0,664,2
LA-INFR-04645,Industrial Park,Tamil Nadu,607.45,927,161,1,85.52,20,15.95,1.0,1000,2
LA-INFR-04646,Industrial Park,West Bengal,428.34,664,210,2,68.51,17,14.44,1.0,1000,2
LA-INFR-04647,National Highway,Bihar,67.26,112,292,1,80.93,3,63.43,6.2,385,2
LA-INFR-04648,Irrigation Dam,Tamil Nadu,349.58,548,361,2,47.36,15,2.2,2.7,1000,2
LA-INFR-04649,National Highway,Uttar Pradesh,57.42,111,231,0,93.61,3,74.25,7.1,275,1
LA-INFR-04650,National Highway,Uttar Pradesh,24.79,60,230,0,72.49,3,63.03,7.4,327,2
LA-INFR-04651,Industrial Park,Maharashtra,108.76,184,257,2,83.13,1,73.91,7.4,291,1
LA-INFR-04652,Railway Corridor,Uttar Pradesh,137.5,221,244,3,75.27,1,60.33,7.4,372,2
LA-INFR-04653,Irrigation Dam,Uttar Pradesh,99.17,171,321,2,63.96,1,51.85,6.9,388,2
LA-INFR-04654,Railway Corridor,Bihar,96.55,166,274,0,86.2,4,64.47,6.9,397,2
LA-INFR-04655,National Highway,Tamil Nadu,118.51,184,169,0,81.51,3,69.15,7.8,307,2
LA-INFR-04656,Irrigation Dam,Gujarat,940.63,1426,416,3,45.45,17,0.0,1.0,1000,2
LA-INFR-04657,Railway Corridor,Maharashtra,218.8,346,185,2,82.62,6,48.92,6.4,637,2
LA-INFR-04658,National Highway,Tamil Nadu,24.69,61,257,0,74.98,1,62.55,7.9,212,1
LA-INFR-04659,Industrial Park,Odisha,88.54,144,221,2,74.85,5,58.49,4.8,546,2
LA-INFR-04660,Railway Corridor,Tamil Nadu,380.92,591,206,1,70.55,13,24.22,1.4,1000,2
LA-INFR-04661,Industrial Park,Uttar Pradesh,1209.96,1837,297,2,42.41,12,1.39,2.9,1000,2
LA-INFR-04662,Railway Corridor,Uttar Pradesh,20.34,45,267,1,30.31,3,21.15,6.3,534,2
LA-INFR-04663,Irrigation Dam,Maharashtra,769.82,1183,347,2,28.85,8,0.0,5.8,1000,2
LA-INFR-04664,Irrigation Dam,Uttar Pradesh,213.79,339,437,3,71.94,8,43.78,4.4,929,2
LA-INFR-04665,Industrial Park,West Bengal,221.73,355,278,2,61.04,8,32.46,4.3,870,2
LA-INFR-04666,National Highway,Maharashtra,19.46,53,189,2,76.58,2,63.91,6.8,317,2
LA-INFR-04667,Irrigation Dam,Uttar Pradesh,1453.97,2206,236,1,58.15,23,0.0,1.0,1000,2
LA-INFR-04668,Industrial Park,West Bengal,187.48,296,235,0,58.14,11,18.98,3.9,961,2
LA-INFR-04669,Industrial Park,West Bengal,648.28,983,299,1,16.86,11,0.0,4.7,1000,2
LA-INFR-04670,Railway Corridor,Bihar,222.43,351,260,3,35.93,10,3.24,2.8,1000,2
LA-INFR-04671,Irrigation Dam,Tamil Nadu,1096.94,1662,428,2,65.97,12,13.14,3.6,1000,2
LA-INFR-04672,Industrial Park,Uttar Pradesh,264.61,421,200,0,78.6,13,36.98,1.5,1000,2
LA-INFR-04673,National Highway,Maharashtra,104.14,182,224,2,59.88,4,44.86,7.4,550,2
LA-INFR-04674,Railway Corridor,Uttar Pradesh,42.68,90,225,1,88.54,1,79.39,6.0,193,1
LA-INFR-04675,Irrigation Dam,Tamil Nadu,248.2,386,362,4,62.83,7,37.25,6.4,923,2
LA-INFR-04676,National Highway,Gujarat,22.32,51,268,1,60.84,4,49.55,7.3,486,2
LA-INFR-04677,Metro Rail,Maharashtra,14.0,47,311,0,16.04,5,0.5,5.2,692,2
LA-INFR-04678,Industrial Park,Bihar,495.56,767,322,0,90.93,12,44.76,2.7,1000,2
LA-INFR-04679,Industrial Park,Uttar Pradesh,451.63,697,313,1,59.27,13,5.67,1.0,1000,2
LA-INFR-04680,National Highway,Bihar,54.63,105,263,1,70.1,1,53.74,5.8,289,1
LA-INFR-04681,National Highway,Maharashtra,11.35,32,212,2,73.19,3,55.35,6.5,400,2
LA-INFR-04682,Metro Rail,Uttar Pradesh,19.07,44,241,2,74.21,1,64.29,7.8,282,1
LA-INFR-04683,National Highway,Odisha,17.01,39,262,2,81.27,3,61.19,7.8,395,2
LA-INFR-04684,Irrigation Dam,Tamil Nadu,424.06,648,356,3,62.24,17,3.86,1.0,1000,2
LA-INFR-04685,Railway Corridor,Bihar,89.92,148,184,1,67.4,2,50.14,7.1,341,2
LA-INFR-04686,National Highway,Uttar Pradesh,35.43,71,206,1,55.38,1,51.56,6.3,297,1
LA-INFR-04687,National Highway,Uttar Pradesh,95.95,169,273,2,56.55,5,34.47,5.9,647,2
LA-INFR-04688,Railway Corridor,Uttar Pradesh,200.54,310,217,1,54.06,7,33.55,5.3,751,2
LA-INFR-04689,Metro Rail,Odisha,5.72,34,231,1,78.73,3,60.55,7.4,348,2
LA-INFR-04690,Railway Corridor,Gujarat,26.58,63,226,1,73.55,1,65.01,7.6,241,1
LA-INFR-04691,Railway Corridor,Bihar,26.81,66,185,1,57.9,3,45.45,7.7,408,2
LA-INFR-04692,National Highway,Uttar Pradesh,108.76,180,221,0,87.11,11,46.2,3.6,820,2
LA-INFR-04693,Railway Corridor,Odisha,72.62,133,207,2,67.3,7,34.05,5.1,705,2
LA-INFR-04694,Railway Corridor,Bihar,146.73,235,195,1,72.92,7,42.92,6.0,663,2
LA-INFR-04695,Irrigation Dam,Tamil Nadu,429.56,659,297,2,60.8,11,11.33,4.4,1000,2
LA-INFR-04696,Railway Corridor,Uttar Pradesh,123.98,200,224,0,61.36,8,39.44,4.5,719,2
LA-INFR-04697,Railway Corridor,West Bengal,136.18,226,260,1,56.82,7,13.33,7.0,762,2
LA-INFR-04698,National Highway,Bihar,23.66,51,286,3,34.44,7,14.2,5.5,861,2
LA-INFR-04699,Metro Rail,Odisha,71.33,129,160,0,90.35,2,75.85,7.3,198,1
LA-INFR-04700,National Highway,West Bengal,322.24,500,310,1,65.03,16,1.84,1.3,1000,2
LA-INFR-04701,National Highway,Uttar Pradesh,10.72,43,244,1,89.36,3,72.73,7.2,314,2
LA-INFR-04702,Industrial Park,West Bengal,621.23,951,173,1,70.05,12,21.51,4.1,1000,2
LA-INFR-04703,Railway Corridor,Odisha,116.54,191,209,1,68.53,1,60.84,7.7,287,1
LA-INFR-04704,Railway Corridor,Uttar Pradesh,400.98,618,136,1,75.28,18,13.47,1.0,1000,2
LA-INFR-04705,Railway Corridor,Maharashtra,75.66,138,148,2,70.76,3,55.84,5.7,408,2
LA-INFR-04706,Irrigation Dam,Maharashtra,365.18,564,436,2,66.08,12,21.63,2.4,1000,2
LA-INFR-04707,National Highway,Bihar,48.28,90,195,0,38.21,4,29.04,5.6,508,2
LA-INFR-04708,Irrigation Dam,Uttar Pradesh,2517.74,3789,376,1,92.86,19,21.5,1.0,1000,2
LA-INFR-04709,Industrial Park,Tamil Nadu,527.3,816,224,0,52.84,9,17.18,3.3,990,2
LA-INFR-04710,Railway Corridor,Maharashtra,59.85,115,230,1,82.81,5,58.68,4.0,481,2
LA-INFR-04711,Railway Corridor,Odisha,32.95,71,248,0,77.3,3,60.06,5.4,329,2
LA-INFR-04712,National Highway,Uttar Pradesh,57.98,105,125,3,73.91,3,51.86,7.3,427,2
LA-INFR-04713,Irrigation Dam,Uttar Pradesh,442.99,692,415,1,87.86,10,39.1,5.7,1000,2
LA-INFR-04714,Railway Corridor,Bihar,71.38,128,225,1,71.71,6,48.31,6.5,583,2
LA-INFR-04715,National Highway,Bihar,18.65,46,204,0,70.8,4,53.36,5.3,389,2
LA-INFR-04716,Railway Corridor,Uttar Pradesh,22.46,53,253,2,56.08,3,49.99,5.9,471,2
LA-INFR-04717,Metro Rail,Uttar Pradesh,28.68,65,193,1,71.28,1,67.41,7.0,231,1
LA-INFR-04718,Railway Corridor,Maharashtra,267.99,421,240,2,67.57,9,34.14,2.9,915,2
LA-INFR-04719,Metro Rail,West Bengal,20.36,51,221,2,82.45,2,64.83,7.0,314,2
LA-INFR-04720,National Highway,West Bengal,67.04,118,265,1,73.76,4,60.02,6.9,457,2
LA-INFR-04721,National Highway,Bihar,16.03,55,219,2,85.84,2,67.01,6.2,303,2
LA-INFR-04722,National Highway,West Bengal,36.27,78,178,0,91.38,3,77.71,5.6,246,1
LA-INFR-04723,Railway Corridor,West Bengal,77.38,140,248,2,62.98,3,40.51,7.6,486,2
LA-INFR-04724,National Highway,Maharashtra,158.27,253,216,0,81.36,6,65.05,4.7,529,2
LA-INFR-04725,National Highway,Gujarat,124.84,212,138,0,57.25,3,37.19,6.0,400,2
LA-INFR-04726,Metro Rail,Odisha,7.36,29,239,2,90.17,3,67.2,4.4,354,2
LA-INFR-04727,Irrigation Dam,Uttar Pradesh,86.45,141,323,2,75.35,4,46.28,7.3,540,2
LA-INFR-04728,Industrial Park,Maharashtra,1010.01,1533,247,2,71.69,11,29.53,4.9,1000,2
LA-INFR-04729,National Highway,Maharashtra,171.67,277,187,2,81.65,9,48.67,4.1,802,2
LA-INFR-04730,National Highway,Maharashtra,219.07,348,169,1,67.48,10,27.74,3.9,895,2
LA-INFR-04731,National Highway,West Bengal,18.04,49,289,0,83.1,0,70.35,8.5,133,1
LA-INFR-04732,Industrial Park,Bihar,257.45,410,272,2,88.11,13,33.05,3.5,1000,2
LA-INFR-04733,Metro Rail,West Bengal,61.46,113,229,0,65.2,5,45.08,5.9,501,2
LA-INFR-04734,Railway Corridor,West Bengal,69.9,123,251,0,65.45,11,29.39,3.0,891,2
LA-INFR-04735,National Highway,Tamil Nadu,11.12,33,270,1,93.04,1,81.55,7.4,183,1
LA-INFR-04736,Railway Corridor,Tamil Nadu,95.19,158,229,2,75.28,3,62.22,6.4,427,2
LA-INFR-04737,National Highway,Maharashtra,141.4,238,169,2,38.64,12,0.0,3.4,1000,2
LA-INFR-04738,Railway Corridor,Uttar Pradesh,144.2,240,244,1,85.52,5,58.81,4.9,513,2
LA-INFR-04739,Industrial Park,Tamil Nadu,369.25,568,280,2,71.83,11,30.64,4.8,1000,2
LA-INFR-04740,Industrial Park,Maharashtra,151.84,244,259,3,69.33,4,56.78,8.4,584,2
LA-INFR-04741,National Highway,Maharashtra,64.04,114,232,1,55.77,3,47.56,6.1,443,2
LA-INFR-04742,National Highway,Odisha,108.36,175,258,0,86.03,4,69.39,5.6,388,2
LA-INFR-04743,Metro Rail,Tamil Nadu,20.41,63,218,0,73.37,2,63.87,6.3,259,1
LA-INFR-04744,National Highway,Uttar Pradesh,17.22,43,282,1,58.51,0,48.71,7.5,256,1
LA-INFR-04745,National Highway,Tamil Nadu,44.12,88,297,0,70.01,5,48.53,7.7,505,2
LA-INFR-04746,National Highway,West Bengal,46.67,95,165,1,76.77,4,48.76,5.8,417,2
LA-INFR-04747,National Highway,Uttar Pradesh,58.04,105,285,2,51.8,6,32.46,5.7,710,2
LA-INFR-04748,Railway Corridor,Maharashtra,374.02,580,341,1,88.19,10,48.13,3.5,949,2
LA-INFR-04749,Irrigation Dam,Gujarat,176.19,292,376,1,79.58,6,63.83,3.5,648,2
LA-INFR-04750,National Highway,Uttar Pradesh,26.79,66,279,1,41.0,5,23.2,5.4,635,2
LA-INFR-04751,Railway Corridor,Maharashtra,37.22,81,197,0,69.52,1,55.79,7.6,215,1
LA-INFR-04752,Industrial Park,Bihar,194.15,313,204,1,84.88,7,54.02,6.7,644,2
LA-INFR-04753,Railway Corridor,West Bengal,106.54,179,219,3,89.97,3,68.82,5.0,424,2
LA-INFR-04754,Irrigation Dam,Uttar Pradesh,676.2,1037,329,4,75.25,15,19.82,2.9,1000,2
LA-INFR-04755,Irrigation Dam,Uttar Pradesh,283.33,441,284,3,29.75,16,0.0,1.8,1000,2
LA-INFR-04756,National Highway,Uttar Pradesh,53.62,104,221,2,62.02,2,44.88,7.1,403,2
LA-INFR-04757,Irrigation Dam,Gujarat,183.28,290,391,3,68.47,8,37.33,3.8,914,2
LA-INFR-04758,Railway Corridor,Maharashtra,124.64,206,165,2,58.47,7,21.75,6.4,745,2
LA-INFR-04759,Metro Rail,Tamil Nadu,38.37,77,238,1,78.78,0,71.71,8.3,169,1
LA-INFR-04760,Railway Corridor,Gujarat,145.45,238,237,2,73.17,11,29.05,3.6,977,2
LA-INFR-04761,Metro Rail,Maharashtra,26.6,51,214,1,74.24,1,57.07,7.5,242,1
LA-INFR-04762,Irrigation Dam,Gujarat,529.39,814,374,4,41.13,13,1.63,3.7,1000,2
LA-INFR-04763,National Highway,Gujarat,41.17,85,250,1,92.6,4,62.5,5.5,392,2
LA-INFR-04764,Railway Corridor,Odisha,59.56,113,211,1,83.77,4,66.52,7.8,401,2
LA-INFR-04765,Metro Rail,Uttar Pradesh,12.7,36,283,2,80.44,4,62.74,8.6,463,2
LA-INFR-04766,Irrigation Dam,Tamil Nadu,410.23,630,378,2,58.23,5,32.94,5.7,811,2
LA-INFR-04767,National Highway,West Bengal,249.53,397,308,2,81.01,11,38.53,4.9,1000,2
LA-INFR-04768,Industrial Park,Gujarat,180.42,293,226,1,66.28,7,39.98,4.6,711,2
LA-INFR-04769,National Highway,Maharashtra,14.05,35,213,2,66.08,2,54.63,6.1,360,2
LA-INFR-04770,National Highway,West Bengal,127.72,215,219,0,87.09,4,70.95,5.8,378,2
LA-INFR-04771,Railway Corridor,Uttar Pradesh,281.65,444,288,0,81.24,10,46.78,4.4,870,2
LA-INFR-04772,National Highway,Maharashtra,48.33,86,222,1,66.55,1,62.07,7.4,267,1
LA-INFR-04773,Irrigation Dam,Bihar,355.66,551,345,2,62.95,13,23.41,3.2,1000,2
LA-INFR-04774,National Highway,West Bengal,118.4,196,328,1,61.11,7,34.57,5.5,745,2
LA-INFR-04775,Irrigation Dam,Bihar,1348.36,2044,282,3,50.02,9,16.57,4.0,1000,2
LA-INFR-04776,National Highway,Bihar,28.49,60,247,2,80.34,4,59.7,5.2,459,2
LA-INFR-04777,National Highway,Gujarat,11.02,31,226,1,78.32,1,65.78,7.6,220,1
LA-INFR-04778,National Highway,Uttar Pradesh,49.2,91,217,1,87.86,4,74.32,5.0,379,2
LA-INFR-04779,National Highway,Tamil Nadu,127.5,219,182,3,36.76,7,8.3,5.3,865,2
LA-INFR-04780,National Highway,Uttar Pradesh,145.71,230,196,1,85.85,4,70.94,6.7,417,2
LA-INFR-04781,National Highway,Uttar Pradesh,197.72,313,209,2,81.73,4,59.15,4.1,508,2
LA-INFR-04782,Railway Corridor,Tamil Nadu,52.21,101,254,1,75.08,2,67.1,8.5,316,2
LA-INFR-04783,National Highway,Gujarat,62.06,105,272,0,69.95,4,54.59,6.1,433,2
LA-INFR-04784,Railway Corridor,Bihar,100.45,170,141,2,86.11,5,62.3,6.5,488,2
LA-INFR-04785,Railway Corridor,West Bengal,106.38,179,169,3,73.96,5,52.86,5.3,583,2
LA-INFR-04786,Irrigation Dam,Maharashtra,467.67,729,377,3,28.5,15,0.0,1.6,1000,2
LA-INFR-04787,Metro Rail,Uttar Pradesh,10.36,41,261,1,24.08,5,9.56,7.6,679,2
LA-INFR-04788,Railway Corridor,Bihar,243.81,387,156,1,83.89,14,38.23,1.0,1000,2
LA-INFR-04789,National Highway,Maharashtra,166.29,264,273,4,40.2,8,18.87,4.3,993,2
LA-INFR-04790,National Highway,Uttar Pradesh,46.48,90,229,2,76.0,4,54.78,6.4,476,2
LA-INFR-04791,Metro Rail,Bihar,20.12,55,267,0,95.45,2,90.91,4.7,190,1
LA-INFR-04792,National Highway,Maharashtra,69.59,131,187,2,66.84,5,43.57,5.1,566,2
LA-INFR-04793,National Highway,Uttar Pradesh,77.22,138,160,1,55.97,7,27.12,6.0,684,2
LA-INFR-04794,National Highway,Bihar,24.2,59,214,0,81.86,2,66.84,5.9,232,1
LA-INFR-04795,National Highway,Tamil Nadu,118.82,200,216,1,54.4,8,24.17,5.0,791,2
LA-INFR-04796,National Highway,Gujarat,30.54,70,213,0,47.54,2,29.62,7.5,365,2
LA-INFR-04797,Irrigation Dam,Tamil Nadu,176.45,286,330,1,54.83,7,22.69,5.7,800,2
LA-INFR-04798,National Highway,Bihar,41.29,78,314,0,72.66,1,56.29,6.5,254,1
LA-INFR-04799,Industrial Park,Gujarat,648.12,990,145,2,68.05,10,32.42,4.2,1000,2
LA-INFR-04800,National Highway,West Bengal,211.94,336,187,3,66.59,7,46.41,4.0,779,2
LA-INFR-04801,National Highway,Uttar Pradesh,109.42,171,209,0,49.08,4,28.83,6.1,509,2
LA-INFR-04802,Metro Rail,Maharashtra,14.4,31,231,2,64.21,3,48.14,7.7,439,2
LA-INFR-04803,National Highway,Tamil Nadu,19.09,48,265,1,95.32,2,75.75,6.3,246,1
LA-INFR-04804,Irrigation Dam,Tamil Nadu,236.21,371,393,1,71.08,6,49.27,6.1,716,2
LA-INFR-04805,Railway Corridor,West Bengal,167.57,265,283,2,44.84,7,20.69,5.1,844,2
LA-INFR-04806,National Highway,West Bengal,30.57,59,254,2,63.98,1,59.19,8.4,323,2
LA-INFR-04807,Metro Rail,Tamil Nadu,19.02,48,143,3,58.07,1,44.23,5.6,348,2
LA-INFR-04808,National Highway,Gujarat,76.88,131,146,0,46.75,5,26.89,7.2,541,2
LA-INFR-04809,Irrigation Dam,Bihar,160.58,258,407,3,52.38,7,24.97,3.4,907,2
LA-INFR-04810,National Highway,Maharashtra,27.65,54,284,2,14.51,5,0.0,4.8,768,2
LA-INFR-04811,Irrigation Dam,Odisha,176.91,287,381,4,80.44,8,53.37,5.9,900,2
LA-INFR-04812,National Highway,Uttar Pradesh,51.74,104,188,3,20.74,5,0.81,5.9,766,2
LA-INFR-04813,Railway Corridor,West Bengal,54.6,97,213,2,79.18,4,57.02,6.0,461,2
LA-INFR-04814,Irrigation Dam,Gujarat,254.49,408,330,3,51.1,8,18.03,5.7,987,2
LA-INFR-04815,Metro Rail,Tamil Nadu,14.84,46,178,1,95.5,3,87.74,6.7,255,1
LA-INFR-04816,Metro Rail,Tamil Nadu,40.32,77,242,0,75.38,1,60.08,6.6,213,1
LA-INFR-04817,Irrigation Dam,Bihar,272.7,423,457,4,68.48,9,37.6,5.6,1000,2
LA-INFR-04818,Irrigation Dam,Uttar Pradesh,269.35,422,325,3,55.11,13,3.75,3.1,1000,2
LA-INFR-04819,National Highway,Uttar Pradesh,54.3,100,294,2,56.96,7,32.58,3.9,759,2
LA-INFR-04820,National Highway,Tamil Nadu,34.5,72,185,1,90.32,0,75.55,7.2,113,1
LA-INFR-04821,National Highway,West Bengal,10.08,31,153,1,89.33,1,78.15,6.6,149,1
LA-INFR-04822,Railway Corridor,Tamil Nadu,298.74,472,279,1,78.35,7,51.07,4.0,736,2
LA-INFR-04823,Railway Corridor,Maharashtra,91.42,159,219,0,56.62,5,35.58,5.9,542,2
LA-INFR-04824,Railway Corridor,Bihar,83.0,135,293,3,61.99,2,53.32,7.1,471,2
LA-INFR-04825,National Highway,West Bengal,18.48,47,303,0,62.38,3,49.47,7.2,395,2
LA-INFR-04826,Industrial Park,Bihar,219.25,348,216,1,67.13,13,18.0,3.4,1000,2
LA-INFR-04827,National Highway,Bihar,80.75,146,297,2,69.79,2,59.27,8.0,408,2
LA-INFR-04828,National Highway,West Bengal,69.69,123,186,1,60.56,3,46.64,7.8,416,2
LA-INFR-04829,Railway Corridor,Tamil Nadu,133.49,218,185,1,63.77,4,50.18,6.9,489,2
LA-INFR-04830,Irrigation Dam,Bihar,232.1,363,403,0,91.18,6,56.81,6.0,618,2
LA-INFR-04831,Industrial Park,Odisha,283.76,443,152,1,79.24,13,32.87,3.8,1000,2
LA-INFR-04832,Industrial Park,Maharashtra,662.88,1019,229,1,63.57,22,0.0,1.0,1000,2
LA-INFR-04833,National Highway,Gujarat,43.49,86,292,2,59.55,13,12.73,1.8,1000,2
LA-INFR-04834,Railway Corridor,Maharashtra,58.38,102,295,0,84.49,3,72.33,5.4,324,2
LA-INFR-04835,National Highway,Maharashtra,44.21,86,208,1,90.39,3,68.8,5.8,314,2
LA-INFR-04836,Railway Corridor,Odisha,91.52,160,280,2,79.6,3,66.2,7.1,432,2
LA-INFR-04837,Railway Corridor,Uttar Pradesh,69.07,128,173,3,78.0,5,51.58,5.7,562,2
LA-INFR-04838,National Highway,West Bengal,21.53,46,196,1,71.87,4,59.31,6.6,416,2
LA-INFR-04839,National Highway,Odisha,34.8,68,241,0,94.33,1,83.93,7.3,134,1
LA-INFR-04840,Metro Rail,Odisha,33.34,71,248,1,51.6,5,23.66,5.1,597,2
LA-INFR-04841,Metro Rail,Gujarat,12.42,36,177,3,73.77,1,69.08,5.0,289,1
LA-INFR-04842,Railway Corridor,Uttar Pradesh,169.02,278,323,2,42.3,4,28.88,5.2,679,2
LA-INFR-04843,National Highway,West Bengal,61.97,109,136,1,74.35,4,55.37,8.1,408,2
LA-INFR-04844,National Highway,Maharashtra,106.02,182,232,1,73.47,7,41.93,6.2,663,2
LA-INFR-04845,Railway Corridor,Bihar,24.52,54,239,1,61.34,2,44.93,6.5,359,2
LA-INFR-04846,Metro Rail,Odisha,23.93,54,142,2,45.01,1,40.04,7.1,347,2
LA-INFR-04847,National Highway,Uttar Pradesh,279.3,431,296,1,72.05,9,30.14,3.9,894,2
LA-INFR-04848,Irrigation Dam,Tamil Nadu,116.95,193,312,3,85.63,5,58.68,7.1,608,2
LA-INFR-04849,National Highway,Bihar,40.59,85,234,1,66.11,2,56.98,8.1,339,2
LA-INFR-04850,Metro Rail,Tamil Nadu,9.52,31,246,1,36.81,4,14.1,7.4,574,2
LA-INFR-04851,Railway Corridor,Gujarat,47.58,89,157,1,69.33,2,49.59,6.2,310,2
LA-INFR-04852,Irrigation Dam,Maharashtra,130.17,209,296,4,58.11,5,39.91,7.8,738,2
LA-INFR-04853,National Highway,Tamil Nadu,23.1,46,308,1,53.1,2,40.46,6.9,411,2
LA-INFR-04854,Industrial Park,Odisha,171.04,274,226,2,36.8,13,2.44,3.6,1000,2
LA-INFR-04855,National Highway,Bihar,128.76,208,95,1,35.18,10,0.14,4.3,942,2
LA-INFR-04856,National Highway,Maharashtra,52.08,96,214,3,84.56,3,59.35,5.1,425,2
LA-INFR-04857,Metro Rail,Tamil Nadu,21.35,54,228,2,54.87,4,43.05,5.9,533,2
LA-INFR-04858,Metro Rail,Uttar Pradesh,20.92,56,240,1,83.84,0,68.81,8.0,155,1
LA-INFR-04859,Irrigation Dam,Maharashtra,275.14,433,250,3,81.54,7,47.34,4.4,791,2
LA-INFR-04860,Industrial Park,Odisha,82.84,147,228,2,72.14,4,51.25,4.9,505,2
LA-INFR-04861,Irrigation Dam,Bihar,134.11,225,308,3,72.45,13,27.02,2.3,1000,2
LA-INFR-04862,National Highway,Gujarat,17.89,40,241,3,40.51,3,29.36,8.1,567,2
LA-INFR-04863,National Highway,Odisha,80.31,134,255,0,86.73,6,64.86,6.2,500,2
LA-INFR-04864,National Highway,Tamil Nadu,89.0,155,249,0,64.33,7,24.02,4.6,667,2
LA-INFR-04865,Industrial Park,Maharashtra,154.16,249,300,0,48.62,4,27.05,6.6,569,2
LA-INFR-04866,Railway Corridor,Bihar,64.8,119,339,1,84.38,4,69.23,5.0,449,2
LA-INFR-04867,National Highway,Maharashtra,42.14,85,173,2,75.89,3,54.82,6.8,392,2
LA-INFR-04868,Railway Corridor,Gujarat,126.11,206,210,0,80.5,6,54.19,3.7,529,2
LA-INFR-04869,Irrigation Dam,Maharashtra,124.09,209,387,2,69.04,2,62.87,6.0,458,2
LA-INFR-04870,Railway Corridor,Uttar Pradesh,142.07,237,223,0,91.51,8,57.5,5.6,631,2
LA-INFR-04871,National Highway,Bihar,42.23,76,93,1,45.73,5,24.85,5.4,550,2
LA-INFR-04872,National Highway,Uttar Pradesh,39.1,84,220,0,59.45,3,43.7,6.3,385,2
LA-INFR-04873,National Highway,Uttar Pradesh,90.45,153,291,1,57.61,9,31.29,4.3,852,2
LA-INFR-04874,National Highway,Tamil Nadu,99.29,171,160,1,58.39,4,32.53,7.9,501,2
LA-INFR-04875,Industrial Park,Maharashtra,189.35,296,241,0,74.01,13,36.54,1.0,1000,2
LA-INFR-04876,Industrial Park,Maharashtra,1243.6,1887,134,2,72.54,16,16.16,1.0,1000,2
LA-INFR-04877,Industrial Park,Uttar Pradesh,83.37,142,273,1,78.03,1,65.53,10.0,270,1
LA-INFR-04878,Railway Corridor,West Bengal,88.01,147,242,1,48.78,7,18.84,6.3,748,2
LA-INFR-04879,Irrigation Dam,Tamil Nadu,83.37,136,321,2,42.55,8,8.62,5.3,905,2
LA-INFR-04880,National Highway,Bihar,112.5,184,209,2,51.23,2,28.41,7.4,467,2
LA-INFR-04881,Railway Corridor,Tamil Nadu,164.92,270,155,1,91.75,9,61.66,4.1,707,2
LA-INFR-04882,Irrigation Dam,Uttar Pradesh,288.27,454,400,1,72.96,4,42.58,5.0,624,2
LA-INFR-04883,National Highway,Gujarat,47.71,90,190,3,24.51,4,9.81,6.0,683,2
LA-INFR-04884,National Highway,Maharashtra,42.67,78,255,2,60.19,3,42.96,6.6,477,2
LA-INFR-04885,Irrigation Dam,Tamil Nadu,220.68,351,301,1,49.69,11,13.18,4.7,1000,2
LA-INFR-04886,National Highway,Odisha,44.51,87,339,3,71.58,1,51.44,7.9,394,2
LA-INFR-04887,Industrial Park,Odisha,52.55,98,307,1,89.1,6,58.06,5.6,553,2
LA-INFR-04888,National Highway,Maharashtra,185.84,295,333,4,23.36,12,0.0,2.5,1000,2
LA-INFR-04889,Industrial Park,Uttar Pradesh,319.05,493,339,1,31.1,17,0.0,1.0,1000,2
LA-INFR-04890,National Highway,West Bengal,79.2,134,198,0,79.3,2,62.05,5.4,259,1
LA-INFR-04891,National Highway,Maharashtra,47.85,91,185,3,27.93,5,10.65,6.2,732,2
LA-INFR-04892,Industrial Park,Odisha,96.77,169,331,0,96.14,6,77.14,4.3,500,2
LA-INFR-04893,National Highway,West Bengal,103.85,181,222,1,47.61,7,27.29,4.8,741,2
LA-INFR-04894,Railway Corridor,West Bengal,32.27,66,271,3,54.78,4,42.16,7.4,595,2
LA-INFR-04895,National Highway,Maharashtra,14.26,38,198,0,49.36,2,41.17,7.4,333,2
LA-INFR-04896,National Highway,West Bengal,56.25,101,199,1,58.32,3,44.4,7.1,424,2
LA-INFR-04897,National Highway,Tamil Nadu,20.47,53,271,1,73.87,2,57.06,8.4,325,2
LA-INFR-04898,National Highway,Odisha,10.47,28,131,2,74.07,3,57.94,7.5,362,2
LA-INFR-04899,Metro Rail,Maharashtra,14.65,44,269,2,77.21,1,76.32,7.4,271,1
LA-INFR-04900,National Highway,Maharashtra,18.86,46,256,2,59.78,3,49.4,4.8,462,2
LA-INFR-04901,Railway Corridor,Uttar Pradesh,31.27,73,203,0,76.24,2,60.82,6.8,253,1
LA-INFR-04902,National Highway,Maharashtra,14.8,50,231,1,48.46,2,27.14,7.1,408,2
LA-INFR-04903,National Highway,Tamil Nadu,23.77,53,239,2,80.41,2,70.16,7.2,321,2
LA-INFR-04904,Metro Rail,Gujarat,111.8,190,241,2,55.82,7,33.92,3.6,763,2
LA-INFR-04905,National Highway,Uttar Pradesh,109.31,186,264,1,48.52,3,31.95,7.0,512,2
LA-INFR-04906,Metro Rail,Odisha,38.27,73,189,1,73.48,4,50.79,7.1,427,2
LA-INFR-04907,National Highway,Maharashtra,52.38,99,364,1,90.43,6,53.64,5.2,578,2
LA-INFR-04908,Industrial Park,Maharashtra,250.71,396,219,2,63.72,9,36.63,4.8,906,2
LA-INFR-04909,Railway Corridor,Maharashtra,173.61,278,223,2,74.77,8,41.22,4.1,783,2
LA-INFR-04910,Irrigation Dam,Uttar Pradesh,212.83,335,447,4,51.25,6,29.43,5.8,921,2
LA-INFR-04911,Railway Corridor,Gujarat,30.81,73,138,1,68.27,1,52.95,9.4,236,1
LA-INFR-04912,Railway Corridor,Maharashtra,143.71,232,326,1,62.82,3,40.3,6.4,503,2
LA-INFR-04913,National Highway,Tamil Nadu,65.73,116,234,3,64.48,5,50.51,4.8,619,2
LA-INFR-04914,National Highway,Bihar,39.87,76,203,3,58.27,5,35.5,6.7,630,2
LA-INFR-04915,Metro Rail,Gujarat,11.96,43,174,1,81.31,1,66.43,7.3,194,1
LA-INFR-04916,National Highway,Maharashtra,101.06,179,166,0,75.68,4,70.63,5.6,376,2
LA-INFR-04917,Railway Corridor,Uttar Pradesh,44.62,85,212,0,65.94,3,55.27,6.0,353,2
LA-INFR-04918,Irrigation Dam,Maharashtra,418.65,653,363,3,74.47,22,0.0,1.0,1000,2
LA-INFR-04919,National Highway,Bihar,53.17,102,261,3,62.28,4,47.74,6.4,575,2
LA-INFR-04920,Metro Rail,Uttar Pradesh,11.67,36,243,0,83.89,0,67.48,9.3,112,1
LA-INFR-04921,Industrial Park,Odisha,232.78,371,204,2,40.02,9,7.42,4.8,988,2
LA-INFR-04922,Railway Corridor,Tamil Nadu,106.66,178,296,0,88.11,8,51.11,5.7,661,2
LA-INFR-04923,Irrigation Dam,Tamil Nadu,967.56,1472,483,2,79.32,15,28.48,2.0,1000,2
LA-INFR-04924,National Highway,Bihar,52.99,105,304,2,86.6,7,65.22,5.7,651,2
LA-INFR-04925,National Highway,Maharashtra,28.53,56,212,2,71.38,0,55.77,7.9,231,1
LA-INFR-04926,Railway Corridor,Bihar,325.38,506,255,2,43.02,13,9.0,4.6,1000,2
LA-INFR-04927,National Highway,Gujarat,46.74,89,258,2,73.23,1,66.66,8.0,300,2
LA-INFR-04928,Industrial Park,Odisha,295.42,463,310,1,57.32,14,4.59,1.0,1000,2
LA-INFR-04929,Metro Rail,Odisha,27.24,65,213,1,86.04,2,66.54,7.0,263,1
LA-INFR-04930,Railway Corridor,Odisha,51.36,89,181,2,84.01,3,63.04,7.0,367,2
LA-INFR-04931,National Highway,Maharashtra,51.89,92,286,0,58.89,6,30.67,5.6,611,2
LA-INFR-04932,Metro Rail,Uttar Pradesh,14.98,39,250,1,78.95,1,63.88,8.4,233,1
LA-INFR-04933,Railway Corridor,Maharashtra,153.79,244,174,3,63.24,7,26.85,4.7,781,2
LA-INFR-04934,Railway Corridor,Uttar Pradesh,179.66,290,265,2,53.26,9,19.96,4.4,942,2
LA-INFR-04935,Railway Corridor,Maharashtra,48.4,87,321,2,28.91,2,23.75,8.1,547,2
LA-INFR-04936,Metro Rail,Bihar,73.94,135,195,0,95.01,2,76.64,5.8,200,1
LA-INFR-04937,Railway Corridor,Tamil Nadu,187.19,303,185,2,78.09,4,59.77,5.4,504,2
LA-INFR-04938,Irrigation Dam,Odisha,163.0,264,351,1,37.03,10,8.95,5.9,1000,2
LA-INFR-04939,Irrigation Dam,West Bengal,283.79,448,384,2,23.47,17,0.0,1.0,1000,2
LA-INFR-04940,National Highway,Gujarat,49.86,92,226,1,47.37,5,24.3,6.8,604,2
LA-INFR-04941,Railway Corridor,Maharashtra,105.66,177,286,1,73.54,10,28.66,5.1,880,2
LA-INFR-04942,Irrigation Dam,Maharashtra,831.71,1260,363,2,50.53,17,0.0,1.0,1000,2
LA-INFR-04943,Railway Corridor,Tamil Nadu,193.13,311,280,2,78.18,11,44.17,2.7,983,2
LA-INFR-04944,Irrigation Dam,Uttar Pradesh,1032.14,1570,313,3,85.48,15,29.41,2.0,1000,2
LA-INFR-04945,Metro Rail,Uttar Pradesh,9.99,38,168,1,72.09,2,61.19,6.5,280,1
LA-INFR-04946,Industrial Park,Uttar Pradesh,61.68,117,212,2,82.01,2,68.64,7.6,324,2
LA-INFR-04947,Industrial Park,Uttar Pradesh,834.66,1276,162,2,83.9,14,37.05,2.9,1000,2
LA-INFR-04948,Irrigation Dam,Bihar,1175.01,1785,370,2,48.69,18,0.0,1.0,1000,2
LA-INFR-04949,Irrigation Dam,Bihar,337.87,525,249,3,48.02,16,0.0,1.6,1000,2
LA-INFR-04950,Railway Corridor,Bihar,93.8,162,207,2,32.7,6,4.01,6.2,776,2
LA-INFR-04951,National Highway,Tamil Nadu,19.75,47,215,0,75.59,2,62.21,8.4,251,1
LA-INFR-04952,Railway Corridor,Uttar Pradesh,112.61,182,177,0,78.52,6,52.79,6.9,516,2
LA-INFR-04953,Industrial Park,Uttar Pradesh,158.17,262,214,1,51.93,11,9.03,3.9,1000,2
LA-INFR-04954,Railway Corridor,Maharashtra,33.7,70,230,0,80.21,1,58.85,6.7,196,1
LA-INFR-04955,Industrial Park,Uttar Pradesh,193.76,318,293,2,71.78,8,41.83,4.6,828,2
LA-INFR-04956,Railway Corridor,West Bengal,168.21,269,177,2,51.82,11,19.76,4.3,1000,2
LA-INFR-04957,Industrial Park,West Bengal,1154.37,1756,247,2,84.57,13,28.27,3.9,1000,2
LA-INFR-04958,National Highway,Tamil Nadu,66.24,117,257,2,55.11,4,36.75,7.5,568,2
LA-INFR-04959,Industrial Park,Uttar Pradesh,433.49,669,228,0,83.56,13,25.03,2.6,1000,2
LA-INFR-04960,Railway Corridor,Tamil Nadu,93.83,159,205,1,60.72,8,33.9,5.0,748,2
LA-INFR-04961,National Highway,Tamil Nadu,97.85,160,173,1,78.1,8,52.21,5.3,671,2
LA-INFR-04962,National Highway,Bihar,136.0,219,324,2,69.95,9,35.47,5.9,887,2
LA-INFR-04963,Industrial Park,Bihar,700.89,1072,233,1,66.24,20,2.74,1.0,1000,2
LA-INFR-04964,Railway Corridor,Bihar,37.88,72,214,1,31.24,3,19.43,7.3,520,2
LA-INFR-04965,National Highway,Tamil Nadu,99.8,178,336,0,96.83,4,70.3,5.9,391,2
LA-INFR-04966,Metro Rail,West Bengal,30.33,71,241,2,58.46,4,39.94,7.6,537,2
LA-INFR-04967,Industrial Park,Maharashtra,140.08,228,357,2,73.43,3,56.95,6.8,508,2
LA-INFR-04968,Metro Rail,West Bengal,33.48,71,159,1,69.04,1,58.41,7.8,236,1
LA-INFR-04969,Railway Corridor,Maharashtra,138.99,230,218,3,78.92,11,39.89,2.8,979,2
LA-INFR-04970,Railway Corridor,Maharashtra,58.85,118,161,2,58.33,4,41.16,6.0,516,2
LA-INFR-04971,Irrigation Dam,Gujarat,818.76,1243,343,3,47.0,10,11.33,6.0,1000,2
LA-INFR-04972,Railway Corridor,Gujarat,99.85,175,223,1,82.11,7,49.69,5.8,627,2
LA-INFR-04973,Industrial Park,Maharashtra,69.94,123,207,1,82.96,3,68.16,7.0,343,2
LA-INFR-04974,National Highway,Bihar,12.6,38,232,2,79.27,2,67.5,8.6,320,2
LA-INFR-04975,Railway Corridor,Maharashtra,222.93,350,209,0,75.21,9,41.57,5.9,775,2
LA-INFR-04976,National Highway,Bihar,57.19,102,224,1,48.29,1,36.31,7.6,349,2
LA-INFR-04977,National Highway,Odisha,23.78,56,192,1,80.79,3,58.06,6.0,336,2
LA-INFR-04978,National Highway,Gujarat,81.31,140,302,3,54.17,6,34.13,5.4,758,2
LA-INFR-04979,National Highway,Tamil Nadu,91.08,169,174,2,84.99,2,66.03,6.8,318,2
LA-INFR-04980,Metro Rail,Uttar Pradesh,10.28,37,240,1,49.52,1,39.88,7.7,330,2
LA-INFR-04981,National Highway,Tamil Nadu,35.3,75,170,1,86.88,1,67.42,7.9,186,1
LA-INFR-04982,Industrial Park,Uttar Pradesh,376.26,580,188,2,60.0,9,29.21,6.9,961,2
LA-INFR-04983,Irrigation Dam,Gujarat,617.15,942,313,2,85.48,11,37.74,2.6,1000,2
LA-INFR-04984,Railway Corridor,Odisha,61.49,106,223,2,57.26,7,24.08,3.9,742,2
LA-INFR-04985,National Highway,Tamil Nadu,46.17,92,238,2,45.84,5,21.31,5.4,656,2
LA-INFR-04986,Industrial Park,Uttar Pradesh,440.28,673,174,2,66.77,12,26.24,1.0,1000,2
LA-INFR-04987,Industrial Park,Uttar Pradesh,200.07,317,209,0,73.24,3,55.83,4.9,394,2
LA-INFR-04988,Industrial Park,Maharashtra,614.41,947,180,1,74.85,15,19.19,1.0,1000,2
LA-INFR-04989,Irrigation Dam,Odisha,200.8,314,298,3,74.55,8,51.36,5.9,852,2
LA-INFR-04990,Metro Rail,Bihar,9.36,36,286,2,61.19,5,42.68,4.6,596,2
LA-INFR-04991,Railway Corridor,Uttar Pradesh,162.43,263,160,1,62.89,9,19.64,2.7,830,2
LA-INFR-04992,National Highway,Bihar,26.27,64,233,1,50.46,1,38.04,6.8,334,2
LA-INFR-04993,Industrial Park,Odisha,113.02,186,314,1,84.0,3,56.71,7.2,414,2
LA-INFR-04994,National Highway,Maharashtra,95.2,163,290,3,56.53,5,33.49,5.5,694,2
LA-INFR-04995,Irrigation Dam,Odisha,1296.92,1964,371,3,50.96,13,12.05,2.5,1000,2
LA-INFR-04996,National Highway,Odisha,21.75,60,229,0,81.71,1,71.79,7.0,173,1
LA-INFR-04997,National Highway,Gujarat,13.16,35,266,0,70.1,3,52.92,5.5,353,2
LA-INFR-04998,Irrigation Dam,Uttar Pradesh,285.0,457,368,3,78.55,11,35.33,2.7,1000,2
LA-INFR-04999,Railway Corridor,Uttar Pradesh,38.91,88,301,3,58.56,2,48.3,6.4,475,2
